{"type":"FeatureCollection","metadata":{"state":"Gujarat","districts":26,"source":"https://raw.githubusercontent.com/datameet/maps/master/Districts/Census_2011/2011_Dist.shp","licence":"CC BY 4.0","attribution":"District boundaries by DataMeet India community (CC BY 4.0) \u2014 https://github.com/datameet/maps","simplify_tolerance_deg":0.001,"coordinate_precision":4,"note":"Built offline by scripts/build_basemap.py. Committed so the demo needs no network."},"bbox":[68.1862,20.1209,74.4766,24.7085],"features":[{"type":"Feature","properties":{"district":"Ahmadabad","state":"Gujarat","censuscode":474},"geometry":{"type":"MultiPolygon","coordinates":[[[[72.0346,23.5053],[72.0304,23.485],[72.0258,23.4775],[72.0325,23.4711],[72.0345,23.4601],[72.0366,23.4575],[72.0452,23.4564],[72.0485,23.4529],[72.053,23.4436],[72.0983,23.4588],[72.1081,23.4498],[72.125,23.4516],[72.167,23.4406],[72.1716,23.4373],[72.1754,23.4228],[72.1805,23.4165],[72.1876,23.4126],[72.1912,23.417],[72.2055,23.4201],[72.2091,23.4227],[72.2099,23.4309],[72.2153,23.4342],[72.221,23.4348],[72.2252,23.4324],[72.2296,23.4258],[72.2348,23.4233],[72.2384,23.4259],[72.2381,23.4331],[72.2448,23.4387],[72.2472,23.4502],[72.2565,23.4588],[72.2623,23.4601],[72.2717,23.4466],[72.2761,23.4432],[72.2821,23.4427],[72.2845,23.4387],[72.2808,23.4279],[72.2983,23.4134],[72.2876,23.3919],[72.2755,23.3832],[72.2719,23.3752],[72.2612,23.3697],[72.2655,23.3512],[72.2642,23.346],[72.2479,23.3325],[72.2478,23.3291],[72.2434,23.3246],[72.2402,23.3229],[72.231,23.3225],[72.2254,23.3196],[72.2188,23.31],[72.2101,23.3099],[72.2081,23.3082],[72.1988,23.2887],[72.1985,23.2767],[72.1883,23.2778],[72.1829,23.2771],[72.1784,23.2741],[72.1754,23.262],[72.1762,23.2578],[72.1834,23.2453],[72.1818,23.238],[72.1844,23.2271],[72.1844,23.215],[72.1696,23.1951],[72.1693,23.1909],[72.1732,23.177],[72.1805,23.1703],[72.1831,23.1656],[72.1872,23.1436],[72.1843,23.1415],[72.1654,23.1394],[72.1631,23.1373],[72.1648,23.1319],[72.1629,23.1191],[72.1608,23.1146],[72.1564,23.1131],[72.1568,23.1092],[72.163,23.1034],[72.1897,23.1046],[72.197,23.1163],[72.222,23.1218],[72.2384,23.1172],[72.2471,23.1094],[72.2598,23.1042],[72.2615,23.0987],[72.2597,23.0873],[72.2633,23.0849],[72.2799,23.0814],[72.2831,23.0794],[72.2857,23.0744],[72.284,23.0629],[72.2856,23.0543],[72.2938,23.0401],[72.3031,23.042],[72.3205,23.0545],[72.3243,23.0613],[72.3226,23.0671],[72.306,23.0852],[72.3087,23.0946],[72.3157,23.1017],[72.3263,23.106],[72.3361,23.1073],[72.3434,23.1012],[72.3513,23.0895],[72.3556,23.0867],[72.3626,23.0869],[72.369,23.0894],[72.3744,23.0829],[72.3824,23.0772],[72.381,23.0665],[72.3822,23.0611],[72.3884,23.0521],[72.3991,23.0552],[72.402,23.0583],[72.4021,23.0628],[72.4058,23.0672],[72.4153,23.064],[72.4276,23.065],[72.4323,23.0562],[72.43,23.0483],[72.4319,23.0441],[72.4374,23.0432],[72.4462,23.0445],[72.449,23.0589],[72.4535,23.0604],[72.4679,23.0598],[72.4726,23.064],[72.4729,23.0708],[72.461,23.0781],[72.459,23.0819],[72.4779,23.0855],[72.4832,23.0963],[72.4987,23.099],[72.5005,23.1067],[72.4856,23.1341],[72.488,23.1444],[72.5039,23.1433],[72.5064,23.1546],[72.5104,23.1567],[72.5267,23.1472],[72.5289,23.1473],[72.5358,23.154],[72.537,23.1589],[72.536,23.1639],[72.5401,23.1643],[72.5473,23.1625],[72.5421,23.1449],[72.5418,23.1328],[72.5452,23.1315],[72.5517,23.1345],[72.5583,23.1351],[72.5654,23.1328],[72.568,23.1266],[72.564,23.1094],[72.5735,23.1075],[72.5906,23.0974],[72.5981,23.0948],[72.5998,23.0891],[72.6047,23.0887],[72.6096,23.0911],[72.633,23.0905],[72.652,23.0974],[72.6623,23.0947],[72.6711,23.0949],[72.6725,23.1006],[72.676,23.1047],[72.6828,23.1032],[72.6864,23.0997],[72.6909,23.1005],[72.7016,23.1098],[72.708,23.1096],[72.7129,23.1064],[72.7175,23.0975],[72.7205,23.0954],[72.7352,23.0982],[72.7409,23.0969],[72.7445,23.0928],[72.7495,23.0912],[72.7646,23.0932],[72.7766,23.0856],[72.7796,23.0811],[72.7791,23.0758],[72.766,23.0624],[72.7671,23.0589],[72.7927,23.0565],[72.7971,23.0534],[72.7979,23.0427],[72.8028,23.0391],[72.8104,23.0372],[72.8145,23.0344],[72.8108,23.0267],[72.8125,23.0221],[72.8235,23.0194],[72.828,23.0164],[72.8228,23.0123],[72.8244,23.0088],[72.8408,22.993],[72.8356,22.9883],[72.8329,22.9818],[72.8425,22.9801],[72.8433,22.9652],[72.8291,22.9537],[72.8272,22.9559],[72.8205,22.9522],[72.8108,22.942],[72.8085,22.9336],[72.801,22.9307],[72.8012,22.9229],[72.7997,22.9186],[72.7948,22.9161],[72.7919,22.9117],[72.7915,22.9078],[72.7814,22.9065],[72.7733,22.909],[72.7669,22.9079],[72.7635,22.9045],[72.7597,22.904],[72.7557,22.9086],[72.7523,22.9092],[72.7465,22.9071],[72.7329,22.9133],[72.7261,22.9121],[72.7164,22.9031],[72.7043,22.8846],[72.6928,22.8796],[72.6776,22.8808],[72.6725,22.8847],[72.6669,22.8942],[72.6591,22.8944],[72.6503,22.8971],[72.6404,22.8923],[72.6327,22.8828],[72.6237,22.8838],[72.6151,22.8869],[72.6084,22.8852],[72.6075,22.8778],[72.6008,22.8671],[72.6091,22.8601],[72.6085,22.8532],[72.6037,22.8388],[72.6095,22.8262],[72.6096,22.8146],[72.6031,22.8161],[72.5978,22.8253],[72.5889,22.824],[72.5823,22.821],[72.5717,22.8247],[72.5516,22.8121],[72.5503,22.8066],[72.5388,22.8043],[72.5236,22.7976],[72.5223,22.7882],[72.5196,22.7839],[72.5204,22.7803],[72.5345,22.768],[72.53,22.7656],[72.5281,22.7604],[72.5241,22.7567],[72.5244,22.753],[72.5311,22.7515],[72.5325,22.7467],[72.5311,22.7392],[72.5282,22.7353],[72.5279,22.729],[72.5387,22.7156],[72.5396,22.7106],[72.5239,22.7106],[72.5189,22.7042],[72.5192,22.701],[72.5243,22.6973],[72.539,22.6931],[72.5428,22.6887],[72.5389,22.6854],[72.531,22.6822],[72.5318,22.6768],[72.5497,22.6716],[72.5497,22.6645],[72.544,22.6547],[72.5365,22.6488],[72.5336,22.644],[72.5369,22.6256],[72.5153,22.6323],[72.5098,22.63],[72.5074,22.6245],[72.5083,22.6148],[72.5049,22.6082],[72.493,22.6016],[72.4702,22.5794],[72.4422,22.5652],[72.4286,22.5742],[72.4261,22.5718],[72.4249,22.5606],[72.4391,22.5333],[72.4379,22.515],[72.4404,22.5044],[72.4381,22.4998],[72.4227,22.4818],[72.416,22.4763],[72.4094,22.4741],[72.4074,22.4793],[72.3772,22.4718],[72.3779,22.4578],[72.3755,22.4518],[72.3687,22.4505],[72.3633,22.4529],[72.3604,22.4497],[72.3571,22.4396],[72.3713,22.4434],[72.3676,22.4062],[72.3418,22.3854],[72.3474,22.3786],[72.3618,22.3754],[72.361,22.3715],[72.3654,22.3735],[72.3729,22.3738],[72.3857,22.371],[72.3885,22.3663],[72.3943,22.3632],[72.3981,22.3546],[72.3936,22.3446],[72.3893,22.344],[72.3838,22.3407],[72.3749,22.3288],[72.3726,22.3213],[72.3729,22.3147],[72.3619,22.2944],[72.3604,22.2682],[72.3588,22.2676],[72.3576,22.2712],[72.356,22.2701],[72.3568,22.2632],[72.3596,22.261],[72.3585,22.2521],[72.3414,22.2235],[72.334,22.1998],[72.3331,22.1927],[72.3392,22.1747],[72.3492,22.1573],[72.3565,22.1484],[72.3557,22.1465],[72.3529,22.1465],[72.3526,22.1479],[72.3504,22.1465],[72.3524,22.1365],[72.3499,22.1324],[72.3499,22.1265],[72.3412,22.1246],[72.3426,22.1332],[72.3396,22.1388],[72.3349,22.1388],[72.334,22.141],[72.3238,22.1471],[72.3199,22.1463],[72.3182,22.1479],[72.3162,22.1465],[72.316,22.1596],[72.3196,22.1718],[72.3176,22.1807],[72.3157,22.1851],[72.3082,22.1888],[72.3035,22.1932],[72.2999,22.1926],[72.2976,22.2013],[72.2943,22.2024],[72.2971,22.1987],[72.2968,22.1913],[72.3001,22.186],[72.3029,22.1829],[72.3082,22.1843],[72.3126,22.1807],[72.3135,22.1715],[72.3115,22.1701],[72.3124,22.1671],[72.3107,22.1635],[72.3096,22.1488],[72.3135,22.1371],[72.3235,22.1315],[72.3235,22.1299],[72.3201,22.1288],[72.3218,22.1274],[72.3207,22.126],[72.3215,22.1235],[72.3232,22.1226],[72.3176,22.1157],[72.3143,22.116],[72.3113,22.1115],[72.3118,22.1051],[72.3151,22.1024],[72.3154,22.0996],[72.3129,22.0965],[72.3065,22.0774],[72.3057,22.0651],[72.2999,22.0476],[72.2957,22.0274],[72.2768,22.0001],[72.2703,21.9867],[72.2665,21.9719],[72.2601,21.9729],[72.261,21.9821],[72.2551,21.9824],[72.2518,21.9874],[72.2532,22.0013],[72.256,22.0088],[72.2601,22.0138],[72.2607,22.0193],[72.2551,22.0279],[72.2485,22.0296],[72.2451,22.0329],[72.2415,22.0496],[72.249,22.0557],[72.2682,22.0635],[72.2865,22.0743],[72.2921,22.0682],[72.294,22.0632],[72.2979,22.0635],[72.304,22.0721],[72.304,22.0768],[72.2952,22.0807],[72.2954,22.0818],[72.2982,22.0815],[72.2988,22.0846],[72.3026,22.089],[72.3032,22.0954],[72.3007,22.0985],[72.3018,22.1068],[72.3001,22.1088],[72.2949,22.1029],[72.2865,22.0996],[72.286,22.096],[72.2871,22.0954],[72.2849,22.0926],[72.2829,22.0938],[72.281,22.0915],[72.2774,22.0907],[72.2768,22.0982],[72.2743,22.1004],[72.2693,22.1007],[72.2676,22.1068],[72.2654,22.1054],[72.266,22.1015],[72.2749,22.0974],[72.2743,22.0918],[72.2782,22.0804],[72.2651,22.0746],[72.2549,22.0657],[72.2379,22.0593],[72.2332,22.0538],[72.2299,22.0424],[72.2337,22.0238],[72.2326,22.0176],[72.2232,22.021],[72.2165,22.0118],[72.2096,22.0104],[72.196,22.0226],[72.186,22.0196],[72.1846,22.0226],[72.1854,22.0271],[72.1843,22.0271],[72.1821,22.0351],[72.1782,22.0363],[72.1771,22.0393],[72.1724,22.0415],[72.1771,22.0354],[72.181,22.0332],[72.1818,22.024],[72.1799,22.019],[72.1857,22.0154],[72.1971,22.0168],[72.1985,22.0146],[72.1974,22.0082],[72.2004,22.0043],[72.2074,22.0029],[72.2099,21.9996],[72.2137,21.999],[72.2162,21.9996],[72.2243,22.0068],[72.2282,22.0085],[72.231,22.0076],[72.231,22.0029],[72.2251,22.0056],[72.2256,21.9975],[72.229,21.9934],[72.2274,21.9885],[72.2202,21.9843],[72.2157,21.9835],[72.2,21.9853],[72.1691,21.9971],[72.1629,22.0078],[72.1389,22.04],[72.1322,22.0521],[72.1248,22.0575],[72.0875,22.0572],[72.0771,22.0608],[72.0584,22.0954],[72.0602,22.1053],[72.0545,22.1051],[72.0319,22.1236],[72.021,22.1045],[72.0191,22.1036],[72.0026,22.1054],[71.9813,22.1048],[71.9616,22.1082],[71.9526,22.1103],[71.9397,22.1169],[71.9062,22.1248],[71.9014,22.1053],[71.8972,22.1032],[71.8691,22.0972],[71.8506,22.0954],[71.8494,22.1092],[71.8458,22.1102],[71.8448,22.1131],[71.8366,22.1148],[71.8407,22.131],[71.8112,22.1384],[71.7999,22.131],[71.7745,22.1372],[71.7582,22.1331],[71.7535,22.1447],[71.7454,22.1454],[71.7399,22.1495],[71.7372,22.1566],[71.7358,22.1761],[71.734,22.182],[71.7258,22.1815],[71.7214,22.1834],[71.717,22.1902],[71.7084,22.1829],[71.6922,22.2002],[71.6742,22.1992],[71.6624,22.2084],[71.6563,22.2162],[71.6491,22.2097],[71.6343,22.2022],[71.6279,22.2054],[71.6233,22.2109],[71.6209,22.2187],[71.6218,22.2276],[71.626,22.2309],[71.6389,22.2365],[71.646,22.242],[71.6494,22.247],[71.6455,22.2498],[71.6393,22.261],[71.6342,22.2752],[71.6175,22.279],[71.6157,22.2925],[71.6094,22.3025],[71.6114,22.3209],[71.6106,22.3302],[71.6073,22.3382],[71.6223,22.3443],[71.6197,22.3632],[71.6199,22.3805],[71.6288,22.3809],[71.6331,22.3844],[71.6429,22.3994],[71.6552,22.3922],[71.6647,22.382],[71.6812,22.3868],[71.6852,22.3902],[71.7028,22.3962],[71.7082,22.3899],[71.7113,22.383],[71.7156,22.38],[71.7256,22.3809],[71.7293,22.379],[71.7317,22.3638],[71.7341,22.3607],[71.7833,22.3613],[71.7798,22.3854],[71.7807,22.388],[71.7881,22.3943],[71.794,22.3921],[71.8271,22.393],[71.8232,22.3606],[71.8318,22.3558],[71.8366,22.3585],[71.8407,22.365],[71.8536,22.3705],[71.8507,22.3893],[71.8579,22.3976],[71.8629,22.3993],[71.8653,22.4033],[71.8746,22.4065],[71.8804,22.412],[71.8823,22.4175],[71.8906,22.4189],[71.9022,22.4064],[71.908,22.3918],[71.9096,22.3801],[71.9123,22.3769],[71.9157,22.3821],[71.9271,22.3783],[71.9335,22.3808],[71.9333,22.3891],[71.9311,22.4064],[71.9278,22.414],[71.9293,22.421],[71.9241,22.4319],[71.923,22.4494],[71.9283,22.4571],[71.937,22.4619],[71.9541,22.4649],[71.9612,22.4694],[71.9584,22.4728],[71.9573,22.4895],[71.9499,22.4894],[71.9321,22.4856],[71.9268,22.4773],[71.908,22.4801],[71.9068,22.483],[71.9107,22.498],[71.9197,22.4993],[71.9192,22.5055],[71.9144,22.5032],[71.9087,22.5172],[71.9216,22.5212],[71.9229,22.5263],[71.9342,22.5376],[71.9459,22.5397],[71.9565,22.5344],[71.9647,22.533],[71.9693,22.5282],[71.9662,22.5192],[71.9668,22.5092],[71.9748,22.5084],[71.9782,22.5062],[71.999,22.5077],[72.0103,22.5124],[72.0223,22.5112],[72.0311,22.5064],[72.0353,22.4908],[72.0391,22.4831],[72.0447,22.4759],[72.0496,22.4743],[72.0508,22.4725],[72.0503,22.4444],[72.0538,22.4423],[72.0779,22.4372],[72.0844,22.4372],[72.1084,22.4507],[72.12,22.4629],[72.1479,22.4763],[72.1612,22.4795],[72.1545,22.489],[72.1465,22.4955],[72.15,22.5006],[72.1428,22.5142],[72.1493,22.5209],[72.1631,22.5309],[72.1869,22.5417],[72.186,22.55],[72.1688,22.5696],[72.1422,22.5871],[72.1163,22.5988],[72.1016,22.601],[72.0961,22.6052],[72.0705,22.5947],[72.0651,22.5939],[72.062,22.608],[72.0611,22.6508],[72.0561,22.6572],[72.0362,22.6704],[72.0268,22.6792],[72.0563,22.6936],[72.066,22.6763],[72.0898,22.6756],[72.0992,22.6917],[72.1064,22.7205],[72.1025,22.7236],[72.0792,22.7291],[72.0716,22.7325],[72.0569,22.7474],[72.0547,22.7513],[72.0602,22.7547],[72.0597,22.7569],[72.0537,22.7585],[72.0533,22.7684],[72.046,22.7681],[72.0502,22.7829],[72.0375,22.7904],[72.0363,22.794],[72.0409,22.8079],[72.044,22.8106],[72.0384,22.8164],[72.0377,22.8327],[72.0351,22.8426],[72.031,22.8172],[72.0317,22.8011],[72.0238,22.7908],[72.0162,22.7935],[71.998,22.8316],[71.9921,22.8346],[71.9897,22.8387],[71.9834,22.8555],[71.9834,22.8697],[71.9851,22.8792],[71.9981,22.9055],[72.0011,22.9056],[72.0006,22.9175],[72.0028,22.9234],[71.9891,22.9334],[71.9874,22.9412],[71.9894,22.9493],[71.993,22.9547],[71.9981,22.9572],[72.0086,22.9708],[72.0202,22.9921],[72.0111,22.9943],[72.0089,22.9991],[72.0085,23.0065],[72.018,23.0193],[72.0139,23.03],[72.0161,23.0343],[72.0158,23.0562],[72.0128,23.0593],[71.9997,23.0659],[71.9894,23.0687],[71.9813,23.0687],[71.9664,23.0575],[71.9579,23.0483],[71.9578,23.043],[71.9618,23.0391],[71.9496,23.0396],[71.947,23.0424],[71.9491,23.0502],[71.9522,23.0548],[71.9485,23.0663],[71.9447,23.0696],[71.9314,23.0671],[71.919,23.0748],[71.9149,23.0793],[71.9112,23.0904],[71.9008,23.1105],[71.9045,23.1152],[71.9062,23.1208],[71.9036,23.1383],[71.9041,23.1459],[71.9067,23.1508],[71.91,23.1672],[71.91,23.1809],[71.9137,23.1837],[71.9277,23.1865],[71.9375,23.1977],[71.9519,23.2076],[71.9618,23.2082],[71.973,23.2144],[71.9903,23.2157],[71.999,23.2494],[71.9963,23.2532],[71.9905,23.2556],[71.9734,23.2544],[71.961,23.2463],[71.9475,23.2421],[71.9427,23.2452],[71.9394,23.2566],[71.9334,23.2671],[71.928,23.2695],[71.908,23.265],[71.9046,23.2544],[71.902,23.2303],[71.8999,23.2255],[71.8764,23.2242],[71.8747,23.2275],[71.8764,23.2464],[71.8824,23.258],[71.8749,23.2786],[71.8768,23.2898],[71.8792,23.2955],[71.8827,23.2979],[71.886,23.3069],[71.8801,23.3156],[71.8855,23.3302],[71.8955,23.3329],[71.8933,23.344],[71.8867,23.3543],[71.8857,23.3607],[71.8761,23.3709],[71.8738,23.376],[71.8744,23.3835],[71.8787,23.3881],[71.8865,23.3912],[71.8931,23.3918],[71.8998,23.3862],[71.9073,23.3854],[71.9322,23.3931],[71.9534,23.3918],[71.9592,23.3934],[71.9668,23.4049],[71.9714,23.423],[71.9719,23.4307],[71.9677,23.4595],[71.9694,23.4669],[71.974,23.4734],[71.9901,23.4825],[71.9974,23.491],[71.9997,23.5037],[72.0061,23.5023],[72.0324,23.5082],[72.0346,23.5053]]],[[[72.214,22.0054],[72.2126,22.0029],[72.216,22.0038],[72.216,22.0021],[72.2135,22.0013],[72.2104,22.0032],[72.214,22.0054]]]]}},{"type":"Feature","properties":{"district":"Amreli","state":"Gujarat","censuscode":480},"geometry":{"type":"MultiPolygon","coordinates":[[[[71.3498,21.9824],[71.3673,21.9822],[71.3797,21.9852],[71.3891,21.9814],[71.3922,21.9781],[71.3909,21.9747],[71.3915,21.963],[71.3978,21.9539],[71.4095,21.9473],[71.4193,21.9441],[71.4381,21.9491],[71.445,21.9488],[71.4488,21.9405],[71.4518,21.9375],[71.4552,21.9381],[71.4615,21.9301],[71.4641,21.924],[71.4584,21.9047],[71.458,21.8939],[71.4525,21.8944],[71.4437,21.9055],[71.436,21.9047],[71.4292,21.9068],[71.4194,21.907],[71.4168,21.9012],[71.4209,21.8886],[71.4165,21.8853],[71.4176,21.8773],[71.4227,21.88],[71.4247,21.8796],[71.428,21.8753],[71.4321,21.8751],[71.4388,21.8705],[71.4472,21.8718],[71.4524,21.8654],[71.4485,21.859],[71.4467,21.8515],[71.4572,21.8417],[71.4578,21.8314],[71.4561,21.8239],[71.4685,21.7987],[71.4914,21.8018],[71.4956,21.7996],[71.5102,21.7884],[71.5097,21.7811],[71.5336,21.7728],[71.5391,21.7693],[71.547,21.7555],[71.5629,21.7394],[71.5864,21.7338],[71.5969,21.7261],[71.5996,21.7214],[71.5968,21.7178],[71.5969,21.7099],[71.5906,21.7035],[71.5903,21.6991],[71.5931,21.6931],[71.5875,21.6892],[71.5859,21.6732],[71.5887,21.659],[71.6013,21.6537],[71.6168,21.644],[71.6197,21.6442],[71.6215,21.6356],[71.6206,21.6291],[71.5919,21.6271],[71.5832,21.6315],[71.5777,21.632],[71.5573,21.6242],[71.5517,21.6154],[71.5526,21.5897],[71.5556,21.5858],[71.5556,21.5826],[71.5464,21.5602],[71.5434,21.5562],[71.5372,21.5529],[71.5242,21.5489],[71.509,21.5474],[71.4994,21.5429],[71.4883,21.513],[71.4837,21.4897],[71.4781,21.4833],[71.48,21.4755],[71.4882,21.4664],[71.4995,21.4603],[71.5239,21.4598],[71.5311,21.4419],[71.5411,21.4415],[71.5616,21.4438],[71.5812,21.4423],[71.5902,21.4433],[71.5992,21.4426],[71.6119,21.4377],[71.6137,21.4219],[71.61,21.404],[71.6136,21.4017],[71.6156,21.3876],[71.6301,21.3866],[71.6289,21.3773],[71.6257,21.3701],[71.6283,21.3642],[71.627,21.3439],[71.6287,21.3363],[71.6229,21.3285],[71.6151,21.322],[71.5986,21.3147],[71.5902,21.3141],[71.5846,21.3109],[71.5746,21.302],[71.5729,21.2947],[71.5688,21.2867],[71.562,21.2839],[71.5524,21.2841],[71.5386,21.2886],[71.5323,21.2868],[71.5289,21.2759],[71.5318,21.2636],[71.5266,21.2592],[71.5236,21.2472],[71.526,21.2306],[71.5201,21.219],[71.5269,21.1929],[71.5222,21.1884],[71.5225,21.1842],[71.519,21.1819],[71.5182,21.1749],[71.5371,21.1725],[71.5415,21.1764],[71.5502,21.1705],[71.5582,21.1577],[71.5724,21.1544],[71.5801,21.1477],[71.5848,21.1451],[71.589,21.1449],[71.5983,21.1329],[71.6045,21.1318],[71.6064,21.124],[71.6111,21.1214],[71.6165,21.1124],[71.6197,21.1124],[71.6248,21.1076],[71.6299,21.0894],[71.6289,21.0725],[71.6257,21.0698],[71.6197,21.0711],[71.6096,21.0685],[71.6106,21.0548],[71.6133,21.0547],[71.6183,21.0591],[71.6299,21.061],[71.6372,21.0574],[71.638,21.039],[71.6399,21.0317],[71.6486,21.0289],[71.663,21.0298],[71.6661,21.0278],[71.6791,20.9974],[71.6751,20.9968],[71.6713,20.999],[71.6638,20.9993],[71.6476,20.9954],[71.6385,20.9899],[71.636,20.9785],[71.6387,20.976],[71.6365,20.9735],[71.6221,20.9676],[71.6204,20.9699],[71.616,20.9685],[71.6169,20.9719],[71.6123,20.9727],[71.6118,20.9674],[71.6068,20.9649],[71.5999,20.9646],[71.599,20.9671],[71.5974,20.9674],[71.5926,20.9607],[71.581,20.959],[71.5788,20.9571],[71.5796,20.954],[71.5685,20.954],[71.5651,20.9496],[71.5457,20.9507],[71.534,20.9432],[71.5301,20.9432],[71.5235,20.9465],[71.5226,20.949],[71.5149,20.9482],[71.509,20.9432],[71.5085,20.9415],[71.5113,20.9385],[71.5065,20.9318],[71.5113,20.9268],[71.511,20.9237],[71.5154,20.9249],[71.516,20.9224],[71.5082,20.9162],[71.4932,20.9179],[71.4882,20.9149],[71.4885,20.9121],[71.4851,20.9107],[71.4951,20.9076],[71.4843,20.9076],[71.4824,20.9063],[71.4824,20.9001],[71.4782,20.896],[71.4771,20.8899],[71.4721,20.8888],[71.4679,20.8849],[71.4651,20.8849],[71.4626,20.881],[71.4485,20.8815],[71.4479,20.8771],[71.4443,20.8762],[71.4396,20.8693],[71.4307,20.8674],[71.4235,20.8679],[71.4207,20.866],[71.4218,20.8685],[71.4199,20.8679],[71.4196,20.869],[71.4129,20.8668],[71.4046,20.8685],[71.4001,20.8654],[71.396,20.8651],[71.3951,20.8671],[71.3882,20.8665],[71.3868,20.8635],[71.386,20.8654],[71.391,20.8693],[71.389,20.874],[71.3851,20.876],[71.3779,20.874],[71.3757,20.8707],[71.3774,20.8674],[71.3815,20.8649],[71.3818,20.8599],[71.3879,20.8604],[71.3846,20.859],[71.3846,20.8571],[71.3762,20.8563],[71.3665,20.8521],[71.3518,20.8513],[71.3487,20.8499],[71.3449,20.8513],[71.3418,20.8504],[71.3407,20.8485],[71.3226,20.8463],[71.3049,20.8385],[71.301,20.8351],[71.2963,20.8354],[71.2937,20.8335],[71.2918,20.8288],[71.2888,20.8293],[71.2826,20.8265],[71.2801,20.8282],[71.2726,20.8226],[71.2651,20.821],[71.2579,20.8157],[71.246,20.8115],[71.2388,20.8115],[71.2326,20.804],[71.2107,20.8026],[71.2078,20.8001],[71.212,20.8076],[71.222,20.8133],[71.2244,20.818],[71.2232,20.8239],[71.2176,20.8343],[71.2152,20.8432],[71.2159,20.8497],[71.206,20.8733],[71.1903,20.8744],[71.1862,20.8765],[71.1833,20.8817],[71.1808,20.8886],[71.1949,20.9002],[71.1818,20.9154],[71.1807,20.9196],[71.1896,20.9249],[71.1966,20.9228],[71.2057,20.9247],[71.2239,20.9571],[71.1974,20.9786],[71.1861,20.9646],[71.1763,20.9667],[71.1588,20.957],[71.1424,20.951],[71.1265,20.9637],[71.1258,20.9686],[71.1282,20.9819],[71.1326,20.9867],[71.1353,20.9932],[71.1327,21.0005],[71.1334,21.0097],[71.1416,21.0252],[71.1477,21.0318],[71.1394,21.0444],[71.1317,21.0703],[71.1257,21.0767],[71.1118,21.078],[71.0988,21.0871],[71.0939,21.0936],[71.0926,21.0979],[71.0762,21.1155],[71.0423,21.1334],[71.0336,21.1419],[71.021,21.1493],[71.0042,21.1684],[71.0,21.17],[70.9875,21.172],[70.9736,21.1651],[70.9504,21.1696],[70.9277,21.1776],[70.8921,21.1865],[70.8843,21.1833],[70.8726,21.1712],[70.8615,21.1715],[70.8544,21.1672],[70.8507,21.1801],[70.8313,21.1898],[70.824,21.1965],[70.8208,21.2105],[70.8096,21.2216],[70.8037,21.2317],[70.8048,21.2442],[70.8093,21.2493],[70.8212,21.2532],[70.8248,21.256],[70.8256,21.262],[70.8537,21.2636],[70.8596,21.2669],[70.8648,21.2629],[70.8721,21.2629],[70.8913,21.2689],[70.8938,21.28],[70.9071,21.2984],[70.9243,21.3019],[70.9416,21.3115],[70.9418,21.3188],[70.9371,21.3231],[70.9291,21.3413],[70.9237,21.3463],[70.9205,21.3462],[70.9151,21.3372],[70.8998,21.3257],[70.8824,21.3174],[70.8754,21.3192],[70.8659,21.3151],[70.8683,21.3237],[70.8672,21.3319],[70.869,21.3341],[70.873,21.3346],[70.8733,21.3377],[70.8692,21.3643],[70.8693,21.3744],[70.8806,21.3755],[70.8869,21.3894],[70.8919,21.3947],[70.8954,21.396],[70.9025,21.3979],[70.9062,21.3866],[70.9138,21.3846],[70.9297,21.3917],[70.9397,21.3935],[70.9479,21.397],[70.9446,21.4047],[70.9455,21.4213],[70.9307,21.4271],[70.9292,21.429],[70.9269,21.4531],[70.9236,21.462],[70.9124,21.4642],[70.904,21.461],[70.8947,21.4524],[70.8864,21.4414],[70.8744,21.4579],[70.8673,21.4649],[70.8317,21.4563],[70.8293,21.4583],[70.828,21.464],[70.8315,21.4921],[70.8099,21.4905],[70.807,21.4953],[70.8043,21.5137],[70.8149,21.5136],[70.8264,21.5092],[70.8391,21.5094],[70.8453,21.5115],[70.8504,21.5314],[70.8634,21.5319],[70.8688,21.5264],[70.8756,21.5281],[70.8875,21.5272],[70.8914,21.5291],[70.8936,21.5348],[70.8925,21.5424],[70.8903,21.5496],[70.8849,21.5487],[70.8825,21.5526],[70.8797,21.5752],[70.8752,21.5763],[70.8618,21.6007],[70.8423,21.617],[70.8285,21.6335],[70.8157,21.6423],[70.8119,21.6396],[70.8081,21.6425],[70.7932,21.6652],[70.7959,21.6702],[70.7947,21.6753],[70.7981,21.6987],[70.8002,21.7043],[70.8081,21.7082],[70.8073,21.7105],[70.8011,21.7127],[70.7948,21.7113],[70.7936,21.708],[70.788,21.7079],[70.7786,21.6999],[70.7691,21.7087],[70.7844,21.7202],[70.7787,21.7284],[70.7798,21.7307],[70.7951,21.7375],[70.8022,21.738],[70.8129,21.7326],[70.8214,21.7322],[70.8145,21.7415],[70.8186,21.7429],[70.8361,21.7419],[70.8471,21.7377],[70.8543,21.7368],[70.8693,21.7402],[70.8742,21.7389],[70.8783,21.7352],[70.8852,21.7346],[70.8889,21.7388],[70.8876,21.7445],[70.8938,21.7564],[70.8939,21.7637],[70.8996,21.7664],[70.9097,21.7665],[70.9188,21.7624],[70.9259,21.7553],[70.9299,21.7489],[70.9348,21.7452],[70.9554,21.7446],[70.9646,21.75],[70.9726,21.7345],[70.9771,21.7298],[70.984,21.7255],[70.9882,21.7263],[70.9916,21.7313],[70.9945,21.7324],[71.0,21.7318],[71.0154,21.7363],[71.022,21.7358],[71.0278,21.7378],[71.0367,21.7479],[71.0468,21.756],[71.0424,21.7683],[71.0514,21.7875],[71.0423,21.8035],[71.0424,21.8093],[71.047,21.8231],[71.0742,21.8259],[71.0833,21.8228],[71.089,21.8286],[71.0916,21.8386],[71.1039,21.8432],[71.1089,21.8532],[71.1036,21.8697],[71.094,21.8685],[71.0809,21.8625],[71.059,21.8488],[71.0513,21.8515],[71.0345,21.8647],[71.031,21.8717],[71.0384,21.8744],[71.0461,21.8745],[71.0531,21.877],[71.0588,21.8812],[71.0606,21.888],[71.0576,21.8984],[71.0587,21.9033],[71.0639,21.907],[71.0704,21.9098],[71.1013,21.9145],[71.1153,21.919],[71.1185,21.9227],[71.1189,21.9293],[71.1232,21.9374],[71.1289,21.9434],[71.138,21.9474],[71.1474,21.9441],[71.151,21.9509],[71.1628,21.9573],[71.1678,21.9593],[71.1773,21.9571],[71.1854,21.9629],[71.1973,21.9683],[71.2008,21.9737],[71.1987,22.0],[71.1866,22.0041],[71.1843,22.0097],[71.1947,22.0102],[71.199,22.0077],[71.2198,22.006],[71.2369,22.0069],[71.2445,22.01],[71.2476,22.0093],[71.2584,22.0001],[71.2531,21.9828],[71.2518,21.9728],[71.2596,21.9641],[71.2571,21.96],[71.2645,21.957],[71.2934,21.96],[71.2908,21.9657],[71.2913,21.9709],[71.2968,21.9741],[71.2949,21.9792],[71.2842,22.0001],[71.2745,22.0068],[71.2724,22.0101],[71.2752,22.0125],[71.2744,22.0167],[71.2809,22.0186],[71.2847,22.0258],[71.2952,22.0323],[71.2994,22.0367],[71.2996,22.042],[71.3071,22.042],[71.3201,22.0338],[71.329,22.0256],[71.328,22.0185],[71.3304,22.0105],[71.3287,22.0061],[71.337,22.0018],[71.3442,21.9848],[71.3498,21.9824]]],[[[70.7481,20.9675],[70.7531,20.9667],[70.7569,20.974],[70.764,20.9677],[70.7694,20.9654],[70.7836,20.9656],[70.7882,20.9699],[70.7969,20.9654],[70.8019,20.9651],[70.8053,20.9657],[70.808,20.9706],[70.8132,20.9738],[70.8265,20.9758],[70.8318,20.9684],[70.8356,20.9665],[70.8427,20.966],[70.8497,20.9623],[70.8608,20.9605],[70.8676,20.9503],[70.8822,20.9084],[70.8834,20.9023],[70.8808,20.8908],[70.8648,20.8784],[70.8456,20.8706],[70.8208,20.8631],[70.806,20.8643],[70.7999,20.8631],[70.797,20.8565],[70.8003,20.8545],[70.8164,20.853],[70.8183,20.8496],[70.8181,20.8419],[70.8218,20.8376],[70.8305,20.8367],[70.8637,20.8405],[70.871,20.838],[70.8766,20.8299],[70.8777,20.8213],[70.8742,20.7998],[70.8632,20.7979],[70.8567,20.794],[70.8476,20.8002],[70.8431,20.7869],[70.8446,20.7787],[70.8474,20.7746],[70.8492,20.7608],[70.8541,20.7555],[70.8582,20.7539],[70.8529,20.7532],[70.8624,20.7521],[70.8624,20.7496],[70.8582,20.7468],[70.8574,20.7432],[70.864,20.7299],[70.8726,20.7243],[70.8704,20.7154],[70.8679,20.7126],[70.869,20.7063],[70.874,20.7049],[70.8679,20.7038],[70.8549,20.7082],[70.8412,20.706],[70.834,20.6993],[70.836,20.6932],[70.8382,20.6926],[70.8382,20.6901],[70.8224,20.691],[70.8215,20.6938],[70.819,20.6938],[70.8121,20.6999],[70.8076,20.6999],[70.8063,20.7024],[70.8046,20.7007],[70.8012,20.7024],[70.7921,20.7124],[70.7799,20.7146],[70.7663,20.7213],[70.7585,20.7226],[70.7493,20.7193],[70.7438,20.7199],[70.7301,20.7285],[70.7246,20.7296],[70.7093,20.7376],[70.7035,20.7379],[70.6957,20.7451],[70.6863,20.749],[70.6746,20.7574],[70.6735,20.7646],[70.6715,20.761],[70.6629,20.7621],[70.6665,20.756],[70.6663,20.7524],[70.6626,20.7585],[70.6565,20.7601],[70.6571,20.7646],[70.6546,20.7646],[70.6549,20.7632],[70.6521,20.7643],[70.6465,20.7629],[70.6403,20.7665],[70.6417,20.7702],[70.6561,20.7773],[70.6622,20.7899],[70.664,20.7976],[70.6568,20.8152],[70.6556,20.8246],[70.6576,20.8321],[70.6567,20.841],[70.6584,20.8498],[70.6638,20.8567],[70.6737,20.8887],[70.6973,20.9178],[70.6991,20.9426],[70.7017,20.9498],[70.7106,20.9658],[70.7186,20.9743],[70.7205,20.9796],[70.7204,20.9824],[70.7138,20.9941],[70.7155,20.9955],[70.7217,20.9957],[70.7265,20.9946],[70.7356,20.9794],[70.7423,20.9711],[70.7481,20.9675]]],[[[70.7759,21.7538],[70.7689,21.75],[70.7636,21.7515],[70.7587,21.7673],[70.7612,21.772],[70.7665,21.795],[70.7717,21.8006],[70.7766,21.802],[70.781,21.792],[70.7873,21.7852],[70.7868,21.7816],[70.8009,21.775],[70.7927,21.7676],[70.7885,21.7583],[70.7759,21.7538]]],[[[70.7643,21.6725],[70.7655,21.67],[70.7702,21.671],[70.7734,21.6699],[70.7769,21.6617],[70.7693,21.644],[70.7474,21.6415],[70.7395,21.6443],[70.7371,21.6646],[70.7528,21.6724],[70.7617,21.6746],[70.7643,21.6725]]],[[[70.8779,21.4098],[70.8731,21.4031],[70.868,21.3902],[70.8513,21.3965],[70.8458,21.4038],[70.8451,21.4077],[70.8619,21.4087],[70.866,21.413],[70.8747,21.418],[70.8794,21.4176],[70.8779,21.4098]]],[[[71.6544,21.1085],[71.6544,21.0984],[71.6513,21.1001],[71.649,21.0994],[71.65,21.0953],[71.6429,21.0897],[71.6387,21.089],[71.6347,21.0933],[71.6419,21.0964],[71.6437,21.099],[71.636,21.1005],[71.6358,21.1025],[71.6394,21.1036],[71.6401,21.1082],[71.6498,21.1159],[71.6544,21.1085]]],[[[72.1029,21.2743],[72.1032,21.2704],[72.099,21.2654],[72.1029,21.2743]]]]}},{"type":"Feature","properties":{"district":"Anand","state":"Gujarat","censuscode":482},"geometry":{"type":"MultiPolygon","coordinates":[[[[73.0563,22.7278],[73.0573,22.7167],[73.0762,22.7205],[73.0936,22.7261],[73.0986,22.7258],[73.1005,22.7235],[73.0996,22.7195],[73.1028,22.717],[73.1117,22.7192],[73.1166,22.718],[73.1311,22.7214],[73.1344,22.7198],[73.1404,22.7137],[73.1544,22.6867],[73.1617,22.6809],[73.1914,22.6849],[73.2043,22.6815],[73.203,22.6679],[73.2061,22.6546],[73.2207,22.639],[73.2303,22.6338],[73.2183,22.6196],[73.205,22.6159],[73.1932,22.605],[73.1684,22.5931],[73.1595,22.587],[73.1576,22.5833],[73.1555,22.5665],[73.1477,22.5413],[73.1393,22.5271],[73.124,22.5179],[73.0963,22.5097],[73.0924,22.5068],[73.0893,22.4986],[73.0903,22.4783],[73.0938,22.4544],[73.0906,22.449],[73.0783,22.4387],[73.0676,22.426],[73.0682,22.4143],[73.0737,22.3953],[73.0729,22.3907],[73.0645,22.3791],[73.0519,22.3684],[73.0496,22.3647],[73.0501,22.3532],[73.0627,22.3234],[73.0629,22.3134],[73.0605,22.3089],[73.0531,22.3023],[73.037,22.293],[73.0271,22.2812],[73.0097,22.2648],[73.0003,22.2582],[72.9784,22.2477],[72.9746,22.2486],[72.9717,22.2599],[72.9585,22.2604],[72.951,22.2627],[72.9498,22.2691],[72.952,22.2882],[72.9476,22.2945],[72.9383,22.3013],[72.9255,22.3046],[72.9164,22.2986],[72.9129,22.2895],[72.9153,22.2782],[72.9121,22.2751],[72.9121,22.2671],[72.9101,22.261],[72.9081,22.2595],[72.899,22.2585],[72.8912,22.2598],[72.8661,22.2717],[72.8551,22.2718],[72.8526,22.2818],[72.8437,22.2824],[72.8274,22.2726],[72.8104,22.2651],[72.8057,22.2604],[72.7929,22.254],[72.7804,22.2435],[72.7632,22.2332],[72.756,22.231],[72.7185,22.2362],[72.6915,22.2371],[72.6879,22.2385],[72.6832,22.2449],[72.6732,22.2521],[72.6588,22.2688],[72.6582,22.276],[72.6563,22.279],[72.6354,22.2846],[72.6104,22.2799],[72.6024,22.2751],[72.596,22.2735],[72.5746,22.2554],[72.5713,22.2546],[72.5707,22.2579],[72.5701,22.2554],[72.5668,22.254],[72.5599,22.246],[72.5615,22.2576],[72.561,22.259],[72.5574,22.2593],[72.5563,22.2554],[72.5526,22.2551],[72.5449,22.244],[72.5413,22.2432],[72.5418,22.2488],[72.5374,22.2457],[72.5332,22.2463],[72.534,22.2485],[72.5376,22.2504],[72.5365,22.2515],[72.5338,22.2501],[72.5335,22.2527],[72.536,22.2554],[72.539,22.2543],[72.541,22.2571],[72.5349,22.2604],[72.5374,22.2738],[72.5538,22.2782],[72.5535,22.281],[72.5426,22.281],[72.5326,22.2771],[72.5329,22.2749],[72.526,22.2693],[72.5235,22.2624],[72.524,22.2449],[72.5168,22.2371],[72.5057,22.229],[72.504,22.2204],[72.4982,22.2165],[72.491,22.2065],[72.4915,22.2026],[72.4893,22.2021],[72.4876,22.1974],[72.486,22.1974],[72.4737,22.2013],[72.4754,22.2057],[72.4796,22.2087],[72.4812,22.2121],[72.4799,22.2151],[72.4815,22.2157],[72.4851,22.2226],[72.4785,22.2268],[72.4788,22.2285],[72.4854,22.2282],[72.4913,22.2301],[72.4926,22.2371],[72.489,22.2354],[72.4776,22.2351],[72.4857,22.236],[72.4924,22.2388],[72.4943,22.2424],[72.4929,22.2482],[72.4824,22.2407],[72.4707,22.2388],[72.4704,22.2435],[72.4604,22.2571],[72.4463,22.281],[72.4443,22.2888],[72.4351,22.3013],[72.4168,22.3057],[72.406,22.3101],[72.4007,22.3074],[72.394,22.3074],[72.3887,22.3104],[72.3876,22.3126],[72.404,22.3307],[72.4121,22.3499],[72.4124,22.3585],[72.399,22.3687],[72.3938,22.3826],[72.3915,22.3815],[72.3815,22.3854],[72.3762,22.3851],[72.3618,22.3754],[72.3474,22.3786],[72.3418,22.3854],[72.3676,22.4062],[72.3713,22.4434],[72.3571,22.4396],[72.3604,22.4497],[72.3633,22.4529],[72.3687,22.4505],[72.3755,22.4518],[72.3779,22.4578],[72.3772,22.4718],[72.4074,22.4793],[72.4094,22.4741],[72.416,22.4763],[72.4338,22.4939],[72.4404,22.5044],[72.4379,22.515],[72.4391,22.5333],[72.4249,22.5606],[72.4261,22.5718],[72.4286,22.5742],[72.4422,22.5652],[72.4702,22.5794],[72.493,22.6016],[72.5049,22.6082],[72.5083,22.6148],[72.5134,22.6125],[72.5261,22.594],[72.5269,22.5892],[72.5343,22.5853],[72.5338,22.5689],[72.5549,22.5661],[72.5545,22.5594],[72.5578,22.5423],[72.5671,22.5403],[72.5682,22.519],[72.5723,22.5216],[72.5736,22.507],[72.5781,22.5021],[72.5863,22.4995],[72.5991,22.5012],[72.6117,22.5097],[72.6189,22.5101],[72.6328,22.503],[72.6398,22.5023],[72.6478,22.5086],[72.6527,22.5011],[72.6561,22.4998],[72.6718,22.5048],[72.6703,22.5084],[72.6696,22.5242],[72.667,22.5269],[72.6453,22.5267],[72.6428,22.5335],[72.6458,22.5407],[72.6562,22.5509],[72.6623,22.5527],[72.6621,22.5565],[72.6721,22.5645],[72.6743,22.5778],[72.6781,22.5832],[72.6861,22.5866],[72.6936,22.5853],[72.6974,22.5797],[72.7033,22.5813],[72.7084,22.5867],[72.7086,22.5927],[72.7066,22.5971],[72.6918,22.6045],[72.6872,22.6191],[72.6898,22.6255],[72.6958,22.6287],[72.7079,22.6312],[72.7257,22.6268],[72.736,22.64],[72.7426,22.6442],[72.7505,22.6369],[72.7597,22.634],[72.7758,22.6346],[72.7854,22.6409],[72.7961,22.6391],[72.809,22.6209],[72.8309,22.6225],[72.8368,22.612],[72.8327,22.6086],[72.8241,22.6054],[72.8245,22.6013],[72.8281,22.5973],[72.829,22.5933],[72.8413,22.5969],[72.8486,22.597],[72.8591,22.608],[72.8581,22.6164],[72.8677,22.6184],[72.8748,22.6179],[72.8765,22.6072],[72.8757,22.6006],[72.8647,22.5979],[72.863,22.5918],[72.8639,22.5872],[72.8678,22.5827],[72.874,22.5809],[72.8975,22.5915],[72.9036,22.5894],[72.9138,22.5899],[72.9213,22.5943],[72.9262,22.6043],[72.9289,22.6151],[72.9276,22.6221],[72.9335,22.6251],[72.9701,22.6345],[72.976,22.6405],[72.98,22.6505],[72.9848,22.6518],[72.9937,22.6701],[72.999,22.6942],[73.0079,22.7032],[73.0046,22.7152],[73.0086,22.7217],[73.0172,22.7226],[73.0218,22.7254],[73.0252,22.7308],[73.0297,22.7328],[73.0539,22.7362],[73.0563,22.7278]]],[[[72.3876,22.2987],[72.411,22.2993],[72.414,22.2971],[72.416,22.2874],[72.416,22.271],[72.4126,22.254],[72.4165,22.2274],[72.4115,22.2271],[72.4126,22.2213],[72.4112,22.2157],[72.4074,22.2132],[72.4054,22.2138],[72.4051,22.2096],[72.4024,22.209],[72.3999,22.1993],[72.3926,22.2132],[72.3824,22.2182],[72.3774,22.2263],[72.3757,22.236],[72.3774,22.2401],[72.3835,22.2457],[72.3813,22.2488],[72.3821,22.2535],[72.3799,22.2574],[72.3774,22.261],[72.3604,22.2682],[72.3619,22.2944],[72.3729,22.3147],[72.3763,22.3054],[72.3832,22.2999],[72.3876,22.2987]]],[[[72.3599,22.2604],[72.3632,22.2604],[72.3671,22.249],[72.371,22.2451],[72.3693,22.2399],[72.3621,22.2301],[72.3601,22.2251],[72.3621,22.2051],[72.3649,22.201],[72.3796,22.1957],[72.3865,22.189],[72.3915,22.1801],[72.389,22.1754],[72.3915,22.1679],[72.3896,22.1668],[72.389,22.171],[72.3865,22.1724],[72.3854,22.1701],[72.3871,22.1599],[72.384,22.156],[72.3774,22.1585],[72.3788,22.1515],[72.376,22.1499],[72.3743,22.1518],[72.3749,22.1665],[72.3721,22.1718],[72.3649,22.1735],[72.359,22.1726],[72.3637,22.189],[72.3576,22.1929],[72.3601,22.1893],[72.3596,22.186],[72.356,22.1818],[72.3518,22.1821],[72.3538,22.1804],[72.3546,22.1724],[72.3532,22.1646],[72.344,22.1685],[72.3471,22.1632],[72.3538,22.1613],[72.3565,22.1484],[72.3492,22.1573],[72.3392,22.1747],[72.3331,22.1927],[72.3375,22.2135],[72.3414,22.2235],[72.3553,22.2452],[72.3585,22.2521],[72.3599,22.2604]]],[[[72.3707,22.2351],[72.3688,22.2313],[72.3707,22.2268],[72.3685,22.2263],[72.3682,22.224],[72.3701,22.2229],[72.371,22.214],[72.3763,22.2071],[72.3765,22.2038],[72.3654,22.2085],[72.3635,22.214],[72.3635,22.2235],[72.3654,22.229],[72.3674,22.2299],[72.3665,22.2318],[72.3707,22.2351]]],[[[72.4006,22.3554],[72.404,22.3532],[72.4032,22.349],[72.3938,22.3443],[72.3981,22.3546],[72.3975,22.3582],[72.399,22.3554],[72.4006,22.3554]]],[[[72.3912,22.2118],[72.3918,22.2101],[72.3876,22.2101],[72.3876,22.2129],[72.3826,22.2157],[72.3882,22.2146],[72.3912,22.2118]]],[[[72.3815,22.3757],[72.3854,22.3711],[72.3757,22.3733],[72.3815,22.3757]]],[[[72.4726,22.2082],[72.4724,22.2032],[72.4693,22.2038],[72.4679,22.2024],[72.4679,22.2054],[72.4726,22.2082]]]]}},{"type":"Feature","properties":{"district":"Banas Kantha","state":"Gujarat","censuscode":469},"geometry":{"type":"Polygon","coordinates":[[[72.2685,24.6241],[72.288,24.6151],[72.2941,24.6181],[72.3006,24.6169],[72.3095,24.6108],[72.3182,24.6108],[72.3255,24.6137],[72.3347,24.6248],[72.3425,24.6231],[72.3483,24.6199],[72.3435,24.6138],[72.3436,24.6041],[72.34,24.6012],[72.3367,24.5953],[72.3204,24.5887],[72.3084,24.5873],[72.2989,24.5992],[72.2947,24.6021],[72.2874,24.599],[72.2735,24.602],[72.2452,24.5822],[72.2658,24.5521],[72.2793,24.5594],[72.2843,24.5602],[72.2881,24.5468],[72.2876,24.5419],[72.2893,24.5403],[72.296,24.5424],[72.3267,24.5442],[72.3314,24.5459],[72.328,24.5576],[72.3293,24.5605],[72.343,24.5553],[72.3524,24.5542],[72.356,24.545],[72.3599,24.541],[72.363,24.5382],[72.3684,24.539],[72.3693,24.5316],[72.3653,24.5304],[72.3807,24.5021],[72.3849,24.5005],[72.3921,24.5019],[72.4156,24.5096],[72.4205,24.5099],[72.4371,24.5057],[72.4427,24.4948],[72.4331,24.4805],[72.4311,24.462],[72.4507,24.4395],[72.4582,24.4223],[72.4591,24.4085],[72.4819,24.4067],[72.4955,24.4086],[72.5023,24.4112],[72.5046,24.4196],[72.499,24.4322],[72.4952,24.4516],[72.5064,24.4487],[72.5086,24.4658],[72.5395,24.5081],[72.5426,24.5068],[72.554,24.4958],[72.5692,24.4893],[72.5773,24.4786],[72.5834,24.4736],[72.6538,24.4573],[72.6696,24.4578],[72.6883,24.461],[72.6925,24.458],[72.6927,24.4534],[72.6878,24.4422],[72.6886,24.4201],[72.7018,24.3921],[72.7126,24.3763],[72.7277,24.3619],[72.7439,24.3582],[72.7681,24.3613],[72.8107,24.3587],[72.8247,24.3654],[72.8637,24.3662],[72.8799,24.3612],[72.8962,24.3517],[72.9112,24.333],[72.9167,24.3275],[72.9196,24.3265],[72.9294,24.3364],[72.9417,24.3394],[72.9612,24.3512],[72.9644,24.3451],[72.9654,24.3077],[72.9686,24.3032],[73.0015,24.2909],[73.0157,24.2823],[73.0265,24.2847],[73.0291,24.2843],[73.0299,24.2806],[73.0256,24.2579],[73.0218,24.2509],[73.018,24.2368],[73.0097,24.2278],[73.0043,24.2257],[72.9804,24.1655],[72.9617,24.1501],[72.9562,24.1412],[72.9565,24.1345],[72.9535,24.1304],[72.9483,24.1277],[72.9466,24.1148],[72.9484,24.0976],[72.9375,24.0893],[72.9343,24.0843],[72.93,24.0613],[72.9252,24.0547],[72.9173,24.0371],[72.9033,24.0222],[72.8999,24.0204],[72.8667,24.0184],[72.8652,24.0163],[72.8511,24.0377],[72.8395,24.0295],[72.8312,24.0307],[72.8216,24.0353],[72.8165,24.0459],[72.7921,24.0817],[72.7921,24.0935],[72.7764,24.0931],[72.7694,24.0729],[72.7492,24.0681],[72.7382,24.0679],[72.7402,24.0744],[72.739,24.0791],[72.7352,24.0842],[72.7285,24.0877],[72.7184,24.0888],[72.7154,24.0875],[72.7133,24.08],[72.7067,24.0742],[72.6689,24.0627],[72.6552,24.0541],[72.6498,24.0671],[72.6476,24.0691],[72.6409,24.0671],[72.6344,24.0503],[72.6228,24.0408],[72.6312,24.0287],[72.636,24.0334],[72.6395,24.0266],[72.6366,24.0073],[72.6467,24.0087],[72.645,23.9894],[72.641,23.9877],[72.6281,23.9906],[72.6159,23.9846],[72.6047,23.9832],[72.597,23.9803],[72.5915,23.9765],[72.5858,23.9685],[72.5853,23.9601],[72.5877,23.9494],[72.5842,23.9403],[72.5791,23.9345],[72.5658,23.9323],[72.5441,23.9366],[72.5334,23.9358],[72.5216,23.9401],[72.5168,23.9392],[72.5107,23.9343],[72.5021,23.9305],[72.4783,23.9302],[72.4783,23.9469],[72.477,23.9518],[72.4718,23.9602],[72.4659,23.9648],[72.4503,23.9703],[72.4444,23.969],[72.4407,23.9653],[72.4361,23.9641],[72.4271,23.9789],[72.4094,23.9704],[72.392,23.9688],[72.3739,23.9692],[72.3675,23.9671],[72.3635,23.9883],[72.3592,23.9983],[72.3541,24.025],[72.3167,24.0297],[72.3072,24.0327],[72.2989,24.0452],[72.2995,24.0466],[72.2826,24.0463],[72.2742,24.0479],[72.2663,24.0579],[72.2596,24.0724],[72.2307,24.0653],[72.2226,24.0736],[72.2206,24.0914],[72.2165,24.1042],[72.2268,24.1144],[72.2337,24.1177],[72.2291,24.1209],[72.2269,24.1299],[72.2047,24.1407],[72.2089,24.1284],[72.1966,24.1203],[72.1931,24.1065],[72.187,24.1039],[72.1594,24.1154],[72.1614,24.1229],[72.1608,24.1335],[72.1566,24.1379],[72.1343,24.1414],[72.1303,24.1404],[72.1275,24.1264],[72.123,24.1225],[72.1182,24.121],[72.1011,24.1259],[72.1004,24.113],[72.1015,24.1094],[72.1539,24.1144],[72.1596,24.1039],[72.1568,24.0923],[72.1634,24.0837],[72.1644,24.0746],[72.1543,24.0639],[72.148,24.061],[72.1437,24.0565],[72.1404,24.0522],[72.1384,24.0439],[72.1256,24.0402],[72.1169,24.0415],[72.1057,24.0467],[72.0979,24.0478],[72.1004,24.0212],[72.0939,24.0239],[72.0885,24.03],[72.0831,24.0325],[72.0661,24.0206],[72.0621,24.0217],[72.0488,24.0343],[72.0423,24.0385],[72.0308,24.0551],[72.0151,24.0401],[72.0191,24.0317],[72.0196,24.0185],[72.0472,23.9979],[72.0404,23.9866],[72.036,23.9825],[72.0189,23.9806],[72.0126,23.9863],[72.0029,23.9767],[72.0041,23.9696],[72.0011,23.9672],[71.9962,23.9716],[71.9944,23.9854],[71.9896,23.9931],[71.9843,23.9974],[71.9774,23.9974],[71.9634,23.9934],[71.9555,23.9965],[71.9527,24.0009],[71.9546,24.0066],[71.9524,24.0082],[71.9307,24.0106],[71.9261,24.0083],[71.9238,24.0009],[71.9277,23.9785],[71.9454,23.9738],[71.946,23.9719],[71.9446,23.9644],[71.937,23.9604],[71.9292,23.9529],[71.9294,23.9489],[71.9345,23.9371],[71.9452,23.9219],[71.9695,23.9091],[71.9743,23.8997],[71.9723,23.8921],[71.968,23.8905],[71.9572,23.8908],[71.9358,23.8838],[71.9222,23.8852],[71.8974,23.877],[71.8896,23.8796],[71.8679,23.8705],[71.8637,23.8586],[71.8581,23.8489],[71.8421,23.846],[71.8292,23.8465],[71.8221,23.8492],[71.8189,23.8522],[71.8079,23.8547],[71.7797,23.8457],[71.7764,23.8422],[71.7703,23.8395],[71.7697,23.8347],[71.767,23.8313],[71.7608,23.841],[71.7533,23.8415],[71.7444,23.8516],[71.7325,23.8555],[71.7186,23.8651],[71.7155,23.8698],[71.7132,23.8774],[71.7091,23.8817],[71.7141,23.8922],[71.7135,23.8999],[71.7168,23.915],[71.7167,23.9263],[71.7023,23.9297],[71.6967,23.9347],[71.6916,23.9607],[71.6879,23.9658],[71.6793,23.9693],[71.669,23.9705],[71.6601,23.9678],[71.6338,23.9532],[71.6237,23.9521],[71.6079,23.9417],[71.6013,23.9434],[71.5884,23.9616],[71.5858,23.9667],[71.5903,23.9752],[71.5875,23.9766],[71.5737,23.9755],[71.5673,23.9792],[71.5452,23.9755],[71.5379,23.9795],[71.5268,23.9791],[71.5117,23.9761],[71.4972,23.9693],[71.4915,23.9705],[71.4885,23.9761],[71.4885,23.9855],[71.4924,24.0134],[71.4825,24.0236],[71.4776,24.0232],[71.4731,24.0209],[71.4633,24.0107],[71.4608,23.9994],[71.4433,23.9829],[71.4442,23.9787],[71.4479,23.9776],[71.4476,23.968],[71.4515,23.9629],[71.4485,23.9583],[71.4469,23.9459],[71.4447,23.941],[71.4245,23.9336],[71.4137,23.9263],[71.4057,23.9339],[71.4043,23.9486],[71.3951,23.9625],[71.39,23.9621],[71.3891,23.9556],[71.3868,23.952],[71.3733,23.953],[71.3701,23.9611],[71.3665,23.9625],[71.3646,23.9663],[71.3436,23.9664],[71.3329,23.9683],[71.3277,23.9756],[71.3161,23.9816],[71.3127,23.9866],[71.3102,23.9877],[71.2984,23.9868],[71.2918,23.988],[71.2878,23.9905],[71.2862,23.9984],[71.3163,24.0392],[71.3277,24.0494],[71.3283,24.0519],[71.3254,24.0547],[71.3208,24.0555],[71.3176,24.0582],[71.3164,24.0696],[71.3248,24.0843],[71.3298,24.1023],[71.3428,24.1084],[71.3439,24.1105],[71.3434,24.1188],[71.3391,24.1303],[71.3366,24.1333],[71.3189,24.1246],[71.315,24.1268],[71.3178,24.1309],[71.3179,24.1337],[71.315,24.1343],[71.3024,24.1336],[71.2932,24.1373],[71.2823,24.1328],[71.2788,24.1338],[71.279,24.1376],[71.2819,24.1402],[71.2841,24.1474],[71.2898,24.1495],[71.29,24.1525],[71.2763,24.1618],[71.2828,24.175],[71.2899,24.1757],[71.2985,24.1679],[71.3022,24.1689],[71.305,24.1665],[71.3133,24.1554],[71.3181,24.1506],[71.3231,24.1483],[71.327,24.1551],[71.3366,24.1548],[71.3395,24.158],[71.333,24.1628],[71.3356,24.1647],[71.3419,24.1674],[71.3534,24.168],[71.3584,24.175],[71.3658,24.174],[71.3679,24.175],[71.371,24.1788],[71.3699,24.1868],[71.3717,24.1899],[71.3487,24.1895],[71.3455,24.1884],[71.3409,24.1815],[71.3386,24.1825],[71.3359,24.1888],[71.3353,24.1986],[71.3331,24.2019],[71.3243,24.2026],[71.3124,24.2297],[71.2991,24.236],[71.3036,24.2391],[71.3134,24.2392],[71.3149,24.2416],[71.311,24.2462],[71.289,24.2571],[71.2896,24.2606],[71.299,24.2591],[71.3092,24.2543],[71.3121,24.2548],[71.3138,24.2724],[71.3095,24.2804],[71.3101,24.2907],[71.3059,24.3038],[71.3201,24.3173],[71.3218,24.3218],[71.3253,24.3205],[71.3423,24.3223],[71.347,24.3255],[71.3484,24.3286],[71.3643,24.3278],[71.3684,24.3308],[71.3772,24.3319],[71.3793,24.3357],[71.3844,24.3391],[71.391,24.3393],[71.3869,24.347],[71.3935,24.3467],[71.3951,24.3492],[71.3913,24.3571],[71.3824,24.3933],[71.3788,24.391],[71.3764,24.392],[71.3697,24.3904],[71.3649,24.3918],[71.3562,24.3899],[71.3512,24.3933],[71.3475,24.3906],[71.3384,24.3946],[71.3333,24.3938],[71.3304,24.3953],[71.3317,24.4135],[71.3432,24.4224],[71.3436,24.4331],[71.3513,24.4329],[71.3504,24.4352],[71.3352,24.4423],[71.3287,24.4434],[71.3314,24.4519],[71.3372,24.4614],[71.341,24.4629],[71.3437,24.4723],[71.3469,24.4741],[71.3456,24.4796],[71.3402,24.486],[71.3462,24.4926],[71.349,24.4986],[71.3513,24.4994],[71.3493,24.5177],[71.2941,24.5179],[71.2678,24.5093],[71.261,24.5087],[71.2596,24.512],[71.2608,24.5351],[71.2665,24.5455],[71.2706,24.5469],[71.292,24.5472],[71.2941,24.5512],[71.3026,24.5517],[71.3114,24.5587],[71.3058,24.5627],[71.3102,24.5639],[71.3143,24.5718],[71.3135,24.588],[71.3105,24.5906],[71.2955,24.5963],[71.2889,24.6128],[71.2987,24.625],[71.3013,24.6262],[71.3091,24.641],[71.3129,24.6454],[71.3342,24.6533],[71.3425,24.6582],[71.3482,24.659],[71.3585,24.6368],[71.3591,24.6322],[71.3641,24.6307],[71.3666,24.6279],[71.3745,24.6265],[71.3798,24.6288],[71.3813,24.6331],[71.3912,24.6318],[71.3986,24.6395],[71.414,24.6428],[71.4433,24.6635],[71.4507,24.6659],[71.4587,24.6654],[71.4661,24.6678],[71.4803,24.6784],[71.4955,24.6783],[71.5082,24.6808],[71.5148,24.6797],[71.5291,24.6833],[71.5358,24.6779],[71.5436,24.6749],[71.5607,24.6778],[71.5694,24.6816],[71.5754,24.6807],[71.5847,24.6698],[71.5901,24.668],[71.609,24.6748],[71.6157,24.6683],[71.6195,24.666],[71.6231,24.6666],[71.6265,24.6621],[71.633,24.6601],[71.6373,24.6565],[71.6436,24.6471],[71.6427,24.6439],[71.654,24.6372],[71.6622,24.6404],[71.6785,24.6437],[71.709,24.6581],[71.7385,24.6579],[71.7511,24.6639],[71.7774,24.6724],[71.7919,24.674],[71.8021,24.6694],[71.8081,24.6581],[71.8103,24.6493],[71.8055,24.6359],[71.8046,24.6252],[71.8084,24.6217],[71.8143,24.62],[71.8396,24.6181],[71.8514,24.6074],[71.854,24.6173],[71.8617,24.6267],[71.8557,24.6527],[71.8559,24.658],[71.8581,24.6662],[71.8643,24.6755],[71.8697,24.6784],[71.8745,24.6789],[71.8842,24.6733],[71.887,24.6689],[71.8974,24.6722],[71.9054,24.6727],[71.9134,24.6704],[71.9193,24.6651],[71.9193,24.6618],[71.9174,24.6575],[71.9105,24.654],[71.9121,24.6493],[71.9278,24.6299],[71.9375,24.6298],[71.9408,24.6306],[71.9442,24.6355],[71.9556,24.6414],[71.9608,24.6409],[71.9763,24.6537],[71.9843,24.6542],[71.9868,24.656],[71.9834,24.6699],[71.9877,24.6804],[71.9947,24.6858],[72.0009,24.6888],[72.0254,24.6946],[72.0346,24.6982],[72.0463,24.7085],[72.0735,24.7029],[72.0792,24.6996],[72.0862,24.6773],[72.0762,24.671],[72.0793,24.6613],[72.0787,24.6553],[72.1104,24.6358],[72.1149,24.6344],[72.1399,24.6373],[72.1447,24.6365],[72.155,24.6218],[72.1556,24.6181],[72.1799,24.6117],[72.1955,24.6184],[72.2011,24.6143],[72.2047,24.6147],[72.2024,24.6194],[72.2105,24.6224],[72.2242,24.635],[72.2363,24.6254],[72.2432,24.6228],[72.2685,24.6241]]]}},{"type":"Feature","properties":{"district":"Bharuch","state":"Gujarat","censuscode":488},"geometry":{"type":"MultiPolygon","coordinates":[[[[72.6579,21.4701],[72.6604,21.4751],[72.6651,21.4788],[72.6718,21.5129],[72.6793,21.5138],[72.6821,21.516],[72.6815,21.5176],[72.6796,21.5157],[72.6713,21.5146],[72.6747,21.5213],[72.6865,21.5285],[72.6957,21.5271],[72.7057,21.5279],[72.7218,21.5346],[72.7329,21.5365],[72.7407,21.5418],[72.7426,21.5457],[72.7424,21.5501],[72.7396,21.5526],[72.736,21.5532],[72.7368,21.5568],[72.7349,21.5562],[72.7332,21.5549],[72.7332,21.5521],[72.7401,21.5499],[72.7396,21.5438],[72.7371,21.5404],[72.7129,21.5354],[72.706,21.5321],[72.6912,21.5349],[72.6832,21.5429],[72.6815,21.5401],[72.6718,21.5371],[72.6657,21.5332],[72.661,21.5274],[72.6538,21.5275],[72.6447,21.5247],[72.6416,21.5263],[72.6416,21.5297],[72.6444,21.5337],[72.6307,21.539],[72.6142,21.5546],[72.6126,21.5574],[72.6126,21.5715],[72.6079,21.583],[72.6174,21.5951],[72.6207,21.5963],[72.6221,21.6032],[72.6263,21.6088],[72.6282,21.6168],[72.6351,21.6204],[72.6479,21.6171],[72.6524,21.6238],[72.6582,21.6254],[72.6579,21.6276],[72.6751,21.629],[72.6785,21.6327],[72.6924,21.6407],[72.6965,21.649],[72.701,21.6518],[72.7054,21.6518],[72.7104,21.6482],[72.7154,21.641],[72.7232,21.6388],[72.7312,21.6401],[72.7349,21.6393],[72.7404,21.6421],[72.7474,21.6424],[72.751,21.6463],[72.75,21.6479],[72.7521,21.6501],[72.7568,21.6501],[72.7604,21.6479],[72.771,21.646],[72.7874,21.6451],[72.809,21.6518],[72.8351,21.6679],[72.8324,21.6732],[72.7982,21.6615],[72.7799,21.6632],[72.7618,21.6693],[72.7524,21.6757],[72.7451,21.6871],[72.7421,21.689],[72.7363,21.6896],[72.7112,21.6785],[72.6999,21.6801],[72.6985,21.6815],[72.6813,21.6796],[72.6696,21.6832],[72.6643,21.6824],[72.656,21.6771],[72.616,21.6801],[72.6118,21.6821],[72.6004,21.6815],[72.5949,21.6796],[72.5888,21.6743],[72.5868,21.6746],[72.5835,21.6721],[72.5821,21.6729],[72.5807,21.671],[72.5654,21.6646],[72.5649,21.6618],[72.5626,21.6615],[72.5626,21.6588],[72.5607,21.6588],[72.5599,21.6607],[72.5587,21.6593],[72.5474,21.6585],[72.5376,21.6643],[72.5321,21.6715],[72.5324,21.6751],[72.5296,21.6749],[72.524,21.6801],[72.524,21.6874],[72.5218,21.6899],[72.5232,21.696],[72.521,21.6968],[72.5204,21.7001],[72.5183,21.7018],[72.5199,21.7046],[72.5176,21.7068],[72.5179,21.7146],[72.5196,21.7132],[72.5193,21.7079],[72.5215,21.7065],[72.5218,21.709],[72.5199,21.7118],[72.5218,21.7162],[72.5254,21.719],[72.5321,21.7313],[72.536,21.7349],[72.5404,21.7357],[72.5404,21.7393],[72.5435,21.7429],[72.5426,21.7457],[72.5442,21.7499],[72.5443,21.7585],[72.5429,21.7615],[72.546,21.7626],[72.5476,21.7674],[72.5521,21.7924],[72.5565,21.8021],[72.5612,21.8071],[72.5711,21.8235],[72.5792,21.8271],[72.5838,21.8311],[72.6016,21.8553],[72.6045,21.8552],[72.6074,21.8595],[72.6117,21.8609],[72.6167,21.8681],[72.617,21.8725],[72.6228,21.8875],[72.6209,21.8901],[72.6215,21.9001],[72.6287,21.9091],[72.6246,21.9143],[72.6248,21.9197],[72.6231,21.9222],[72.6216,21.9224],[72.6211,21.918],[72.6144,21.9209],[72.6079,21.928],[72.6084,21.9324],[72.6135,21.939],[72.6368,21.9542],[72.6343,21.9568],[72.6255,21.953],[72.5885,21.9229],[72.5859,21.9193],[72.5854,21.9073],[72.5872,21.9002],[72.5826,21.8874],[72.5795,21.8844],[72.5717,21.8816],[72.5502,21.8798],[72.5467,21.8775],[72.5184,21.8783],[72.5166,21.8795],[72.5149,21.8872],[72.5168,21.8893],[72.5076,21.8979],[72.5074,21.9046],[72.5049,21.9096],[72.506,21.9251],[72.5046,21.9257],[72.5024,21.9351],[72.5032,21.9404],[72.5021,21.9418],[72.5049,21.981],[72.5079,21.9974],[72.5182,22.0296],[72.5263,22.0768],[72.5429,22.1357],[72.551,22.1582],[72.556,22.1685],[72.5688,22.1876],[72.5821,22.201],[72.6001,22.2129],[72.6149,22.2176],[72.6485,22.2168],[72.659,22.2124],[72.6743,22.2007],[72.6876,22.1949],[72.7001,22.1843],[72.7054,22.1837],[72.7076,22.186],[72.7149,22.1851],[72.7274,22.1818],[72.7368,22.1763],[72.7482,22.1732],[72.754,22.1732],[72.7599,22.1751],[72.7624,22.1779],[72.7618,22.1793],[72.7774,22.199],[72.7824,22.2126],[72.7929,22.2293],[72.7996,22.2385],[72.8087,22.246],[72.8174,22.2479],[72.8263,22.2407],[72.8513,22.2349],[72.8648,22.2257],[72.8797,22.1996],[72.8801,22.182],[72.8823,22.1757],[72.8869,22.173],[72.8921,22.1747],[72.8967,22.1773],[72.9004,22.183],[72.9185,22.1907],[72.9238,22.189],[72.9286,22.1816],[72.9305,22.1696],[72.9177,22.162],[72.8978,22.1605],[72.8919,22.1627],[72.8906,22.1658],[72.8853,22.1662],[72.8683,22.1557],[72.8661,22.1504],[72.867,22.1411],[72.8701,22.1375],[72.876,22.1371],[72.8816,22.124],[72.8829,22.1196],[72.8816,22.1162],[72.8774,22.1129],[72.8768,22.1081],[72.884,22.0959],[72.8875,22.0919],[72.8923,22.0903],[72.901,22.0902],[72.9027,22.082],[72.9064,22.0772],[72.9073,22.0665],[72.9224,22.0581],[72.9238,22.0536],[72.9125,22.0447],[72.9252,22.045],[72.929,22.0437],[72.9315,22.0393],[72.9357,22.0391],[72.95,22.048],[72.9708,22.0457],[72.974,22.0472],[72.9808,22.0473],[72.9869,22.0416],[72.991,22.0268],[72.9986,22.0181],[73.0087,22.0153],[73.0103,22.011],[73.0144,22.0095],[73.0167,22.0049],[73.0234,22.0005],[73.0254,21.9969],[73.0319,21.9959],[73.0394,22.0007],[73.0512,22.0038],[73.0526,22.0082],[73.0574,22.0106],[73.0682,22.0085],[73.0757,22.001],[73.0643,22.001],[73.0704,21.9835],[73.0517,21.9759],[73.0555,21.9456],[73.0515,21.9385],[73.0366,21.9371],[73.018,21.9407],[72.997,21.9286],[72.9952,21.9235],[73.0,21.9125],[73.0199,21.9192],[73.0371,21.9195],[73.0385,21.9263],[73.0444,21.9278],[73.0457,21.9326],[73.05,21.9337],[73.0569,21.9213],[73.0692,21.9226],[73.0791,21.928],[73.0877,21.9296],[73.0912,21.9285],[73.0946,21.9207],[73.0929,21.9184],[73.0661,21.9122],[73.0648,21.901],[73.062,21.8936],[73.0616,21.8851],[73.0632,21.8808],[73.0729,21.8763],[73.0873,21.8793],[73.0938,21.8707],[73.1098,21.8751],[73.1283,21.8757],[73.1299,21.8745],[73.1295,21.8694],[73.1361,21.8669],[73.1369,21.8633],[73.1512,21.8603],[73.1689,21.8469],[73.1747,21.8388],[73.1852,21.8293],[73.2104,21.8198],[73.2285,21.8233],[73.2488,21.8415],[73.2521,21.8624],[73.2304,21.8923],[73.2247,21.91],[73.2268,21.9161],[73.2435,21.9299],[73.2508,21.9327],[73.2605,21.9321],[73.2676,21.9298],[73.2738,21.9234],[73.2839,21.9012],[73.3001,21.8895],[73.3003,21.8829],[73.3071,21.8536],[73.3041,21.85],[73.3017,21.8323],[73.3061,21.8275],[73.3117,21.8261],[73.3341,21.834],[73.3391,21.8207],[73.3364,21.8143],[73.339,21.8086],[73.3613,21.8046],[73.3619,21.8026],[73.3678,21.8005],[73.3768,21.7792],[73.3941,21.7732],[73.398,21.7659],[73.3969,21.7595],[73.4088,21.7467],[73.4059,21.7326],[73.403,21.7268],[73.3951,21.7224],[73.3944,21.7177],[73.4052,21.7155],[73.4111,21.7096],[73.4332,21.7159],[73.4353,21.7097],[73.4668,21.7188],[73.4833,21.7052],[73.489,21.7029],[73.4908,21.6911],[73.5045,21.6776],[73.4895,21.6734],[73.4794,21.6628],[73.4757,21.6551],[73.4807,21.6434],[73.4877,21.6383],[73.4873,21.6353],[73.4815,21.6294],[73.4843,21.61],[73.4736,21.6054],[73.4746,21.5982],[73.4736,21.5911],[73.4622,21.5778],[73.4576,21.5755],[73.4511,21.5691],[73.4431,21.5554],[73.4408,21.5422],[73.4487,21.5301],[73.4512,21.5226],[73.4292,21.5214],[73.4247,21.5198],[73.4205,21.5127],[73.4013,21.5067],[73.3885,21.5128],[73.3582,21.5096],[73.3477,21.5103],[73.3464,21.5067],[73.3375,21.4965],[73.3244,21.4851],[73.3185,21.4878],[73.312,21.4944],[73.3069,21.5044],[73.2864,21.5032],[73.2744,21.5055],[73.2638,21.5005],[73.2552,21.493],[73.2416,21.491],[73.2279,21.4932],[73.2142,21.502],[73.2049,21.5018],[73.1956,21.504],[73.1843,21.5018],[73.1745,21.493],[73.1451,21.4958],[73.121,21.4819],[73.1163,21.4962],[73.1031,21.4958],[73.1042,21.5049],[73.0857,21.5015],[73.0801,21.5032],[73.0819,21.5305],[73.0802,21.5407],[73.0748,21.5536],[73.069,21.5594],[73.0556,21.5647],[73.0466,21.5363],[73.039,21.5323],[73.0394,21.5242],[73.0562,21.5012],[73.0581,21.4946],[73.0568,21.4856],[73.0535,21.4807],[73.0467,21.4763],[73.042,21.4755],[73.0373,21.4818],[73.0265,21.4801],[73.025,21.4869],[73.0189,21.4905],[73.0196,21.5113],[73.0211,21.5171],[73.0192,21.5226],[73.0102,21.5214],[73.0,21.5334],[72.9967,21.5358],[72.9893,21.5368],[72.9859,21.5353],[72.9846,21.5195],[72.9558,21.5157],[72.9426,21.5106],[72.9454,21.4977],[72.9543,21.4838],[72.9529,21.4805],[72.9471,21.4759],[72.9246,21.4649],[72.9218,21.4521],[72.9133,21.4351],[72.9099,21.4297],[72.906,21.4284],[72.8983,21.4296],[72.8919,21.433],[72.884,21.4403],[72.8807,21.439],[72.8777,21.4315],[72.8723,21.4318],[72.8692,21.4351],[72.8792,21.4469],[72.8767,21.4502],[72.8719,21.4522],[72.87,21.4447],[72.8642,21.4449],[72.8543,21.4499],[72.8374,21.4458],[72.8291,21.437],[72.8249,21.4256],[72.8201,21.4209],[72.8138,21.4197],[72.7934,21.4202],[72.7866,21.4234],[72.786,21.4311],[72.7893,21.4442],[72.7875,21.4533],[72.7811,21.4573],[72.7743,21.4562],[72.7704,21.4533],[72.7671,21.4467],[72.7617,21.4484],[72.7582,21.4501],[72.7551,21.4544],[72.7543,21.4605],[72.7436,21.4684],[72.7388,21.47],[72.728,21.466],[72.7133,21.467],[72.7042,21.4642],[72.6973,21.4599],[72.6862,21.4468],[72.6901,21.4576],[72.6943,21.4637],[72.6968,21.4646],[72.6943,21.4662],[72.6849,21.4565],[72.6818,21.4488],[72.6782,21.4471],[72.6693,21.4471],[72.6524,21.4363],[72.6479,21.4365],[72.6451,21.4338],[72.6432,21.4413],[72.6496,21.4476],[72.6524,21.4621],[72.6563,21.4649],[72.6521,21.4654],[72.6579,21.4701]]],[[[72.7174,21.6654],[72.7226,21.666],[72.7299,21.661],[72.746,21.6588],[72.7507,21.6557],[72.751,21.6529],[72.7454,21.6462],[72.7379,21.6438],[72.7363,21.6438],[72.736,21.6471],[72.7235,21.6432],[72.7168,21.6446],[72.7154,21.646],[72.7162,21.651],[72.7126,21.6537],[72.7101,21.659],[72.7174,21.6654]]],[[[72.5926,21.6385],[72.596,21.6388],[72.5938,21.6346],[72.596,21.6301],[72.5999,21.6324],[72.6012,21.6321],[72.6007,21.6307],[72.6038,21.631],[72.6054,21.6346],[72.6115,21.6357],[72.6101,21.6326],[72.6068,21.6321],[72.6015,21.6268],[72.6026,21.6204],[72.599,21.6174],[72.5971,21.6196],[72.5921,21.6193],[72.5899,21.6221],[72.5912,21.6246],[72.5879,21.6307],[72.5926,21.6385]]],[[[72.6712,21.4463],[72.676,21.4468],[72.676,21.4432],[72.6704,21.439],[72.666,21.4382],[72.6638,21.4396],[72.6654,21.4432],[72.6712,21.4463]]],[[[72.6062,21.6285],[72.6096,21.629],[72.6074,21.619],[72.6051,21.6196],[72.6049,21.6218],[72.6062,21.6285]]],[[[72.5957,21.6407],[72.5999,21.6396],[72.6026,21.6413],[72.6026,21.6399],[72.5987,21.6371],[72.5957,21.6407]]],[[[72.5435,21.756],[72.5441,21.7574],[72.544,21.749],[72.5435,21.756]]],[[[72.5826,21.6282],[72.5846,21.629],[72.584,21.626],[72.5813,21.6263],[72.5826,21.6282]]],[[[72.564,21.8129],[72.5648,21.8138],[72.5601,21.8061],[72.564,21.8129]]],[[[72.616,21.6379],[72.6171,21.6385],[72.6146,21.6354],[72.616,21.6379]]],[[[72.7496,21.6471],[72.751,21.6463],[72.749,21.6441],[72.7496,21.6471]]],[[[72.6107,21.6315],[72.6118,21.6321],[72.6099,21.6296],[72.6107,21.6315]]]]}},{"type":"Feature","properties":{"district":"Bhavnagar","state":"Gujarat","censuscode":481},"geometry":{"type":"MultiPolygon","coordinates":[[[[71.5952,22.3501],[71.5957,22.3399],[71.6073,22.3382],[71.6106,22.3302],[71.6114,22.3209],[71.6094,22.3025],[71.6157,22.2925],[71.6175,22.279],[71.6342,22.2752],[71.6393,22.261],[71.6455,22.2498],[71.6494,22.247],[71.646,22.242],[71.6389,22.2365],[71.626,22.2309],[71.6218,22.2276],[71.6209,22.2187],[71.6233,22.2109],[71.6279,22.2054],[71.6343,22.2022],[71.6491,22.2097],[71.6563,22.2162],[71.6624,22.2084],[71.6742,22.1992],[71.6922,22.2002],[71.7084,22.1829],[71.717,22.1902],[71.7214,22.1834],[71.7258,22.1815],[71.734,22.182],[71.7358,22.1761],[71.7372,22.1566],[71.7399,22.1495],[71.7454,22.1454],[71.7535,22.1447],[71.7582,22.1331],[71.7745,22.1372],[71.7999,22.131],[71.8112,22.1384],[71.8407,22.131],[71.8366,22.1148],[71.8448,22.1131],[71.8458,22.1102],[71.8494,22.1092],[71.8506,22.0954],[71.8691,22.0972],[71.8972,22.1032],[71.9014,22.1053],[71.9062,22.1248],[71.9397,22.1169],[71.9526,22.1103],[71.9616,22.1082],[71.9813,22.1048],[72.0026,22.1054],[72.0191,22.1036],[72.021,22.1045],[72.0319,22.1236],[72.0545,22.1051],[72.0602,22.1053],[72.0584,22.0954],[72.0771,22.0608],[72.0875,22.0572],[72.1248,22.0575],[72.1322,22.0521],[72.1389,22.04],[72.1629,22.0078],[72.1691,21.9971],[72.2,21.9853],[72.2157,21.9835],[72.2202,21.9843],[72.2274,21.9885],[72.2246,21.976],[72.221,21.9676],[72.2213,21.9565],[72.2087,21.9543],[72.1999,21.9493],[72.1918,21.9424],[72.1846,21.9463],[72.174,21.9588],[72.1668,21.9582],[72.164,21.9599],[72.1576,21.969],[72.1563,21.9757],[72.1465,21.9835],[72.156,21.974],[72.1574,21.9676],[72.161,21.9618],[72.1604,21.9593],[72.1518,21.9582],[72.1471,21.9549],[72.1537,21.9574],[72.1599,21.9574],[72.1671,21.9549],[72.1788,21.9463],[72.1835,21.9399],[72.1901,21.9371],[72.2024,21.9399],[72.2137,21.9488],[72.2201,21.9479],[72.2257,21.941],[72.2307,21.9268],[72.2424,21.9165],[72.2532,21.8974],[72.2582,21.8824],[72.2549,21.8568],[72.2588,21.8371],[72.2585,21.8007],[72.2601,21.7843],[72.271,21.7515],[72.2696,21.7465],[72.2646,21.7404],[72.2632,21.7407],[72.2551,21.7588],[72.2526,21.761],[72.2471,21.791],[72.2365,21.7965],[72.236,21.7946],[72.2329,21.7946],[72.2188,21.8018],[72.2129,21.8079],[72.2121,21.8143],[72.209,21.8207],[72.2032,21.8249],[72.1971,21.8274],[72.1893,21.8282],[72.1854,21.8274],[72.1829,21.8238],[72.1863,21.8265],[72.1949,21.8271],[72.2051,21.8224],[72.2093,21.8165],[72.2113,21.8065],[72.2154,21.8021],[72.2271,21.794],[72.2354,21.7918],[72.2412,21.7874],[72.2443,21.7704],[72.2435,21.7638],[72.246,21.7613],[72.2471,21.7512],[72.2498,21.7476],[72.2596,21.7235],[72.2693,21.7082],[72.2682,21.7063],[72.2776,21.6943],[72.2829,21.684],[72.2851,21.6788],[72.2854,21.6649],[72.3026,21.644],[72.3035,21.6365],[72.306,21.6318],[72.3057,21.6274],[72.3021,21.6193],[72.2857,21.5999],[72.269,21.5738],[72.2674,21.5632],[72.264,21.5565],[72.2648,21.5401],[72.2588,21.5229],[72.2585,21.5179],[72.2557,21.5129],[72.254,21.5018],[72.2426,21.4737],[72.2357,21.4643],[72.2351,21.4565],[72.226,21.4465],[72.224,21.4438],[72.2243,21.4404],[72.216,21.4321],[72.214,21.4271],[72.2021,21.4174],[72.2012,21.4129],[72.1957,21.4107],[72.1837,21.4004],[72.1765,21.3965],[72.1671,21.3829],[72.1668,21.3765],[72.1215,21.3254],[72.109,21.3015],[72.1118,21.2935],[72.109,21.2829],[72.1068,21.2829],[72.1018,21.2779],[72.0985,21.2832],[72.0965,21.2832],[72.0946,21.2857],[72.0949,21.2874],[72.0929,21.2874],[72.0974,21.2771],[72.0982,21.264],[72.0954,21.2615],[72.0924,21.2615],[72.0851,21.2493],[72.0835,21.2521],[72.0815,21.2518],[72.0813,21.2485],[72.0821,21.2457],[72.0857,21.2426],[72.0871,21.2335],[72.091,21.2265],[72.0949,21.2251],[72.0963,21.2229],[72.1013,21.2229],[72.1043,21.2249],[72.1068,21.221],[72.1093,21.221],[72.109,21.2251],[72.1124,21.2226],[72.111,21.2193],[72.1062,21.2176],[72.1051,21.2154],[72.1104,21.2146],[72.1124,21.2118],[72.1143,21.2118],[72.1126,21.2104],[72.1129,21.2071],[72.1104,21.2054],[72.1154,21.2021],[72.1137,21.1965],[72.1068,21.1951],[72.1085,21.1971],[72.1057,21.1968],[72.1004,21.1932],[72.0871,21.1904],[72.0871,21.1871],[72.0821,21.1865],[72.0749,21.1793],[72.0701,21.1799],[72.0676,21.1771],[72.064,21.1774],[72.0629,21.1726],[72.059,21.1732],[72.0593,21.1749],[72.0557,21.174],[72.0563,21.1713],[72.0488,21.164],[72.0465,21.159],[72.0426,21.1596],[72.0415,21.1626],[72.0388,21.1618],[72.0368,21.1585],[72.0263,21.154],[72.0215,21.1537],[72.0226,21.1557],[72.0182,21.1543],[72.0174,21.1499],[72.0099,21.1457],[72.0093,21.141],[72.0113,21.139],[72.0113,21.1351],[72.0082,21.1326],[72.006,21.1346],[72.0071,21.1376],[72.0024,21.1371],[72.0029,21.1399],[72.0043,21.1399],[72.0037,21.1415],[71.9899,21.1415],[71.9785,21.1354],[71.9832,21.1354],[71.9857,21.1332],[71.974,21.129],[71.9771,21.1285],[71.9746,21.1254],[71.9782,21.1238],[71.9768,21.121],[71.9701,21.1207],[71.9707,21.1232],[71.9685,21.1215],[71.9657,21.1224],[71.966,21.121],[71.9643,21.1204],[71.9665,21.1232],[71.9601,21.1246],[71.9568,21.1215],[71.9563,21.1232],[71.954,21.1229],[71.9521,21.1185],[71.9454,21.1176],[71.9435,21.1204],[71.9401,21.1151],[71.9318,21.116],[71.9318,21.1146],[71.9285,21.1146],[71.9262,21.111],[71.919,21.1129],[71.914,21.1104],[71.9096,21.1107],[71.9032,21.1085],[71.8993,21.1093],[71.8974,21.106],[71.889,21.1021],[71.8851,21.0946],[71.879,21.0896],[71.8746,21.0885],[71.874,21.0901],[71.8696,21.0901],[71.8704,21.0888],[71.8682,21.086],[71.8637,21.0868],[71.8607,21.0854],[71.8571,21.0813],[71.8526,21.0801],[71.8493,21.0765],[71.8468,21.0765],[71.8474,21.0785],[71.8426,21.0779],[71.841,21.0771],[71.8421,21.0749],[71.8324,21.0726],[71.8282,21.0693],[71.8238,21.0682],[71.8218,21.0718],[71.8199,21.0721],[71.8065,21.0638],[71.8021,21.0629],[71.7968,21.0579],[71.7963,21.0532],[71.7993,21.0515],[71.8007,21.0479],[71.8024,21.0482],[71.8029,21.0449],[71.8043,21.0457],[71.8038,21.0432],[71.8054,21.0426],[71.8068,21.0379],[71.8029,21.0388],[71.8007,21.0376],[71.7988,21.0393],[71.7918,21.0357],[71.7913,21.0396],[71.7888,21.0401],[71.786,21.0376],[71.7871,21.0404],[71.7849,21.0388],[71.779,21.0385],[71.7782,21.0399],[71.7782,21.0368],[71.7824,21.0346],[71.7832,21.0324],[71.7857,21.0329],[71.7854,21.0315],[71.7715,21.0287],[71.7712,21.0268],[71.7685,21.026],[71.7651,21.0263],[71.7638,21.0251],[71.7646,21.0218],[71.7607,21.0201],[71.7557,21.0207],[71.7526,21.0229],[71.7501,21.0199],[71.7471,21.0207],[71.7443,21.019],[71.7426,21.0201],[71.7387,21.0174],[71.7357,21.0207],[71.7301,21.0171],[71.7293,21.0135],[71.7288,21.0154],[71.7268,21.0149],[71.7282,21.019],[71.7274,21.0212],[71.7207,21.0218],[71.7151,21.0204],[71.6965,21.009],[71.689,21.0082],[71.6821,21.0043],[71.6793,21.0013],[71.6796,20.9974],[71.6661,21.0278],[71.663,21.0298],[71.6486,21.0289],[71.6399,21.0317],[71.638,21.039],[71.6372,21.0574],[71.6299,21.061],[71.6183,21.0591],[71.6133,21.0547],[71.6106,21.0548],[71.6096,21.0685],[71.6197,21.0711],[71.6257,21.0698],[71.6289,21.0725],[71.6299,21.0894],[71.6248,21.1076],[71.6197,21.1124],[71.6165,21.1124],[71.6111,21.1214],[71.6064,21.124],[71.6045,21.1318],[71.5983,21.1329],[71.589,21.1449],[71.5848,21.1451],[71.5801,21.1477],[71.5724,21.1544],[71.5582,21.1577],[71.5502,21.1705],[71.5415,21.1764],[71.5371,21.1725],[71.5182,21.1749],[71.519,21.1819],[71.5225,21.1842],[71.5222,21.1884],[71.5269,21.1929],[71.5201,21.219],[71.526,21.2306],[71.5236,21.2472],[71.5266,21.2592],[71.5318,21.2636],[71.5289,21.2759],[71.5323,21.2868],[71.5386,21.2886],[71.5524,21.2841],[71.562,21.2839],[71.5688,21.2867],[71.5729,21.2947],[71.5746,21.302],[71.5846,21.3109],[71.5902,21.3141],[71.5986,21.3147],[71.6151,21.322],[71.6229,21.3285],[71.6287,21.3363],[71.627,21.3439],[71.6283,21.3642],[71.6257,21.3701],[71.6289,21.3773],[71.6301,21.3866],[71.6156,21.3876],[71.6136,21.4017],[71.61,21.404],[71.6137,21.4219],[71.6119,21.4377],[71.5992,21.4426],[71.5902,21.4433],[71.5812,21.4423],[71.5616,21.4438],[71.5411,21.4415],[71.5311,21.4419],[71.5239,21.4598],[71.4995,21.4603],[71.4882,21.4664],[71.48,21.4755],[71.4781,21.4833],[71.4837,21.4897],[71.4883,21.513],[71.4994,21.5429],[71.509,21.5474],[71.5242,21.5489],[71.5372,21.5529],[71.5434,21.5562],[71.5464,21.5602],[71.5556,21.5826],[71.5556,21.5858],[71.5526,21.5897],[71.5517,21.6154],[71.5573,21.6242],[71.5777,21.632],[71.5832,21.6315],[71.5919,21.6271],[71.6206,21.6291],[71.6215,21.6356],[71.6197,21.6442],[71.6168,21.644],[71.6013,21.6537],[71.5887,21.659],[71.5859,21.6732],[71.5875,21.6892],[71.5931,21.6931],[71.5903,21.6991],[71.5906,21.7035],[71.5969,21.7099],[71.5968,21.7178],[71.5996,21.7214],[71.5969,21.7261],[71.5864,21.7338],[71.5629,21.7394],[71.547,21.7555],[71.5391,21.7693],[71.5336,21.7728],[71.5097,21.7811],[71.5102,21.7884],[71.4956,21.7996],[71.4914,21.8018],[71.4685,21.7987],[71.4561,21.8239],[71.4578,21.8314],[71.4572,21.8417],[71.4467,21.8515],[71.4485,21.859],[71.4524,21.8654],[71.4472,21.8718],[71.4388,21.8705],[71.4321,21.8751],[71.428,21.8753],[71.4247,21.8796],[71.4227,21.88],[71.4176,21.8773],[71.4165,21.8853],[71.4209,21.8886],[71.4168,21.9012],[71.4194,21.907],[71.4292,21.9068],[71.436,21.9047],[71.4437,21.9055],[71.4525,21.8944],[71.458,21.8939],[71.4584,21.9047],[71.4641,21.924],[71.4615,21.9301],[71.4552,21.9381],[71.4518,21.9375],[71.4488,21.9405],[71.445,21.9488],[71.4381,21.9491],[71.4193,21.9441],[71.4095,21.9473],[71.3978,21.9539],[71.3915,21.963],[71.3909,21.9747],[71.3922,21.9781],[71.4214,21.9875],[71.4249,21.9916],[71.4382,21.9976],[71.4492,21.9958],[71.4539,22.0001],[71.4595,22.0063],[71.4533,22.018],[71.4542,22.0303],[71.4703,22.0364],[71.4717,22.0394],[71.4798,22.0424],[71.483,22.0449],[71.4833,22.0525],[71.4948,22.0499],[71.5043,22.0531],[71.5057,22.0552],[71.5051,22.0615],[71.4996,22.0656],[71.4923,22.0658],[71.4903,22.0697],[71.4905,22.0744],[71.4956,22.0739],[71.4948,22.0988],[71.5004,22.111],[71.4858,22.1319],[71.4697,22.137],[71.4697,22.1434],[71.4783,22.1708],[71.4788,22.1843],[71.4766,22.1868],[71.4688,22.1852],[71.4662,22.1932],[71.4445,22.2025],[71.4413,22.2105],[71.4284,22.2051],[71.4271,22.2085],[71.4301,22.2106],[71.4282,22.2197],[71.4576,22.2304],[71.4546,22.234],[71.4587,22.2463],[71.4555,22.249],[71.4546,22.2551],[71.4484,22.2556],[71.4453,22.2499],[71.4334,22.261],[71.4402,22.2781],[71.4394,22.289],[71.4491,22.2928],[71.4799,22.2989],[71.4871,22.3021],[71.4956,22.3079],[71.5039,22.3215],[71.5093,22.3261],[71.5141,22.333],[71.5297,22.3432],[71.5574,22.3402],[71.5594,22.3382],[71.5629,22.3234],[71.5697,22.3201],[71.5756,22.3231],[71.5781,22.3287],[71.5801,22.3373],[71.5767,22.3441],[71.5781,22.3475],[71.5855,22.3477],[71.5872,22.3517],[71.5899,22.3524],[71.5952,22.3501]],[[71.6347,21.0933],[71.6387,21.089],[71.6429,21.0897],[71.65,21.0953],[71.649,21.0994],[71.6513,21.1001],[71.6544,21.0984],[71.6544,21.1085],[71.6498,21.1159],[71.6401,21.1082],[71.6394,21.1036],[71.6358,21.1025],[71.636,21.1005],[71.6437,21.099],[71.6419,21.0964],[71.6347,21.0933]]],[[[72.2954,22.0271],[72.2924,22.0135],[72.2876,22.0018],[72.2849,21.9821],[72.2799,21.9643],[72.271,21.9676],[72.2735,21.9613],[72.279,21.9549],[72.2771,21.9385],[72.2785,21.9321],[72.2751,21.9299],[72.2668,21.9374],[72.2632,21.9465],[72.2632,21.9526],[72.2604,21.9596],[72.2601,21.9729],[72.2665,21.9719],[72.2703,21.9867],[72.2768,22.0001],[72.2954,22.0271]]],[[[72.3532,21.6135],[72.3574,21.604],[72.3596,21.6021],[72.3615,21.6026],[72.364,21.6004],[72.3621,21.5985],[72.3651,21.5976],[72.3651,21.5879],[72.3626,21.5871],[72.3635,21.5857],[72.3621,21.5851],[72.3615,21.5813],[72.3587,21.5799],[72.3576,21.5815],[72.3549,21.5815],[72.3538,21.5851],[72.3521,21.5857],[72.3487,21.5996],[72.3454,21.6024],[72.3471,21.6104],[72.3532,21.6135]]],[[[72.2743,21.7496],[72.2826,21.7346],[72.2807,21.7274],[72.2876,21.7074],[72.2715,21.729],[72.2676,21.7365],[72.2676,21.7407],[72.2712,21.7437],[72.2743,21.7496]]],[[[72.3549,21.9432],[72.3585,21.9315],[72.3576,21.9304],[72.3568,21.9318],[72.3574,21.9293],[72.3604,21.9246],[72.3562,21.9251],[72.3543,21.9293],[72.3526,21.9254],[72.3476,21.929],[72.3521,21.9415],[72.3549,21.9432]]],[[[72.2301,22.0028],[72.2285,22.0001],[72.2304,21.9988],[72.229,21.9934],[72.2256,21.9975],[72.2251,22.0056],[72.2301,22.0028]]],[[[71.7038,20.9996],[71.7051,20.9977],[71.7038,20.9951],[71.7024,20.9965],[71.6954,20.9968],[71.6982,20.9993],[71.7038,20.9996]]],[[[71.7104,20.9996],[71.714,20.9977],[71.7096,20.9965],[71.706,20.9974],[71.7104,20.9996]]]]}},{"type":"Feature","properties":{"district":"Dohad","state":"Gujarat","censuscode":485},"geometry":{"type":"Polygon","coordinates":[[[73.9072,23.0458],[73.9142,23.05],[73.9202,23.0586],[73.9161,23.0751],[73.9193,23.0843],[73.9261,23.092],[73.9365,23.099],[73.9521,23.0995],[73.9555,23.1021],[73.9644,23.094],[73.989,23.0798],[74.0005,23.0803],[74.0232,23.0933],[74.0152,23.0989],[74.0133,23.1069],[74.0092,23.1096],[73.995,23.112],[73.99,23.1169],[73.9906,23.122],[74.0031,23.1232],[74.0034,23.1508],[74.0002,23.1529],[73.9859,23.1552],[73.9825,23.1602],[73.982,23.1725],[73.9929,23.1737],[73.9922,23.1904],[73.9904,23.1947],[73.9754,23.1963],[73.9718,23.2048],[73.9748,23.2079],[73.9881,23.2091],[73.9919,23.2122],[73.9942,23.2479],[73.9971,23.2546],[74.0041,23.2556],[74.0047,23.2592],[74.0041,23.2723],[74.0022,23.2795],[73.9981,23.283],[74.0023,23.2955],[74.0009,23.3085],[74.012,23.3325],[74.0298,23.3305],[74.0272,23.318],[74.033,23.3107],[74.0347,23.3038],[74.0448,23.309],[74.0468,23.3052],[74.0416,23.2942],[74.0458,23.2931],[74.0737,23.2962],[74.087,23.296],[74.0989,23.2938],[74.1038,23.2921],[74.1111,23.2754],[74.1272,23.2707],[74.1311,23.2674],[74.1334,23.2627],[74.1338,23.2428],[74.1367,23.2248],[74.1323,23.218],[74.1311,23.2132],[74.1219,23.2046],[74.1197,23.1896],[74.1217,23.1884],[74.1242,23.1768],[74.1429,23.1732],[74.1524,23.1557],[74.1579,23.1535],[74.1622,23.1544],[74.1839,23.1504],[74.1865,23.1558],[74.1869,23.1698],[74.1915,23.1765],[74.205,23.1899],[74.2268,23.1819],[74.2345,23.1806],[74.2435,23.1861],[74.2473,23.1763],[74.2594,23.1694],[74.2646,23.1638],[74.2694,23.1538],[74.2752,23.1318],[74.2857,23.1165],[74.2795,23.1042],[74.2783,23.0988],[74.28,23.0928],[74.3077,23.0773],[74.3203,23.0605],[74.3228,23.046],[74.3253,23.0405],[74.3364,23.0336],[74.3444,23.0317],[74.3468,23.028],[74.3482,23.0133],[74.3529,23.0008],[74.363,22.9876],[74.3684,22.9778],[74.3684,22.975],[74.3547,22.975],[74.3472,22.9665],[74.3391,22.9625],[74.3454,22.9512],[74.3575,22.94],[74.3595,22.9309],[74.3721,22.9203],[74.3791,22.9077],[74.3858,22.9049],[74.3905,22.8999],[74.3979,22.8971],[74.4057,22.902],[74.41,22.9105],[74.4163,22.9161],[74.4261,22.9175],[74.4296,22.9203],[74.4363,22.9154],[74.4418,22.9203],[74.4492,22.9217],[74.4527,22.916],[74.4606,22.9111],[74.4641,22.8985],[74.4641,22.8922],[74.4715,22.8725],[74.4719,22.8654],[74.4766,22.8563],[74.4696,22.8303],[74.4626,22.8128],[74.4571,22.81],[74.4367,22.8072],[74.4363,22.803],[74.4383,22.7973],[74.4368,22.7833],[74.4227,22.758],[74.418,22.7552],[74.4118,22.7425],[74.4004,22.7285],[74.3981,22.718],[74.3981,22.7046],[74.3942,22.6983],[74.3942,22.6899],[74.3821,22.6674],[74.3814,22.6414],[74.3783,22.6365],[74.37,22.6344],[74.3611,22.6344],[74.3411,22.64],[74.3341,22.6386],[74.3251,22.6421],[74.3224,22.6365],[74.3193,22.6344],[74.3142,22.6344],[74.3103,22.6365],[74.2915,22.6393],[74.2751,22.6456],[74.2704,22.6386],[74.2622,22.6428],[74.2591,22.6365],[74.2532,22.6337],[74.2533,22.6287],[74.2552,22.6245],[74.2544,22.6224],[74.2466,22.621],[74.2443,22.6154],[74.2404,22.6119],[74.2334,22.6119],[74.2229,22.5831],[74.2194,22.5796],[74.2151,22.5796],[74.2104,22.5655],[74.2062,22.5648],[74.196,22.5683],[74.1866,22.5655],[74.1917,22.5606],[74.1917,22.5549],[74.1882,22.5514],[74.1691,22.543],[74.1551,22.5324],[74.1532,22.5191],[74.1497,22.5156],[74.1349,22.5184],[74.1298,22.5169],[74.1239,22.5226],[74.1149,22.538],[74.1098,22.5394],[74.102,22.5359],[74.0805,22.5478],[74.0742,22.5499],[74.0629,22.5491],[74.0573,22.5589],[74.0424,22.568],[74.037,22.5701],[74.0203,22.5708],[74.016,22.5589],[74.0086,22.5567],[74.0,22.5567],[73.9843,22.5496],[73.97,22.5404],[73.9635,22.5383],[73.9375,22.5422],[73.928,22.5347],[73.9266,22.5276],[73.9082,22.5077],[73.8849,22.5029],[73.8737,22.5028],[73.8665,22.5043],[73.8525,22.5109],[73.848,22.5145],[73.8423,22.5241],[73.8399,22.5323],[73.8318,22.535],[73.8151,22.546],[73.8112,22.547],[73.8104,22.552],[73.8141,22.5545],[73.8305,22.5528],[73.8531,22.5549],[73.858,22.5563],[73.8615,22.5622],[73.8586,22.5715],[73.8532,22.5783],[73.8502,22.5898],[73.8282,22.6018],[73.8155,22.6047],[73.8081,22.6021],[73.8003,22.6065],[73.7989,22.6099],[73.8172,22.6212],[73.8207,22.6271],[73.828,22.6321],[73.8277,22.6403],[73.8221,22.6506],[73.8132,22.6537],[73.8024,22.6684],[73.802,22.6766],[73.8117,22.684],[73.8219,22.6821],[73.828,22.6858],[73.8316,22.6906],[73.8353,22.7188],[73.8413,22.7237],[73.8463,22.7251],[73.8509,22.7346],[73.848,22.7427],[73.8377,22.7481],[73.8258,22.7593],[73.823,22.765],[73.824,22.7709],[73.8288,22.7783],[73.8323,22.7796],[73.8459,22.7783],[73.8495,22.7792],[73.8517,22.7826],[73.849,22.8144],[73.8459,22.8189],[73.8402,22.823],[73.8404,22.8441],[73.8505,22.8443],[73.865,22.8397],[73.8683,22.8408],[73.8718,22.8458],[73.8815,22.8671],[73.8723,22.8711],[73.8762,22.8755],[73.8843,22.902],[73.8982,22.915],[73.9051,22.9248],[73.9044,22.9311],[73.9074,22.934],[73.8907,22.9427],[73.8897,22.9482],[73.9055,22.9578],[73.9111,22.9659],[73.9244,22.9691],[73.9306,22.9783],[73.9072,22.9829],[73.904,22.9898],[73.9058,23.0],[73.9104,23.0079],[73.9158,23.0129],[73.9102,23.0194],[73.9101,23.0389],[73.9072,23.0458]]]}},{"type":"Feature","properties":{"district":"Gandhinagar","state":"Gujarat","censuscode":473},"geometry":{"type":"Polygon","coordinates":[[[72.6637,23.5548],[72.6696,23.5538],[72.6743,23.5577],[72.68,23.5588],[72.6851,23.5554],[72.6861,23.5377],[72.6887,23.5305],[72.6993,23.5256],[72.7046,23.5259],[72.7084,23.5306],[72.7128,23.5316],[72.7295,23.5271],[72.7341,23.524],[72.7416,23.526],[72.7509,23.5351],[72.7601,23.5392],[72.7694,23.5392],[72.7776,23.5363],[72.7804,23.527],[72.7799,23.5109],[72.788,23.5105],[72.8017,23.5022],[72.7991,23.4951],[72.8154,23.4784],[72.8182,23.4612],[72.8069,23.4363],[72.7962,23.4229],[72.7981,23.4144],[72.803,23.4094],[72.8037,23.405],[72.802,23.4026],[72.7956,23.4028],[72.7796,23.4117],[72.7734,23.4124],[72.768,23.408],[72.7615,23.4058],[72.7415,23.4021],[72.732,23.398],[72.7261,23.3919],[72.7263,23.3861],[72.7423,23.3907],[72.748,23.3885],[72.7522,23.3818],[72.7516,23.3761],[72.7494,23.3723],[72.7515,23.3699],[72.7646,23.364],[72.7633,23.3528],[72.8072,23.3514],[72.8079,23.3395],[72.8053,23.3327],[72.799,23.3279],[72.7984,23.3241],[72.803,23.3172],[72.8115,23.3162],[72.8272,23.326],[72.8325,23.3272],[72.8383,23.3256],[72.8538,23.3153],[72.8613,23.3125],[72.8828,23.3117],[72.8868,23.3174],[72.8917,23.3201],[72.9072,23.3215],[72.9124,23.3189],[72.913,23.304],[72.9114,23.2952],[72.8845,23.2919],[72.8841,23.2906],[72.8873,23.2853],[72.893,23.2812],[72.8994,23.2801],[72.9128,23.2869],[72.9198,23.2866],[72.9212,23.2818],[72.9207,23.2641],[72.9278,23.2551],[72.9349,23.2421],[72.9417,23.2389],[72.9453,23.2408],[72.9495,23.2494],[72.9586,23.2434],[72.9621,23.2474],[72.9615,23.2575],[72.9688,23.2561],[72.9714,23.2623],[72.9782,23.2611],[72.9728,23.2797],[72.9869,23.2807],[72.9903,23.2826],[73.0,23.2966],[73.0184,23.2787],[73.0145,23.2777],[73.0,23.2624],[72.9923,23.2505],[72.9892,23.2423],[72.9888,23.2304],[72.9825,23.2146],[72.9827,23.2053],[72.9851,23.201],[72.9781,23.1789],[72.986,23.176],[72.9867,23.1735],[72.9793,23.1712],[72.9734,23.1668],[72.9733,23.1628],[72.9844,23.16],[73.0152,23.1607],[73.0142,23.1569],[73.0169,23.1481],[73.0197,23.1452],[73.0268,23.1433],[73.031,23.1366],[73.0261,23.1308],[73.0206,23.1289],[73.0002,23.1353],[72.9811,23.1286],[72.9772,23.1232],[72.976,23.1167],[72.9771,23.1104],[72.9704,23.1059],[72.9669,23.0908],[72.9627,23.0889],[72.9603,23.0849],[72.9626,23.0742],[72.9562,23.0737],[72.9282,23.0772],[72.9222,23.0694],[72.9134,23.0653],[72.9157,23.0544],[72.9081,23.035],[72.8973,23.021],[72.8917,23.0175],[72.8832,23.0157],[72.8728,23.0075],[72.8535,23.012],[72.8468,23.0114],[72.8511,23.0025],[72.8507,22.9996],[72.8408,22.993],[72.8244,23.0088],[72.8228,23.0123],[72.828,23.0164],[72.8235,23.0194],[72.8125,23.0221],[72.8108,23.0267],[72.8145,23.0344],[72.8104,23.0372],[72.8028,23.0391],[72.7979,23.0427],[72.7971,23.0534],[72.7927,23.0565],[72.7671,23.0589],[72.766,23.0624],[72.7791,23.0758],[72.7796,23.0811],[72.7766,23.0856],[72.7646,23.0932],[72.7495,23.0912],[72.7445,23.0928],[72.7409,23.0969],[72.7352,23.0982],[72.7205,23.0954],[72.7175,23.0975],[72.7129,23.1064],[72.708,23.1096],[72.7016,23.1098],[72.6909,23.1005],[72.6864,23.0997],[72.6828,23.1032],[72.676,23.1047],[72.6725,23.1006],[72.6711,23.0949],[72.6623,23.0947],[72.652,23.0974],[72.633,23.0905],[72.6096,23.0911],[72.6047,23.0887],[72.5998,23.0891],[72.5981,23.0948],[72.5906,23.0974],[72.5735,23.1075],[72.564,23.1094],[72.568,23.1266],[72.5654,23.1328],[72.5583,23.1351],[72.5517,23.1345],[72.5452,23.1315],[72.5418,23.1328],[72.5421,23.1449],[72.5473,23.1625],[72.5401,23.1643],[72.536,23.1639],[72.537,23.1589],[72.5358,23.154],[72.5289,23.1473],[72.5267,23.1472],[72.5104,23.1567],[72.5064,23.1546],[72.5039,23.1433],[72.488,23.1444],[72.4856,23.1341],[72.5005,23.1067],[72.4987,23.099],[72.4832,23.0963],[72.4779,23.0855],[72.459,23.0819],[72.461,23.0781],[72.4729,23.0708],[72.4726,23.064],[72.4679,23.0598],[72.4535,23.0604],[72.449,23.0589],[72.4462,23.0445],[72.4374,23.0432],[72.4319,23.0441],[72.43,23.0483],[72.4323,23.0562],[72.4276,23.065],[72.4153,23.064],[72.4058,23.0672],[72.4021,23.0628],[72.402,23.0583],[72.3991,23.0552],[72.3884,23.0521],[72.3822,23.0611],[72.381,23.0665],[72.3824,23.0772],[72.3744,23.0829],[72.369,23.0894],[72.3626,23.0869],[72.3556,23.0867],[72.3513,23.0895],[72.3434,23.1012],[72.3361,23.1073],[72.3394,23.1208],[72.3431,23.125],[72.3548,23.1216],[72.36,23.1143],[72.3638,23.1116],[72.3683,23.1041],[72.3669,23.0965],[72.3706,23.0965],[72.3743,23.1039],[72.3831,23.1108],[72.3906,23.121],[72.4006,23.124],[72.402,23.1282],[72.4047,23.1305],[72.4182,23.1315],[72.4209,23.1367],[72.4268,23.1425],[72.428,23.1512],[72.4019,23.1469],[72.395,23.1484],[72.3908,23.1518],[72.3852,23.162],[72.3854,23.1688],[72.399,23.1825],[72.4068,23.1863],[72.4139,23.1872],[72.4142,23.1951],[72.4174,23.2038],[72.4234,23.2046],[72.4399,23.1937],[72.4452,23.1963],[72.44,23.2055],[72.4299,23.2333],[72.4252,23.2417],[72.429,23.2458],[72.4407,23.2441],[72.4449,23.2471],[72.4467,23.2527],[72.4348,23.258],[72.4235,23.2577],[72.4148,23.2811],[72.4153,23.2851],[72.4252,23.3017],[72.4312,23.3045],[72.4391,23.3051],[72.4522,23.2976],[72.4735,23.3003],[72.4697,23.3038],[72.4588,23.3091],[72.4621,23.3111],[72.4683,23.3119],[72.4773,23.3102],[72.4797,23.316],[72.4787,23.3271],[72.4718,23.3399],[72.4796,23.3429],[72.4874,23.3388],[72.5045,23.3433],[72.5211,23.3505],[72.5213,23.3627],[72.5083,23.372],[72.5053,23.3765],[72.5048,23.3852],[72.5217,23.4009],[72.5238,23.4084],[72.5245,23.42],[72.5364,23.4244],[72.5419,23.4307],[72.5358,23.4592],[72.5747,23.4579],[72.5816,23.4624],[72.5873,23.4717],[72.586,23.4786],[72.5904,23.4875],[72.5918,23.5188],[72.5982,23.5228],[72.6037,23.5202],[72.6164,23.5085],[72.6245,23.508],[72.6288,23.5107],[72.6307,23.556],[72.636,23.5633],[72.643,23.5661],[72.6523,23.567],[72.6587,23.5652],[72.6631,23.5588],[72.6637,23.5548]]]}},{"type":"Feature","properties":{"district":"Jamnagar","state":"Gujarat","censuscode":477},"geometry":{"type":"MultiPolygon","coordinates":[[[[70.4365,22.9642],[70.4525,22.9495],[70.4698,22.9398],[70.4873,22.9328],[70.5104,22.9339],[70.5188,22.9319],[70.5363,22.9235],[70.5445,22.9216],[70.5477,22.928],[70.5511,22.9281],[70.5673,22.9135],[70.5794,22.9151],[70.5811,22.9097],[70.5914,22.902],[70.595,22.8931],[70.5971,22.8899],[70.6006,22.8889],[70.6045,22.8804],[70.615,22.877],[70.6228,22.8774],[70.6302,22.8691],[70.639,22.8648],[70.6458,22.8592],[70.6476,22.8515],[70.6566,22.8411],[70.662,22.8313],[70.6423,22.8226],[70.6477,22.814],[70.6505,22.8053],[70.651,22.7943],[70.648,22.7867],[70.6351,22.7779],[70.6251,22.7772],[70.6148,22.7646],[70.6197,22.7376],[70.6235,22.7271],[70.6308,22.7206],[70.6376,22.7252],[70.6385,22.7166],[70.644,22.7045],[70.6427,22.7014],[70.6347,22.7027],[70.633,22.7016],[70.6317,22.6967],[70.6144,22.693],[70.6127,22.6914],[70.6114,22.6856],[70.6147,22.653],[70.6129,22.6481],[70.6063,22.6401],[70.6016,22.6375],[70.574,22.6313],[70.5717,22.6165],[70.5473,22.5637],[70.5474,22.5591],[70.5527,22.5467],[70.5575,22.54],[70.5658,22.5441],[70.57,22.5519],[70.5733,22.5523],[70.5795,22.5488],[70.5956,22.5333],[70.6013,22.5324],[70.6015,22.5296],[70.5703,22.5199],[70.5627,22.53],[70.5447,22.5313],[70.5367,22.5289],[70.5326,22.5161],[70.5263,22.5121],[70.5318,22.4974],[70.5349,22.4951],[70.5753,22.5098],[70.5858,22.486],[70.5617,22.4846],[70.5411,22.4774],[70.5501,22.4658],[70.55,22.4616],[70.5344,22.457],[70.5278,22.4634],[70.5141,22.4647],[70.5075,22.4808],[70.5015,22.4887],[70.497,22.4851],[70.4955,22.4745],[70.4969,22.4696],[70.5031,22.4699],[70.5036,22.4656],[70.4973,22.4634],[70.4994,22.4532],[70.4955,22.4505],[70.4863,22.45],[70.4797,22.4527],[70.469,22.4671],[70.4659,22.4673],[70.463,22.4646],[70.4588,22.4501],[70.453,22.4485],[70.4598,22.4392],[70.4584,22.4374],[70.4456,22.4326],[70.4455,22.4283],[70.4601,22.418],[70.4712,22.4249],[70.4764,22.4236],[70.4877,22.4264],[70.5036,22.4267],[70.5063,22.4141],[70.5029,22.4115],[70.4905,22.4097],[70.4864,22.3938],[70.479,22.3838],[70.4738,22.3807],[70.474,22.3757],[70.4849,22.3656],[70.5065,22.3613],[70.51,22.3625],[70.5129,22.358],[70.5169,22.359],[70.5278,22.3403],[70.5165,22.3341],[70.5151,22.3289],[70.4973,22.3218],[70.4897,22.327],[70.4727,22.3261],[70.469,22.3224],[70.4706,22.3118],[70.4744,22.3071],[70.492,22.2967],[70.4976,22.2866],[70.5042,22.2785],[70.5192,22.2474],[70.5216,22.2454],[70.5337,22.249],[70.5464,22.23],[70.565,22.2335],[70.5749,22.2382],[70.5843,22.2095],[70.5873,22.2065],[70.5918,22.2064],[70.5982,22.2007],[70.6117,22.1939],[70.6107,22.1902],[70.6003,22.1916],[70.5841,22.1866],[70.5804,22.1834],[70.5811,22.1743],[70.5847,22.1678],[70.5812,22.1652],[70.5696,22.1622],[70.5614,22.1433],[70.5652,22.132],[70.5637,22.1285],[70.5702,22.1186],[70.575,22.1167],[70.586,22.1174],[70.5865,22.1127],[70.5832,22.1037],[70.5793,22.0988],[70.5754,22.1009],[70.5612,22.0985],[70.5562,22.0952],[70.5497,22.0807],[70.5589,22.0807],[70.5599,22.0742],[70.5471,22.0614],[70.5476,22.048],[70.5578,22.0443],[70.568,22.0358],[70.5679,22.0292],[70.5434,22.0097],[70.5353,22.0056],[70.5176,22.0029],[70.5124,21.9992],[70.5069,21.9993],[70.5028,21.9958],[70.4993,21.9974],[70.4969,22.0049],[70.4974,22.0126],[70.5004,22.0171],[70.5085,22.0192],[70.5182,22.0186],[70.5245,22.0373],[70.5296,22.0408],[70.5269,22.0453],[70.5214,22.0479],[70.5062,22.0506],[70.4949,22.0545],[70.4704,22.0543],[70.4566,22.0523],[70.4537,22.0506],[70.455,22.0431],[70.4527,22.0371],[70.4368,22.0316],[70.4149,22.0286],[70.4133,22.0297],[70.4167,22.0337],[70.4127,22.0354],[70.4061,22.0341],[70.3999,22.0352],[70.3969,22.0389],[70.3841,22.0405],[70.3733,22.0463],[70.3626,22.0458],[70.3463,22.0515],[70.3288,22.0486],[70.3257,22.042],[70.3273,22.0258],[70.3263,22.0175],[70.3184,22.0128],[70.2984,22.0125],[70.2962,22.0093],[70.3032,22.0006],[70.304,21.997],[70.3023,21.9937],[70.2968,21.995],[70.2914,22.0034],[70.2872,22.0043],[70.2773,21.9969],[70.2689,22.0024],[70.2641,22.0023],[70.2588,21.9941],[70.2551,21.9844],[70.2516,21.9676],[70.248,21.9651],[70.2382,21.9625],[70.2303,21.965],[70.2157,21.9649],[70.2064,21.9617],[70.2061,21.9588],[70.2124,21.9487],[70.2165,21.9352],[70.2172,21.927],[70.2153,21.9076],[70.2058,21.8995],[70.1951,21.893],[70.1779,21.8943],[70.1738,21.9233],[70.1668,21.9363],[70.1446,21.9408],[70.1412,21.9265],[70.1402,21.9168],[70.1426,21.91],[70.1403,21.9081],[70.1394,21.8938],[70.1349,21.8824],[70.1246,21.877],[70.1223,21.8722],[70.1273,21.865],[70.117,21.8597],[70.11,21.8515],[70.0974,21.8476],[70.091,21.8354],[70.092,21.8302],[70.1031,21.8296],[70.1079,21.8269],[70.1092,21.8238],[70.1035,21.8181],[70.101,21.8176],[70.0976,21.8206],[70.0934,21.8191],[70.0831,21.8195],[70.0812,21.8182],[70.0923,21.8023],[70.0898,21.8],[70.058,21.7993],[70.0301,21.7912],[70.0347,21.7841],[70.0492,21.7728],[70.0557,21.7575],[70.0667,21.7509],[70.0731,21.734],[70.0751,21.7324],[70.0558,21.7016],[70.0503,21.6981],[70.035,21.6979],[70.0287,21.7009],[70.0211,21.7078],[70.0195,21.7152],[70.0196,21.7448],[70.0128,21.748],[70.0086,21.7573],[70.0085,21.7812],[70.0116,21.7989],[70.0098,21.8009],[69.9905,21.808],[69.9756,21.7993],[69.9594,21.796],[69.9497,21.7896],[69.9461,21.7933],[69.9333,21.7802],[69.9282,21.7778],[69.9157,21.7789],[69.8812,21.7673],[69.8793,21.7679],[69.8699,21.78],[69.8654,21.7754],[69.8675,21.7544],[69.8671,21.7354],[69.8535,21.7307],[69.8465,21.7304],[69.8393,21.7326],[69.8341,21.7413],[69.8176,21.7403],[69.8102,21.7673],[69.8134,21.7736],[69.8158,21.7859],[69.8174,21.8129],[69.8152,21.8225],[69.7889,21.8236],[69.7675,21.8203],[69.7595,21.8214],[69.7516,21.8269],[69.7399,21.8314],[69.7253,21.8183],[69.7243,21.8041],[69.714,21.7929],[69.7095,21.7961],[69.7015,21.7951],[69.6988,21.8056],[69.692,21.8096],[69.6913,21.8152],[69.688,21.8186],[69.6766,21.8186],[69.6754,21.815],[69.6763,21.8105],[69.6654,21.8117],[69.6572,21.8343],[69.6533,21.8366],[69.6453,21.8363],[69.637,21.8325],[69.6323,21.8272],[69.6333,21.8139],[69.6321,21.8026],[69.6183,21.8016],[69.6164,21.8026],[69.6159,21.8058],[69.6135,21.8072],[69.6128,21.8128],[69.6134,21.83],[69.6099,21.8299],[69.6094,21.8442],[69.6112,21.8633],[69.6188,21.8691],[69.6324,21.8688],[69.6355,21.8741],[69.6473,21.8702],[69.6575,21.8691],[69.6667,21.8842],[69.6682,21.8922],[69.6673,21.8995],[69.6723,21.902],[69.6728,21.9046],[69.6673,21.9223],[69.6711,21.9245],[69.682,21.9253],[69.6863,21.9096],[69.6915,21.9121],[69.7077,21.9264],[69.7089,21.9319],[69.7234,21.9375],[69.7226,21.9402],[69.7258,21.955],[69.7217,21.9562],[69.7166,21.9743],[69.6894,21.9774],[69.684,21.9584],[69.6517,21.9544],[69.6571,21.9282],[69.657,21.9217],[69.6423,21.9174],[69.6337,21.9179],[69.6291,21.922],[69.6209,21.94],[69.6176,21.9406],[69.6123,21.9456],[69.6077,21.9444],[69.581,21.9448],[69.5654,21.9402],[69.5478,21.9284],[69.5437,21.9227],[69.5356,21.8912],[69.5325,21.8884],[69.5255,21.8899],[69.5055,21.8997],[69.5025,21.8947],[69.4992,21.8928],[69.488,21.8937],[69.4872,21.8732],[69.4848,21.8731],[69.4895,21.8548],[69.4864,21.8539],[69.449,21.8508],[69.4363,21.8733],[69.4282,21.8822],[69.4209,21.8797],[69.4136,21.8831],[69.4074,21.8905],[69.4038,21.8897],[69.4006,21.8848],[69.3898,21.8771],[69.3861,21.8713],[69.3851,21.8512],[69.3813,21.8422],[69.3808,21.8342],[69.3783,21.8285],[69.374,21.8276],[69.3674,21.8329],[69.3521,21.8388],[69.3238,21.861],[69.2901,21.8904],[69.2832,21.8946],[69.2751,21.9037],[69.2574,21.9188],[69.2479,21.9299],[69.2365,21.9382],[69.211,21.9643],[69.1974,21.9807],[69.2015,21.9846],[69.1929,21.9837],[69.1771,21.9996],[69.1543,22.0265],[69.1507,22.0285],[69.1082,22.0735],[69.0876,22.0999],[69.0551,22.1285],[69.0229,22.1679],[69.0076,22.1815],[68.981,22.2118],[68.979,22.2168],[68.9713,22.226],[68.969,22.2318],[68.9632,22.2374],[68.9574,22.2377],[68.954,22.2437],[68.9529,22.2524],[68.9576,22.256],[68.9579,22.2579],[68.9435,22.2851],[68.9371,22.3032],[68.936,22.3121],[68.9426,22.3329],[68.9463,22.3315],[68.9518,22.3321],[68.9565,22.3382],[68.9557,22.3457],[68.959,22.3518],[68.9568,22.3665],[68.9668,22.3813],[68.9693,22.3915],[68.9846,22.4143],[68.9935,22.4204],[68.9949,22.4249],[69.0004,22.4293],[69.0035,22.434],[69.0051,22.434],[69.006,22.4382],[69.0179,22.4468],[69.0279,22.4507],[69.0321,22.4549],[69.0599,22.4674],[69.0674,22.4768],[69.0662,22.4771],[69.0674,22.4801],[69.0699,22.4774],[69.0793,22.4793],[69.0804,22.4757],[69.0851,22.474],[69.0854,22.4724],[69.0768,22.4646],[69.0735,22.4521],[69.0671,22.4518],[69.0521,22.4401],[69.0501,22.4368],[69.0451,22.4368],[69.0437,22.4326],[69.0549,22.4107],[69.0613,22.4074],[69.0621,22.4021],[69.0693,22.3957],[69.0799,22.3924],[69.0915,22.3946],[69.0987,22.399],[69.0987,22.4082],[69.1026,22.4101],[69.1099,22.4101],[69.114,22.4049],[69.1188,22.4049],[69.124,22.3999],[69.129,22.3979],[69.1307,22.4029],[69.1485,22.4026],[69.1543,22.4076],[69.156,22.4121],[69.1621,22.4152],[69.1654,22.4126],[69.1699,22.4143],[69.1699,22.416],[69.1732,22.4182],[69.1693,22.4201],[69.1757,22.4243],[69.1785,22.4218],[69.1829,22.421],[69.194,22.4237],[69.1951,22.4207],[69.1924,22.4163],[69.1935,22.4088],[69.196,22.4046],[69.199,22.4032],[69.2001,22.4046],[69.2035,22.4043],[69.2043,22.4018],[69.1996,22.4007],[69.1979,22.3976],[69.1979,22.394],[69.2004,22.3918],[69.2001,22.3904],[69.1979,22.3904],[69.1982,22.3876],[69.1882,22.386],[69.1815,22.3785],[69.1788,22.3779],[69.1801,22.3749],[69.1829,22.3763],[69.1832,22.3729],[69.1804,22.3668],[69.1774,22.3679],[69.1765,22.3643],[69.1735,22.3626],[69.1732,22.3568],[69.1779,22.3563],[69.1738,22.3507],[69.1738,22.3485],[69.1762,22.3476],[69.1735,22.3465],[69.1704,22.3485],[69.1676,22.3451],[69.1696,22.3426],[69.1685,22.3379],[69.1699,22.3376],[69.1682,22.3265],[69.1579,22.316],[69.1579,22.3129],[69.1604,22.3065],[69.1696,22.2943],[69.2026,22.2665],[69.2235,22.2579],[69.2326,22.2579],[69.2387,22.2593],[69.2421,22.2649],[69.2465,22.2651],[69.2504,22.261],[69.2518,22.2649],[69.2496,22.2643],[69.249,22.2671],[69.2724,22.271],[69.2754,22.269],[69.2782,22.2718],[69.2838,22.2721],[69.2851,22.274],[69.291,22.2757],[69.2951,22.2799],[69.2924,22.2863],[69.2949,22.286],[69.2963,22.2835],[69.2979,22.2876],[69.3087,22.2865],[69.3138,22.2882],[69.3121,22.2918],[69.3199,22.2913],[69.3249,22.2954],[69.3243,22.2985],[69.3262,22.3015],[69.3238,22.3035],[69.326,22.304],[69.3265,22.3021],[69.3271,22.304],[69.3332,22.3038],[69.3376,22.3118],[69.3374,22.3182],[69.3351,22.3215],[69.3324,22.3213],[69.3307,22.3243],[69.3318,22.3268],[69.3304,22.3282],[69.3335,22.3288],[69.3343,22.3304],[69.3401,22.3304],[69.3426,22.3285],[69.3532,22.3268],[69.3546,22.3249],[69.3626,22.3221],[69.3665,22.3221],[69.3674,22.3196],[69.3646,22.3165],[69.3729,22.3182],[69.3763,22.3199],[69.376,22.3221],[69.3832,22.3224],[69.3854,22.3215],[69.3863,22.3185],[69.3899,22.3215],[69.3968,22.321],[69.401,22.3196],[69.4026,22.316],[69.4193,22.3157],[69.4299,22.321],[69.4313,22.3201],[69.4357,22.3221],[69.4418,22.3304],[69.4488,22.3315],[69.4543,22.3357],[69.4576,22.3324],[69.4604,22.3338],[69.4618,22.3313],[69.4674,22.3301],[69.4704,22.3329],[69.476,22.3335],[69.4774,22.3351],[69.4804,22.334],[69.4885,22.3379],[69.4879,22.3485],[69.4901,22.3557],[69.499,22.366],[69.5093,22.3699],[69.516,22.3746],[69.5212,22.3793],[69.5238,22.3857],[69.5235,22.3888],[69.516,22.3951],[69.5157,22.4057],[69.5179,22.411],[69.5151,22.4168],[69.511,22.4176],[69.5093,22.4224],[69.5065,22.4221],[69.5032,22.4246],[69.5015,22.4315],[69.4982,22.4357],[69.5026,22.4332],[69.504,22.4266],[69.5068,22.4274],[69.5071,22.4237],[69.509,22.4257],[69.5229,22.4265],[69.5238,22.4243],[69.5268,22.4237],[69.5329,22.419],[69.536,22.414],[69.5362,22.4099],[69.5393,22.4101],[69.5463,22.4054],[69.5507,22.4049],[69.5532,22.3987],[69.5515,22.3938],[69.5488,22.394],[69.5537,22.3888],[69.556,22.3885],[69.5574,22.3754],[69.5507,22.3754],[69.5515,22.3735],[69.5504,22.3724],[69.5599,22.3668],[69.5596,22.3638],[69.5632,22.359],[69.5618,22.3557],[69.5662,22.3574],[69.5693,22.3635],[69.5757,22.3685],[69.581,22.3668],[69.5829,22.3615],[69.5888,22.3626],[69.5912,22.361],[69.5924,22.3568],[69.5907,22.354],[69.5796,22.3468],[69.5788,22.3382],[69.5746,22.3371],[69.5718,22.3343],[69.5757,22.319],[69.5765,22.3249],[69.5729,22.3332],[69.576,22.3363],[69.5801,22.3376],[69.5818,22.3463],[69.5943,22.3524],[69.5963,22.3479],[69.5993,22.3507],[69.6021,22.3471],[69.6015,22.3513],[69.6049,22.3513],[69.6057,22.341],[69.6074,22.3385],[69.6068,22.3479],[69.609,22.3493],[69.6124,22.3404],[69.6099,22.3315],[69.6062,22.3271],[69.6068,22.3257],[69.6096,22.3293],[69.6118,22.3368],[69.6143,22.3379],[69.6174,22.3463],[69.6168,22.3546],[69.6199,22.3571],[69.6168,22.3651],[69.6179,22.3685],[69.6235,22.3671],[69.6243,22.3643],[69.6296,22.3632],[69.6363,22.3585],[69.6407,22.359],[69.6432,22.356],[69.6457,22.3579],[69.6546,22.359],[69.6565,22.3604],[69.6571,22.3638],[69.6554,22.3674],[69.6571,22.3718],[69.656,22.3768],[69.659,22.3793],[69.6601,22.3879],[69.6635,22.389],[69.664,22.3938],[69.6674,22.3926],[69.671,22.3954],[69.6779,22.394],[69.6813,22.3954],[69.6993,22.396],[69.7001,22.3985],[69.6979,22.399],[69.6971,22.411],[69.6924,22.4199],[69.6968,22.4282],[69.7021,22.4338],[69.6974,22.441],[69.6979,22.4429],[69.6801,22.4432],[69.6776,22.4396],[69.6732,22.4404],[69.6718,22.4393],[69.6715,22.4413],[69.6738,22.4418],[69.6718,22.4451],[69.6718,22.4507],[69.6735,22.4499],[69.6726,22.4451],[69.6749,22.4421],[69.6793,22.444],[69.6882,22.4443],[69.6876,22.4471],[69.691,22.4513],[69.6982,22.454],[69.701,22.4574],[69.6999,22.4479],[69.7035,22.4471],[69.7099,22.4571],[69.7154,22.4607],[69.7204,22.4618],[69.7226,22.4646],[69.7251,22.4646],[69.7254,22.4668],[69.7224,22.4688],[69.7282,22.4738],[69.7307,22.4738],[69.736,22.4688],[69.7404,22.459],[69.7401,22.449],[69.7374,22.4482],[69.7385,22.446],[69.7349,22.4438],[69.7393,22.4429],[69.7396,22.4401],[69.7426,22.4393],[69.7426,22.4371],[69.7462,22.4338],[69.7446,22.4307],[69.7462,22.429],[69.749,22.4301],[69.7507,22.4274],[69.7557,22.4262],[69.7554,22.4318],[69.7582,22.4415],[69.7596,22.4415],[69.7621,22.4321],[69.7735,22.4226],[69.7749,22.4188],[69.7779,22.4168],[69.779,22.4126],[69.784,22.4112],[69.786,22.4076],[69.7893,22.4088],[69.7882,22.4057],[69.7926,22.4035],[69.7962,22.4037],[69.7976,22.3999],[69.7999,22.4043],[69.8021,22.4051],[69.8057,22.4037],[69.811,22.4085],[69.8124,22.4143],[69.8176,22.4182],[69.8188,22.4218],[69.8174,22.4235],[69.8196,22.4229],[69.8199,22.4254],[69.8229,22.4274],[69.824,22.4321],[69.8226,22.4351],[69.8251,22.4396],[69.8282,22.4415],[69.829,22.4449],[69.8265,22.4485],[69.8209,22.4521],[69.8243,22.4574],[69.8271,22.4582],[69.8299,22.4499],[69.8343,22.4532],[69.8346,22.4754],[69.8363,22.4743],[69.8354,22.4579],[69.8365,22.4626],[69.8376,22.4614],[69.8363,22.454],[69.841,22.456],[69.8499,22.454],[69.8604,22.4468],[69.8715,22.4468],[69.8738,22.4474],[69.8738,22.4496],[69.876,22.4482],[69.8824,22.4538],[69.8835,22.4579],[69.8893,22.4593],[69.8924,22.464],[69.9004,22.4679],[69.9037,22.4679],[69.9043,22.4632],[69.9076,22.4624],[69.9074,22.4604],[69.9101,22.4599],[69.914,22.4563],[69.9096,22.4671],[69.9112,22.4674],[69.9099,22.4754],[69.9121,22.4793],[69.9132,22.4896],[69.9187,22.4938],[69.9251,22.5054],[69.9382,22.5138],[69.9412,22.5132],[69.9479,22.5071],[69.9551,22.504],[69.9563,22.4954],[69.9574,22.4954],[69.9576,22.5001],[69.9554,22.5046],[69.959,22.5093],[69.9563,22.5082],[69.9518,22.509],[69.949,22.5129],[69.9449,22.5149],[69.9449,22.5185],[69.946,22.5201],[69.9474,22.5196],[69.946,22.5285],[69.954,22.5299],[69.9629,22.5374],[69.9735,22.5407],[69.9799,22.5401],[69.984,22.5418],[69.9846,22.5388],[69.9815,22.5354],[69.9829,22.5349],[69.9857,22.5385],[69.9857,22.5415],[69.9824,22.5429],[69.9757,22.5413],[69.9749,22.5424],[69.9763,22.5432],[69.9988,22.5474],[70.0013,22.5474],[70.004,22.5443],[70.0043,22.5465],[70.0104,22.5488],[70.0149,22.5468],[70.0199,22.5468],[70.0243,22.5507],[70.0268,22.551],[70.0285,22.5496],[70.0282,22.5468],[70.0235,22.5432],[70.0221,22.5396],[70.0235,22.5396],[70.0293,22.5446],[70.0304,22.5518],[70.0335,22.5565],[70.0365,22.559],[70.0401,22.559],[70.039,22.5629],[70.0404,22.5629],[70.0446,22.5562],[70.0596,22.5513],[70.0646,22.5468],[70.0726,22.5501],[70.0826,22.5477],[70.0857,22.5449],[70.0907,22.5465],[70.1062,22.546],[70.1168,22.5482],[70.1218,22.5457],[70.1243,22.5477],[70.1376,22.5482],[70.1402,22.5504],[70.1435,22.5496],[70.144,22.5521],[70.1474,22.5535],[70.1629,22.5515],[70.1668,22.5554],[70.1712,22.5571],[70.1749,22.5629],[70.174,22.5654],[70.1757,22.569],[70.1796,22.5713],[70.1807,22.5754],[70.1826,22.5751],[70.1837,22.5804],[70.1874,22.5821],[70.1882,22.5854],[70.1943,22.5829],[70.196,22.589],[70.1946,22.589],[70.1932,22.586],[70.1932,22.5982],[70.1946,22.5988],[70.194,22.6018],[70.1957,22.6018],[70.1943,22.6038],[70.1954,22.606],[70.1963,22.6049],[70.1985,22.6057],[70.1996,22.6038],[70.2007,22.6038],[70.2004,22.6057],[70.2013,22.6046],[70.2032,22.6054],[70.2024,22.6079],[70.1985,22.6065],[70.1999,22.6096],[70.1988,22.611],[70.1951,22.6107],[70.1951,22.6129],[70.1985,22.6129],[70.1974,22.6168],[70.1996,22.6154],[70.1993,22.6174],[70.2018,22.6199],[70.2085,22.6218],[70.2082,22.6254],[70.2115,22.6232],[70.2126,22.6262],[70.2115,22.6262],[70.2115,22.6299],[70.2135,22.6301],[70.2154,22.6276],[70.2176,22.6279],[70.2179,22.6301],[70.2199,22.6296],[70.2201,22.6346],[70.2138,22.634],[70.2179,22.6365],[70.2154,22.6393],[70.2162,22.6415],[70.2176,22.6388],[70.2199,22.6388],[70.2193,22.6374],[70.226,22.6399],[70.2251,22.6421],[70.2282,22.646],[70.2301,22.6457],[70.2307,22.6496],[70.2351,22.6499],[70.2338,22.6526],[70.2321,22.6515],[70.2296,22.6538],[70.229,22.6574],[70.234,22.6549],[70.236,22.656],[70.2349,22.6599],[70.2429,22.6626],[70.2401,22.6657],[70.2407,22.6685],[70.2454,22.6699],[70.2446,22.6724],[70.2468,22.6718],[70.2454,22.6746],[70.2438,22.6746],[70.2449,22.676],[70.2426,22.6749],[70.2387,22.6782],[70.2418,22.6818],[70.2432,22.6815],[70.2421,22.6798],[70.2438,22.6785],[70.2454,22.6793],[70.2451,22.6824],[70.2493,22.6851],[70.2499,22.689],[70.2485,22.6899],[70.251,22.6901],[70.249,22.691],[70.2515,22.6918],[70.2518,22.6907],[70.2532,22.6929],[70.2507,22.6935],[70.2518,22.6963],[70.2507,22.6951],[70.2451,22.6968],[70.239,22.696],[70.2385,22.7018],[70.2449,22.7051],[70.2451,22.7065],[70.2438,22.7068],[70.2404,22.7046],[70.2415,22.7079],[70.2465,22.7115],[70.2493,22.7121],[70.2493,22.7049],[70.2504,22.706],[70.2532,22.7049],[70.2551,22.7065],[70.2554,22.7126],[70.2535,22.7146],[70.2551,22.7151],[70.2535,22.7199],[70.2554,22.7218],[70.2549,22.724],[70.2579,22.7235],[70.2588,22.7265],[70.2546,22.7263],[70.2537,22.7238],[70.251,22.7246],[70.2543,22.7276],[70.2532,22.7301],[70.2557,22.729],[70.2529,22.7335],[70.2563,22.7301],[70.2607,22.731],[70.2626,22.7374],[70.2646,22.7382],[70.2643,22.7363],[70.2674,22.7374],[70.2704,22.7332],[70.2743,22.7335],[70.276,22.7313],[70.2754,22.7346],[70.2799,22.7379],[70.2807,22.7407],[70.2824,22.7401],[70.2888,22.746],[70.2838,22.7468],[70.2826,22.7488],[70.2865,22.7471],[70.2935,22.7488],[70.2949,22.7504],[70.294,22.7526],[70.2971,22.7518],[70.2971,22.7535],[70.299,22.7538],[70.2982,22.7574],[70.2993,22.7568],[70.3012,22.7601],[70.3012,22.7576],[70.3032,22.7576],[70.3018,22.7668],[70.3046,22.7651],[70.3054,22.7668],[70.3004,22.7707],[70.3057,22.7746],[70.3068,22.7801],[70.3004,22.7782],[70.3076,22.7824],[70.3074,22.784],[70.3107,22.7868],[70.3129,22.7857],[70.3118,22.7913],[70.3096,22.7921],[70.311,22.794],[70.3093,22.796],[70.3199,22.7965],[70.321,22.7987],[70.3163,22.7987],[70.3185,22.8054],[70.3215,22.8079],[70.3215,22.8054],[70.3238,22.8032],[70.3254,22.8068],[70.324,22.8101],[70.3257,22.8104],[70.3268,22.8137],[70.3313,22.8154],[70.3326,22.8221],[70.3351,22.8221],[70.3351,22.8243],[70.3374,22.8246],[70.339,22.8315],[70.3371,22.8349],[70.339,22.8435],[70.3504,22.8604],[70.3532,22.8657],[70.3537,22.8707],[70.3574,22.8727],[70.3851,22.9099],[70.3879,22.9093],[70.4043,22.9165],[70.4096,22.9193],[70.4096,22.9207],[70.4135,22.9182],[70.4126,22.9229],[70.4235,22.9326],[70.4268,22.9401],[70.426,22.9429],[70.4304,22.9579],[70.4332,22.9612],[70.4351,22.9612],[70.4365,22.9642]]],[[[70.0037,22.5932],[70.009,22.5932],[70.0224,22.5888],[70.0249,22.5862],[70.0282,22.5751],[70.0271,22.5679],[70.0251,22.5682],[70.024,22.5654],[70.0079,22.554],[69.9987,22.5532],[69.9926,22.5482],[69.9843,22.5462],[69.9782,22.5462],[69.9774,22.5479],[69.9751,22.5479],[69.9638,22.5454],[69.9579,22.5496],[69.9568,22.5607],[69.9615,22.5729],[69.9651,22.5779],[69.9729,22.5782],[69.9754,22.5807],[69.9929,22.5846],[69.9954,22.5888],[69.9974,22.5896],[69.9979,22.5885],[70.0037,22.5932]]],[[[69.6276,22.4595],[69.6407,22.4507],[69.6432,22.4507],[69.6485,22.4382],[69.6476,22.4354],[69.6449,22.434],[69.6476,22.4321],[69.6543,22.4313],[69.6571,22.4282],[69.656,22.4246],[69.6493,22.4221],[69.6465,22.4176],[69.6418,22.4152],[69.6418,22.4132],[69.6365,22.4065],[69.6162,22.414],[69.6143,22.4165],[69.6079,22.4176],[69.6029,22.4232],[69.6001,22.4224],[69.596,22.4246],[69.5921,22.4282],[69.5912,22.4329],[69.5882,22.4371],[69.5935,22.4454],[69.6079,22.4513],[69.6129,22.4507],[69.6188,22.4568],[69.6276,22.4595]]],[[[69.9187,22.5532],[69.9251,22.5479],[69.9324,22.5446],[69.9332,22.539],[69.9321,22.5365],[69.9337,22.5365],[69.9343,22.534],[69.9296,22.5307],[69.936,22.5332],[69.9351,22.5251],[69.9368,22.5268],[69.9371,22.5318],[69.9421,22.5287],[69.9443,22.5229],[69.9415,22.5179],[69.9337,22.5185],[69.9313,22.5201],[69.9307,22.5179],[69.9157,22.5118],[69.9007,22.5143],[69.8974,22.514],[69.8965,22.5118],[69.8843,22.5179],[69.8843,22.5199],[69.8704,22.5221],[69.8624,22.5271],[69.8624,22.5293],[69.8657,22.5312],[69.8899,22.5235],[69.8935,22.5251],[69.8951,22.5229],[69.9013,22.5276],[69.8982,22.5287],[69.8985,22.5337],[69.8999,22.534],[69.8987,22.5382],[69.9007,22.539],[69.9004,22.5462],[69.9049,22.5493],[69.9068,22.549],[69.9068,22.546],[69.9101,22.5465],[69.9115,22.5493],[69.9079,22.5496],[69.9074,22.5515],[69.9187,22.5532]]],[[[69.1368,22.4776],[69.1432,22.4774],[69.1443,22.4751],[69.1485,22.474],[69.1504,22.4688],[69.1471,22.4665],[69.1468,22.4632],[69.1443,22.4621],[69.1399,22.4646],[69.1396,22.4626],[69.1374,22.4624],[69.1346,22.466],[69.1265,22.4654],[69.1232,22.4685],[69.111,22.464],[69.1082,22.4607],[69.1093,22.4524],[69.1071,22.4424],[69.1085,22.4374],[69.1038,22.4326],[69.1001,22.4332],[69.0918,22.429],[69.0882,22.4221],[69.0849,22.421],[69.0835,22.4237],[69.086,22.4293],[69.0851,22.4326],[69.0893,22.4343],[69.091,22.4368],[69.0901,22.4385],[69.096,22.4413],[69.0954,22.446],[69.0935,22.4463],[69.0924,22.4485],[69.094,22.4504],[69.0924,22.4515],[69.094,22.4515],[69.094,22.454],[69.0921,22.4565],[69.0935,22.4615],[69.0996,22.4621],[69.1257,22.4757],[69.1368,22.4776]]],[[[69.3243,22.5276],[69.3301,22.5243],[69.3329,22.526],[69.3432,22.5251],[69.3457,22.5271],[69.3485,22.5271],[69.3496,22.5254],[69.3512,22.5265],[69.3571,22.5218],[69.3637,22.5124],[69.3565,22.5093],[69.3501,22.504],[69.3404,22.5074],[69.3351,22.5074],[69.3157,22.5199],[69.3154,22.5229],[69.3174,22.5257],[69.3243,22.5276]]],[[[69.3021,22.474],[69.3043,22.4696],[69.3049,22.4718],[69.3151,22.4724],[69.3187,22.4724],[69.3246,22.4696],[69.3279,22.4635],[69.3268,22.4571],[69.3204,22.451],[69.3012,22.4529],[69.299,22.4565],[69.2929,22.4593],[69.2988,22.4713],[69.3021,22.474]]],[[[70.5283,22.3892],[70.5272,22.386],[70.5147,22.3865],[70.504,22.3913],[70.5158,22.4004],[70.5162,22.4032],[70.5132,22.4058],[70.5135,22.4089],[70.5212,22.4125],[70.5219,22.4177],[70.5298,22.4174],[70.5322,22.4154],[70.5351,22.402],[70.5308,22.3992],[70.5288,22.3955],[70.5283,22.3892]]],[[[70.5318,22.4354],[70.5293,22.4337],[70.5267,22.4361],[70.5222,22.4434],[70.5106,22.4562],[70.5134,22.4586],[70.5196,22.4594],[70.5292,22.4461],[70.5365,22.4395],[70.5379,22.4361],[70.5318,22.4354]]],[[[69.9443,22.5513],[69.9521,22.5513],[69.9574,22.5457],[69.9532,22.5368],[69.9482,22.5354],[69.9388,22.5385],[69.9393,22.5477],[69.9443,22.5513]]],[[[69.3354,22.389],[69.3396,22.3868],[69.3404,22.381],[69.3376,22.3801],[69.3365,22.3776],[69.3335,22.3771],[69.3337,22.3732],[69.3321,22.3726],[69.3313,22.3749],[69.3279,22.3751],[69.3226,22.3801],[69.3229,22.3824],[69.3249,22.3838],[69.3301,22.3832],[69.3301,22.3863],[69.3343,22.3863],[69.3335,22.3879],[69.3354,22.389]]],[[[69.9488,22.606],[69.9582,22.6038],[69.9638,22.599],[69.9568,22.5949],[69.9532,22.5954],[69.9488,22.599],[69.949,22.6038],[69.9476,22.6057],[69.9488,22.606]]],[[[69.4526,22.3582],[69.4571,22.3557],[69.4582,22.3521],[69.4499,22.3507],[69.4374,22.3543],[69.4396,22.3568],[69.4471,22.3565],[69.4526,22.3582]]],[[[69.4865,22.3962],[69.489,22.3929],[69.4882,22.3899],[69.4846,22.3876],[69.4804,22.3885],[69.4826,22.3987],[69.4865,22.3962]]],[[[70.0185,22.5585],[70.0235,22.5585],[70.0251,22.556],[70.0135,22.5526],[70.0126,22.5546],[70.0185,22.5585]]],[[[70.0113,22.5538],[70.0126,22.5524],[70.0049,22.549],[69.996,22.5488],[70.0007,22.5524],[70.0082,22.5518],[70.0113,22.5538]]],[[[70.0243,22.5532],[70.0246,22.5518],[70.0199,22.5479],[70.0115,22.5496],[70.0243,22.5532]]],[[[69.4051,22.5326],[69.4065,22.5271],[69.4032,22.5243],[69.4018,22.5282],[69.4032,22.5321],[69.4051,22.5326]]],[[[69.9604,22.5438],[69.9635,22.5418],[69.954,22.536],[69.9582,22.5426],[69.9604,22.5438]]],[[[69.196,22.3743],[69.1962,22.3707],[69.1946,22.3676],[69.1929,22.3693],[69.1899,22.3693],[69.1943,22.3726],[69.1946,22.3746],[69.196,22.3743]]],[[[70.2476,22.6913],[70.2474,22.6882],[70.2426,22.6868],[70.2443,22.6885],[70.2421,22.6882],[70.2418,22.6896],[70.2435,22.6896],[70.2443,22.6915],[70.2476,22.6913]]],[[[70.0446,22.5724],[70.046,22.5699],[70.0437,22.5671],[70.0421,22.5674],[70.0421,22.5701],[70.0446,22.5724]]],[[[70.2465,22.7146],[70.2454,22.7118],[70.2435,22.7124],[70.2432,22.7201],[70.2465,22.7146]]],[[[70.2171,22.646],[70.221,22.6435],[70.219,22.6429],[70.2204,22.6401],[70.2179,22.6407],[70.2182,22.6426],[70.2168,22.6421],[70.2171,22.6451],[70.2154,22.6457],[70.2157,22.6468],[70.2171,22.646]]],[[[69.089,22.4907],[69.084,22.4851],[69.0851,22.4882],[69.089,22.4907]]],[[[69.9574,22.536],[69.9568,22.534],[69.9524,22.5326],[69.9551,22.536],[69.9574,22.536]]],[[[69.9449,22.5324],[69.9476,22.5304],[69.9435,22.5304],[69.9449,22.5324]]],[[[70.2426,22.6846],[70.2435,22.6824],[70.2423,22.6838],[70.2418,22.6821],[70.239,22.6821],[70.239,22.6838],[70.2426,22.6846]]],[[[69.184,22.3676],[69.1857,22.3671],[69.1854,22.364],[69.1826,22.3668],[69.184,22.3676]]],[[[69.2801,22.4179],[69.2807,22.4157],[69.2776,22.416],[69.2782,22.4179],[69.2801,22.4179]]],[[[70.0399,22.5676],[70.041,22.5651],[70.0388,22.5643],[70.0385,22.5668],[70.0399,22.5676]]],[[[70.1818,22.5837],[70.1832,22.581],[70.1801,22.5815],[70.1818,22.5837]]],[[[69.2024,22.3876],[69.1996,22.384],[69.1996,22.3871],[69.2024,22.3876]]],[[[69.2787,22.4201],[69.2796,22.4193],[69.2779,22.4182],[69.2751,22.419],[69.2787,22.4201]]],[[[70.1904,22.5999],[70.1918,22.5982],[70.1893,22.5976],[70.1888,22.5996],[70.1904,22.5999]]],[[[69.3104,22.3063],[69.3118,22.3032],[69.3093,22.3046],[69.3104,22.3063]]],[[[69.1421,22.4576],[69.1426,22.4529],[69.1407,22.4546],[69.1421,22.4576]]],[[[70.2357,22.6846],[70.2385,22.6824],[70.2351,22.6824],[70.2346,22.6843],[70.2357,22.6846]]],[[[69.2132,22.3849],[69.2151,22.384],[69.2143,22.3824],[69.2124,22.384],[69.2132,22.3849]]]]}},{"type":"Feature","properties":{"district":"Junagadh","state":"Gujarat","censuscode":479},"geometry":{"type":"MultiPolygon","coordinates":[[[[70.1408,21.6613],[70.1479,21.6617],[70.1504,21.6474],[70.1402,21.6426],[70.1289,21.6431],[70.1271,21.6373],[70.1388,21.612],[70.1502,21.6092],[70.1626,21.6118],[70.2046,21.6315],[70.2174,21.6356],[70.2268,21.6363],[70.2287,21.6357],[70.2445,21.6131],[70.2543,21.6109],[70.2621,21.613],[70.2689,21.5769],[70.2671,21.5731],[70.2467,21.5678],[70.245,21.5657],[70.2515,21.5493],[70.2543,21.5341],[70.2586,21.5261],[70.2672,21.5276],[70.2786,21.5402],[70.2941,21.5461],[70.2915,21.5663],[70.3015,21.5871],[70.307,21.5885],[70.3281,21.5893],[70.3662,21.5978],[70.3698,21.6028],[70.3707,21.615],[70.3672,21.6369],[70.382,21.6367],[70.386,21.6382],[70.3913,21.648],[70.4177,21.6536],[70.4227,21.657],[70.4323,21.6569],[70.4368,21.6585],[70.4405,21.669],[70.4446,21.6736],[70.4498,21.6704],[70.4547,21.6526],[70.4577,21.6485],[70.4735,21.6533],[70.48,21.6535],[70.4913,21.6477],[70.5024,21.6541],[70.5059,21.6588],[70.5062,21.6645],[70.5361,21.6736],[70.5453,21.674],[70.551,21.6664],[70.5533,21.6512],[70.5518,21.6475],[70.5439,21.6443],[70.5537,21.6269],[70.5623,21.6198],[70.5657,21.6195],[70.5699,21.6289],[70.5782,21.6303],[70.5972,21.6281],[70.6088,21.6211],[70.6111,21.6246],[70.6241,21.6298],[70.6295,21.6357],[70.6332,21.6336],[70.6357,21.6363],[70.6411,21.6506],[70.6536,21.6486],[70.6636,21.6414],[70.6716,21.6429],[70.6758,21.6402],[70.6826,21.634],[70.6837,21.6248],[70.6942,21.6062],[70.7015,21.6055],[70.7206,21.6106],[70.7239,21.6157],[70.7259,21.6305],[70.7318,21.6408],[70.7395,21.6443],[70.7474,21.6415],[70.7693,21.644],[70.7769,21.6617],[70.7814,21.6644],[70.7932,21.6652],[70.8081,21.6425],[70.8119,21.6396],[70.8157,21.6423],[70.8285,21.6335],[70.8423,21.617],[70.8618,21.6007],[70.8752,21.5763],[70.8797,21.5752],[70.8825,21.5526],[70.8849,21.5487],[70.8903,21.5496],[70.8936,21.5348],[70.8914,21.5291],[70.8875,21.5272],[70.8756,21.5281],[70.8688,21.5264],[70.8634,21.5319],[70.8504,21.5314],[70.8453,21.5115],[70.8391,21.5094],[70.8264,21.5092],[70.8149,21.5136],[70.8043,21.5137],[70.807,21.4953],[70.8099,21.4905],[70.8315,21.4921],[70.828,21.464],[70.8293,21.4583],[70.8317,21.4563],[70.8673,21.4649],[70.8744,21.4579],[70.8864,21.4414],[70.8947,21.4524],[70.904,21.461],[70.9124,21.4642],[70.9236,21.462],[70.9269,21.4531],[70.9292,21.429],[70.9307,21.4271],[70.9455,21.4213],[70.9446,21.4047],[70.9479,21.397],[70.9397,21.3935],[70.9297,21.3917],[70.9138,21.3846],[70.9062,21.3866],[70.9025,21.3979],[70.8954,21.396],[70.8919,21.3947],[70.8869,21.3894],[70.8806,21.3755],[70.8693,21.3744],[70.8692,21.3643],[70.8733,21.3377],[70.873,21.3346],[70.869,21.3341],[70.8672,21.3319],[70.8683,21.3237],[70.8659,21.3151],[70.8754,21.3192],[70.8824,21.3174],[70.8998,21.3257],[70.9151,21.3372],[70.9205,21.3462],[70.9237,21.3463],[70.9291,21.3413],[70.9371,21.3231],[70.9418,21.3188],[70.9416,21.3115],[70.9243,21.3019],[70.9071,21.2984],[70.8938,21.28],[70.8913,21.2689],[70.8721,21.2629],[70.8648,21.2629],[70.8596,21.2669],[70.8537,21.2636],[70.8256,21.262],[70.8248,21.256],[70.8212,21.2532],[70.8093,21.2493],[70.8048,21.2442],[70.8037,21.2317],[70.8096,21.2216],[70.8208,21.2105],[70.824,21.1965],[70.8313,21.1898],[70.8507,21.1801],[70.8544,21.1672],[70.8615,21.1715],[70.8726,21.1712],[70.8843,21.1833],[70.8921,21.1865],[70.9277,21.1776],[70.9504,21.1696],[70.9736,21.1651],[70.9875,21.172],[71.0,21.17],[71.0042,21.1684],[71.021,21.1493],[71.0336,21.1419],[71.0423,21.1334],[71.0762,21.1155],[71.0926,21.0979],[71.0939,21.0936],[71.0988,21.0871],[71.1118,21.078],[71.1257,21.0767],[71.1317,21.0703],[71.1394,21.0444],[71.1477,21.0318],[71.1416,21.0252],[71.1334,21.0097],[71.1327,21.0005],[71.1353,20.9932],[71.1326,20.9867],[71.1282,20.9819],[71.1258,20.9686],[71.1265,20.9637],[71.1424,20.951],[71.1588,20.957],[71.1763,20.9667],[71.1861,20.9646],[71.1974,20.9786],[71.2239,20.9571],[71.2057,20.9247],[71.1966,20.9228],[71.1896,20.9249],[71.1807,20.9196],[71.1818,20.9154],[71.1949,20.9002],[71.1808,20.8886],[71.1833,20.8817],[71.1862,20.8765],[71.1903,20.8744],[71.206,20.8733],[71.2159,20.8497],[71.2152,20.8432],[71.2176,20.8343],[71.2232,20.8239],[71.2244,20.818],[71.222,20.8133],[71.212,20.8076],[71.2051,20.7979],[71.2049,20.7943],[71.2074,20.7935],[71.2032,20.791],[71.2038,20.7893],[71.1965,20.7868],[71.1643,20.7821],[71.1557,20.7785],[71.151,20.7724],[71.1465,20.7707],[71.1432,20.7642],[71.1456,20.7571],[71.1279,20.7574],[71.1235,20.754],[71.1201,20.754],[71.1147,20.7574],[71.1071,20.7579],[71.0943,20.7582],[71.086,20.7563],[71.0776,20.7501],[71.0768,20.744],[71.0815,20.7385],[71.0738,20.7354],[71.0665,20.7351],[71.0654,20.7338],[71.0629,20.7338],[71.0629,20.7357],[71.0607,20.7362],[71.0504,20.731],[71.0457,20.731],[71.0429,20.7354],[71.0364,20.7358],[71.0271,20.739],[71.0204,20.7382],[71.0132,20.7396],[71.0053,20.7466],[71.0043,20.743],[70.9979,20.7355],[70.9913,20.7315],[70.9918,20.734],[70.999,20.7424],[70.9943,20.7424],[70.9913,20.746],[70.9849,20.744],[70.9826,20.7449],[70.9715,20.7385],[70.9632,20.7418],[70.9546,20.7352],[70.939,20.7332],[70.9322,20.7368],[70.9261,20.7378],[70.9249,20.7394],[70.9273,20.74],[70.9258,20.741],[70.9267,20.743],[70.922,20.7444],[70.9157,20.7429],[70.9112,20.7374],[70.9046,20.7368],[70.8957,20.7335],[70.886,20.7335],[70.8782,20.7307],[70.8757,20.7271],[70.8738,20.7271],[70.8635,20.7399],[70.8626,20.7445],[70.8646,20.7493],[70.8632,20.7549],[70.8582,20.7539],[70.8541,20.7555],[70.8492,20.7608],[70.8474,20.7746],[70.8446,20.7787],[70.8431,20.7869],[70.8476,20.8002],[70.8567,20.794],[70.8632,20.7979],[70.8742,20.7998],[70.8777,20.8213],[70.8766,20.8299],[70.871,20.838],[70.8637,20.8405],[70.8305,20.8367],[70.8218,20.8376],[70.8181,20.8419],[70.8183,20.8496],[70.8164,20.853],[70.8003,20.8545],[70.797,20.8565],[70.7999,20.8631],[70.806,20.8643],[70.8208,20.8631],[70.8555,20.8741],[70.8648,20.8784],[70.8808,20.8908],[70.8834,20.9023],[70.8822,20.9084],[70.8676,20.9503],[70.8608,20.9605],[70.8497,20.9623],[70.8427,20.966],[70.8356,20.9665],[70.8318,20.9684],[70.8265,20.9758],[70.8132,20.9738],[70.808,20.9706],[70.8053,20.9657],[70.8019,20.9651],[70.7969,20.9654],[70.7882,20.9699],[70.7836,20.9656],[70.7694,20.9654],[70.764,20.9677],[70.7569,20.974],[70.7531,20.9667],[70.7511,20.9664],[70.7423,20.9711],[70.7265,20.9946],[70.7155,20.9955],[70.7138,20.9941],[70.7145,20.9916],[70.7204,20.9824],[70.7205,20.9796],[70.7186,20.9743],[70.7106,20.9658],[70.7017,20.9498],[70.6991,20.9426],[70.6973,20.9178],[70.6737,20.8887],[70.6638,20.8567],[70.6584,20.8498],[70.6567,20.841],[70.6576,20.8321],[70.6556,20.8246],[70.6568,20.8152],[70.664,20.7976],[70.6622,20.7899],[70.6561,20.7773],[70.6417,20.7702],[70.6403,20.7665],[70.6354,20.7696],[70.6326,20.7679],[70.6274,20.7679],[70.621,20.7715],[70.616,20.7718],[70.6146,20.7699],[70.6115,20.7713],[70.6126,20.7746],[70.6074,20.7774],[70.5993,20.7776],[70.5899,20.7821],[70.5854,20.7815],[70.5793,20.7885],[70.571,20.7929],[70.5621,20.7926],[70.559,20.7957],[70.5593,20.7985],[70.5535,20.8035],[70.549,20.8046],[70.5418,20.8015],[70.5362,20.804],[70.5324,20.8093],[70.5238,20.8107],[70.5201,20.8129],[70.5162,20.8176],[70.5129,20.8182],[70.5107,20.821],[70.501,20.8235],[70.4924,20.8288],[70.4887,20.8282],[70.4871,20.8346],[70.4807,20.836],[70.4765,20.8404],[70.474,20.841],[70.469,20.8382],[70.4532,20.8485],[70.4474,20.8479],[70.4476,20.8499],[70.4426,20.8543],[70.439,20.8526],[70.4324,20.8576],[70.4299,20.8615],[70.4249,20.8632],[70.4112,20.8776],[70.4112,20.8801],[70.4143,20.8824],[70.4196,20.8815],[70.4179,20.8826],[70.4171,20.8871],[70.4168,20.8832],[70.4126,20.884],[70.4074,20.8824],[70.394,20.894],[70.3874,20.8954],[70.3801,20.9001],[70.371,20.9026],[70.371,20.8993],[70.3746,20.8962],[70.3738,20.8949],[70.369,20.8996],[70.3649,20.9007],[70.351,20.9104],[70.3471,20.9163],[70.3513,20.9207],[70.3476,20.919],[70.3471,20.9215],[70.3451,20.9157],[70.3246,20.9268],[70.3207,20.9274],[70.3151,20.9346],[70.311,20.9357],[70.3093,20.939],[70.2824,20.9554],[70.276,20.9621],[70.2582,20.9726],[70.2515,20.979],[70.2488,20.984],[70.2396,20.9926],[70.2476,21.0004],[70.2382,20.9937],[70.2363,20.9957],[70.2404,20.9996],[70.236,20.9962],[70.2315,20.9988],[70.2263,20.999],[70.2232,21.0032],[70.221,21.0029],[70.2201,21.0063],[70.2165,21.0068],[70.214,21.0101],[70.2115,21.0104],[70.211,21.0124],[70.1938,21.0257],[70.1935,21.0274],[70.1804,21.0357],[70.1738,21.0438],[70.1657,21.0504],[70.1635,21.0501],[70.1638,21.0524],[70.1601,21.0535],[70.1482,21.066],[70.1421,21.0693],[70.1418,21.0726],[70.1379,21.0779],[70.139,21.0799],[70.1415,21.0796],[70.1401,21.0821],[70.1476,21.0785],[70.1462,21.0807],[70.1402,21.0849],[70.136,21.0857],[70.136,21.0821],[70.1324,21.0799],[70.1252,21.0874],[70.1224,21.0882],[70.1057,21.1026],[70.1049,21.1057],[70.0996,21.1046],[70.0904,21.1151],[70.0707,21.1326],[70.0688,21.1376],[70.0604,21.1424],[70.0563,21.1485],[70.0465,21.1565],[70.0463,21.159],[70.0321,21.174],[70.0382,21.1835],[70.0321,21.1785],[70.0285,21.1788],[70.0157,21.1918],[70.0088,21.1965],[70.0054,21.2018],[69.9985,21.2074],[69.9818,21.2268],[69.9922,21.237],[70.0017,21.2413],[70.0015,21.2526],[70.0053,21.2582],[70.0282,21.2751],[70.0257,21.2808],[70.0147,21.2784],[70.0093,21.2812],[69.9968,21.2933],[69.9772,21.2932],[69.979,21.3323],[69.974,21.3364],[69.9571,21.3427],[69.9427,21.3688],[69.95,21.383],[69.9443,21.391],[69.9453,21.3943],[69.9505,21.3977],[69.9603,21.3991],[69.966,21.4057],[69.9647,21.4095],[69.9579,21.4119],[69.9702,21.4147],[69.9849,21.4208],[69.9853,21.4236],[69.9806,21.4269],[69.9829,21.4351],[70.0,21.4402],[70.0183,21.4421],[70.0266,21.4401],[70.0299,21.4345],[70.0376,21.4369],[70.0465,21.4432],[70.051,21.4502],[70.0506,21.4543],[70.0421,21.4724],[70.022,21.4761],[70.0,21.4726],[69.9957,21.4777],[69.9912,21.4924],[69.9867,21.501],[69.9865,21.5049],[69.9922,21.5067],[69.981,21.5303],[69.9855,21.5341],[70.0,21.5403],[70.0031,21.543],[69.9953,21.5521],[69.9853,21.5701],[69.9803,21.5669],[69.9747,21.5657],[69.9723,21.569],[69.9662,21.5866],[69.9673,21.5919],[69.9812,21.6005],[69.9861,21.6004],[69.9859,21.5864],[69.9877,21.5816],[69.9926,21.5781],[70.0001,21.5837],[70.0194,21.5926],[70.019,21.5958],[70.0314,21.6009],[70.0316,21.5951],[70.046,21.5944],[70.0453,21.5908],[70.0485,21.5847],[70.0544,21.5833],[70.0634,21.5836],[70.0684,21.5859],[70.0733,21.5916],[70.0707,21.5945],[70.0675,21.608],[70.0596,21.6096],[70.0404,21.6074],[70.0337,21.6262],[70.0328,21.6351],[70.0389,21.6418],[70.0364,21.6487],[70.0472,21.6479],[70.0504,21.645],[70.0545,21.6353],[70.0758,21.6396],[70.0901,21.6457],[70.106,21.6443],[70.109,21.6466],[70.105,21.6569],[70.105,21.6646],[70.1197,21.679],[70.1219,21.679],[70.1329,21.6639],[70.1408,21.6613]],[[70.8619,21.4087],[70.8451,21.4077],[70.8458,21.4038],[70.8513,21.3965],[70.868,21.3902],[70.8731,21.4031],[70.8779,21.4098],[70.8794,21.4176],[70.8747,21.418],[70.866,21.413],[70.8619,21.4087]]]]}},{"type":"Feature","properties":{"district":"Kachchh","state":"Gujarat","censuscode":468},"geometry":{"type":"MultiPolygon","coordinates":[[[[71.3074,24.5547],[71.3026,24.5517],[71.2941,24.5512],[71.292,24.5472],[71.2706,24.5469],[71.2665,24.5455],[71.2608,24.5351],[71.2596,24.512],[71.261,24.5087],[71.2678,24.5093],[71.2941,24.5179],[71.3493,24.5177],[71.3513,24.4994],[71.349,24.4986],[71.3462,24.4926],[71.3402,24.486],[71.3456,24.4796],[71.3469,24.4741],[71.3437,24.4723],[71.341,24.4629],[71.3372,24.4614],[71.3314,24.4519],[71.3287,24.4434],[71.3352,24.4423],[71.3504,24.4352],[71.3513,24.4329],[71.3436,24.4331],[71.3432,24.4224],[71.3317,24.4135],[71.3304,24.3953],[71.3333,24.3938],[71.3384,24.3946],[71.3475,24.3906],[71.3512,24.3933],[71.3562,24.3899],[71.3649,24.3918],[71.3697,24.3904],[71.3764,24.392],[71.3788,24.391],[71.3824,24.3933],[71.3913,24.3571],[71.3951,24.3492],[71.3935,24.3467],[71.3869,24.347],[71.391,24.3393],[71.3844,24.3391],[71.3793,24.3357],[71.3772,24.3319],[71.3684,24.3308],[71.3643,24.3278],[71.3484,24.3286],[71.347,24.3255],[71.3423,24.3223],[71.3253,24.3205],[71.3218,24.3218],[71.3201,24.3173],[71.3059,24.3038],[71.3101,24.2907],[71.3095,24.2804],[71.3138,24.2724],[71.3121,24.2548],[71.3092,24.2543],[71.299,24.2591],[71.2896,24.2606],[71.289,24.2571],[71.311,24.2462],[71.3149,24.2416],[71.3134,24.2392],[71.3036,24.2391],[71.2991,24.236],[71.3124,24.2297],[71.3243,24.2026],[71.3331,24.2019],[71.3353,24.1986],[71.3359,24.1888],[71.3386,24.1825],[71.3409,24.1815],[71.3455,24.1884],[71.3487,24.1895],[71.3717,24.1899],[71.3699,24.1868],[71.371,24.1788],[71.3679,24.175],[71.3658,24.174],[71.3584,24.175],[71.3534,24.168],[71.3419,24.1674],[71.3356,24.1647],[71.333,24.1628],[71.3395,24.158],[71.3366,24.1548],[71.327,24.1551],[71.3231,24.1483],[71.3181,24.1506],[71.3133,24.1554],[71.305,24.1665],[71.3022,24.1689],[71.2985,24.1679],[71.2899,24.1757],[71.2828,24.175],[71.2763,24.1618],[71.29,24.1525],[71.2898,24.1495],[71.2841,24.1474],[71.2819,24.1402],[71.279,24.1376],[71.2788,24.1338],[71.2823,24.1328],[71.2932,24.1373],[71.3024,24.1336],[71.315,24.1343],[71.3179,24.1337],[71.3178,24.1309],[71.315,24.1268],[71.3189,24.1246],[71.3366,24.1333],[71.3391,24.1303],[71.3434,24.1188],[71.3439,24.1105],[71.3428,24.1084],[71.3298,24.1023],[71.3248,24.0843],[71.3164,24.0696],[71.3176,24.0582],[71.3208,24.0555],[71.3254,24.0547],[71.3283,24.0519],[71.3277,24.0494],[71.3163,24.0392],[71.2862,23.9984],[71.2878,23.9905],[71.2918,23.988],[71.2984,23.9868],[71.3102,23.9877],[71.3161,23.9816],[71.2971,23.9648],[71.3029,23.9504],[71.2909,23.949],[71.2898,23.9467],[71.298,23.9363],[71.2991,23.9324],[71.299,23.9288],[71.295,23.9267],[71.2849,23.9262],[71.2793,23.9276],[71.2735,23.9334],[71.2721,23.9315],[71.2719,23.9232],[71.2693,23.9211],[71.2645,23.9215],[71.258,23.9287],[71.2527,23.931],[71.2485,23.9288],[71.2504,23.92],[71.2396,23.9177],[71.2318,23.9264],[71.2259,23.9299],[71.2118,23.9305],[71.1918,23.9193],[71.1768,23.9245],[71.1747,23.92],[71.1542,23.9126],[71.15,23.9125],[71.1372,23.9075],[71.1124,23.905],[71.1001,23.9008],[71.0756,23.8587],[71.0713,23.8453],[71.0692,23.8418],[71.0644,23.8399],[71.062,23.8356],[71.0682,23.828],[71.0687,23.8237],[71.0613,23.8031],[71.0502,23.807],[71.0429,23.7982],[71.0468,23.7876],[71.0568,23.7827],[71.0545,23.7786],[71.0544,23.7557],[71.0576,23.7452],[71.0707,23.7304],[71.0646,23.7273],[71.064,23.7147],[71.0591,23.7087],[71.0597,23.7017],[71.0673,23.6939],[71.069,23.6897],[71.0668,23.6827],[71.0536,23.6791],[71.0416,23.6718],[71.0372,23.6658],[71.0337,23.6488],[71.0376,23.6367],[71.0415,23.6298],[71.0443,23.6283],[71.0484,23.6228],[71.0596,23.6193],[71.0676,23.6075],[71.0738,23.6023],[71.0849,23.5991],[71.0898,23.6026],[71.0903,23.6215],[71.0955,23.6216],[71.1023,23.616],[71.1062,23.6162],[71.1393,23.6289],[71.1425,23.6329],[71.1426,23.6371],[71.1373,23.6397],[71.135,23.6453],[71.1367,23.6606],[71.1468,23.6694],[71.1525,23.6846],[71.1569,23.691],[71.1742,23.7047],[71.1782,23.7106],[71.1623,23.7191],[71.1532,23.7124],[71.1479,23.7173],[71.1467,23.7301],[71.1691,23.7274],[71.174,23.7294],[71.174,23.7394],[71.2012,23.7348],[71.2096,23.7324],[71.2144,23.7282],[71.2241,23.713],[71.22,23.7048],[71.2197,23.6992],[71.2234,23.6939],[71.2201,23.6855],[71.2169,23.682],[71.2209,23.6726],[71.2227,23.6609],[71.2283,23.6572],[71.2465,23.6549],[71.263,23.6505],[71.3034,23.6466],[71.3191,23.6485],[71.3517,23.6561],[71.3562,23.6561],[71.3778,23.6498],[71.3766,23.6447],[71.3893,23.6204],[71.3935,23.6039],[71.3978,23.6061],[71.4153,23.6241],[71.4218,23.6277],[71.4257,23.6028],[71.4211,23.598],[71.4178,23.5761],[71.4219,23.5673],[71.4384,23.5663],[71.4562,23.5624],[71.4701,23.5574],[71.4691,23.555],[71.4492,23.539],[71.446,23.4804],[71.4484,23.4721],[71.4586,23.4764],[71.4794,23.4971],[71.4905,23.5],[71.4966,23.5051],[71.5106,23.5234],[71.5179,23.5283],[71.5202,23.5233],[71.5203,23.5098],[71.5163,23.5017],[71.5118,23.497],[71.5081,23.4789],[71.5086,23.4755],[71.5134,23.4754],[71.5326,23.4815],[71.5328,23.478],[71.5283,23.4684],[71.5314,23.4666],[71.5637,23.4663],[71.572,23.4595],[71.583,23.4558],[71.5864,23.4525],[71.5969,23.4315],[71.5934,23.4144],[71.5844,23.3948],[71.5845,23.363],[71.5881,23.3588],[71.5976,23.3565],[71.6031,23.357],[71.6098,23.362],[71.6176,23.3622],[71.6247,23.3575],[71.6354,23.3469],[71.6448,23.3323],[71.6448,23.3239],[71.6418,23.3181],[71.6334,23.311],[71.6335,23.3081],[71.642,23.3016],[71.6464,23.2921],[71.6485,23.2911],[71.6692,23.2937],[71.6697,23.2885],[71.6652,23.2839],[71.6578,23.2822],[71.635,23.2602],[71.6322,23.2558],[71.6294,23.2433],[71.6181,23.2295],[71.626,23.2045],[71.6354,23.1923],[71.6458,23.1836],[71.6762,23.1725],[71.6843,23.172],[71.6915,23.1773],[71.6972,23.1844],[71.7004,23.1854],[71.7144,23.177],[71.7166,23.1668],[71.7126,23.1529],[71.7098,23.1504],[71.6883,23.1535],[71.6609,23.1626],[71.6485,23.1722],[71.6425,23.1741],[71.6307,23.1695],[71.6209,23.1622],[71.6269,23.1504],[71.6249,23.145],[71.6092,23.1444],[71.5938,23.1374],[71.5439,23.1598],[71.5399,23.1635],[71.5338,23.1659],[71.5201,23.1602],[71.5067,23.1598],[71.4952,23.1562],[71.4787,23.1538],[71.4687,23.1463],[71.4645,23.145],[71.4527,23.145],[71.4411,23.1502],[71.4271,23.1486],[71.3982,23.1558],[71.3926,23.1545],[71.3884,23.1586],[71.3725,23.1622],[71.3692,23.1654],[71.3645,23.1751],[71.3592,23.1789],[71.3488,23.1781],[71.3404,23.1669],[71.3358,23.1666],[71.3338,23.1675],[71.3334,23.1761],[71.3282,23.1778],[71.3211,23.1874],[71.3178,23.1877],[71.3133,23.1782],[71.3123,23.1688],[71.3103,23.1683],[71.3048,23.1717],[71.3012,23.1828],[71.2995,23.1836],[71.2938,23.1775],[71.2909,23.1772],[71.2889,23.1728],[71.2805,23.1725],[71.2793,23.1681],[71.286,23.1603],[71.2838,23.1547],[71.2813,23.155],[71.2781,23.1595],[71.2739,23.1611],[71.2689,23.1607],[71.2617,23.156],[71.2576,23.1578],[71.237,23.1553],[71.2213,23.1482],[71.2145,23.1493],[71.2099,23.1757],[71.1932,23.1908],[71.1745,23.1891],[71.1591,23.1815],[71.1561,23.1991],[71.1458,23.2022],[71.1384,23.209],[71.1238,23.2033],[71.1073,23.2015],[71.0738,23.1829],[71.0697,23.179],[71.0698,23.1754],[71.0611,23.1754],[71.0449,23.171],[71.0221,23.175],[71.0143,23.175],[70.9962,23.1706],[70.986,23.1736],[70.9834,23.173],[70.9779,23.1615],[70.9705,23.1617],[70.9624,23.1562],[70.9599,23.157],[70.9593,23.1608],[70.9612,23.167],[70.9592,23.1697],[70.9619,23.1737],[70.956,23.173],[70.9505,23.1671],[70.9487,23.1616],[70.949,23.1566],[70.9576,23.1465],[70.9521,23.1433],[70.9567,23.1406],[70.9636,23.1399],[70.9638,23.1364],[70.9553,23.1368],[70.9516,23.1385],[70.9492,23.1365],[70.9492,23.133],[70.9452,23.1313],[70.9439,23.1365],[70.9399,23.1386],[70.9296,23.1359],[70.9302,23.1401],[70.937,23.1448],[70.9403,23.1522],[70.9399,23.155],[70.936,23.1585],[70.929,23.16],[70.9033,23.1613],[70.8901,23.1592],[70.8883,23.1412],[70.8926,23.1381],[70.8974,23.1414],[70.9013,23.1329],[70.8946,23.1302],[70.8829,23.1335],[70.8796,23.1312],[70.8784,23.1221],[70.875,23.121],[70.8711,23.1227],[70.8744,23.1289],[70.8749,23.1374],[70.8643,23.1383],[70.8499,23.1467],[70.8343,23.1507],[70.8288,23.1565],[70.8251,23.155],[70.8276,23.1492],[70.8495,23.1397],[70.8542,23.1344],[70.8563,23.1284],[70.8466,23.1175],[70.8409,23.1164],[70.8397,23.1083],[70.8367,23.1107],[70.8335,23.11],[70.833,23.1053],[70.8352,23.0979],[70.8327,23.0948],[70.8315,23.0875],[70.8276,23.0792],[70.8243,23.0788],[70.8223,23.0846],[70.8231,23.096],[70.8262,23.0991],[70.8268,23.1034],[70.8239,23.1062],[70.8234,23.1095],[70.8281,23.1177],[70.8271,23.1206],[70.831,23.1258],[70.8273,23.1312],[70.8198,23.1324],[70.8151,23.1357],[70.8174,23.1391],[70.812,23.1482],[70.8166,23.1616],[70.8094,23.1629],[70.796,23.1584],[70.7893,23.15],[70.786,23.1499],[70.7842,23.1525],[70.7903,23.1612],[70.79,23.1643],[70.7858,23.1654],[70.7782,23.159],[70.772,23.1631],[70.7706,23.1652],[70.7715,23.1675],[70.7644,23.1665],[70.7587,23.1606],[70.7638,23.1519],[70.7641,23.1479],[70.756,23.1395],[70.7536,23.1401],[70.7512,23.1439],[70.7467,23.1448],[70.7399,23.1424],[70.6857,23.1142],[70.6334,23.0761],[70.6258,23.0612],[70.6205,23.0601],[70.6075,23.0621],[70.5989,23.06],[70.5947,23.0562],[70.5953,23.0482],[70.6006,23.0352],[70.588,23.0311],[70.5711,23.0345],[70.5635,23.0312],[70.554,23.0182],[70.5489,23.0009],[70.5407,22.9593],[70.5284,22.9638],[70.5184,22.9616],[70.5046,22.962],[70.4909,22.9651],[70.4763,22.9732],[70.464,22.9668],[70.4593,22.966],[70.452,22.9652],[70.4385,22.9674],[70.4426,22.9751],[70.4376,22.9751],[70.4424,22.9765],[70.456,22.9871],[70.4624,22.9996],[70.4707,23.0107],[70.4754,23.0215],[70.4901,23.0593],[70.4935,23.074],[70.4935,23.0751],[70.4849,23.0774],[70.4812,23.0721],[70.476,23.0696],[70.4457,23.0651],[70.4374,23.0624],[70.4193,23.0482],[70.4024,23.029],[70.4013,23.0307],[70.3962,23.0254],[70.3962,23.0157],[70.3938,23.0015],[70.3868,22.9982],[70.3826,22.9979],[70.3924,22.9979],[70.3946,22.9954],[70.3935,22.9632],[70.3871,22.9488],[70.3813,22.9432],[70.3507,22.931],[70.3404,22.9312],[70.3221,22.9368],[70.3129,22.9421],[70.3101,22.9415],[70.306,22.9468],[70.3074,22.9513],[70.2979,22.9488],[70.291,22.9449],[70.2793,22.9488],[70.279,22.951],[70.2757,22.9515],[70.276,22.9526],[70.2743,22.9518],[70.2712,22.9551],[70.2688,22.9554],[70.2654,22.9601],[70.266,22.9618],[70.2621,22.9632],[70.2507,22.9735],[70.2485,22.9729],[70.2418,22.9782],[70.2376,22.9796],[70.2293,22.9771],[70.2299,22.9682],[70.229,22.966],[70.2271,22.966],[70.2174,22.974],[70.2062,22.9801],[70.2032,22.984],[70.2013,22.9925],[70.1994,22.993],[70.1979,22.9896],[70.2007,22.9815],[70.2062,22.9763],[70.2104,22.9751],[70.2207,22.9679],[70.2251,22.9601],[70.2087,22.9518],[70.1979,22.9501],[70.1968,22.9513],[70.1949,22.9501],[70.1735,22.9507],[70.1704,22.9479],[70.1682,22.9479],[70.1651,22.9435],[70.1618,22.9426],[70.1585,22.9463],[70.1537,22.9468],[70.149,22.9507],[70.1415,22.9524],[70.1324,22.961],[70.1232,22.9607],[70.1199,22.9646],[70.1224,22.9724],[70.1299,22.9771],[70.1318,22.9829],[70.134,22.9849],[70.1299,22.9874],[70.129,22.9921],[70.1329,23.0001],[70.1435,23.009],[70.144,23.0122],[70.1413,23.0126],[70.1402,23.0088],[70.1315,23.0029],[70.1257,22.9937],[70.1232,22.9821],[70.121,22.9818],[70.1121,22.9715],[70.111,22.9601],[70.1263,22.9493],[70.1265,22.9465],[70.1218,22.9471],[70.111,22.9526],[70.1074,22.9504],[70.104,22.9421],[70.1013,22.9418],[70.0974,22.9429],[70.0954,22.951],[70.091,22.9526],[70.0938,22.951],[70.0946,22.9454],[70.0999,22.9382],[70.1051,22.941],[70.1113,22.9496],[70.1188,22.9451],[70.1346,22.9435],[70.139,22.9413],[70.1388,22.9324],[70.1321,22.9246],[70.1221,22.9204],[70.1196,22.9171],[70.106,22.909],[70.0979,22.9076],[70.0826,22.909],[70.0821,22.906],[70.0785,22.9068],[70.066,22.9035],[70.0546,22.9043],[70.0501,22.9021],[70.0485,22.8993],[70.0343,22.8974],[70.0326,22.8954],[70.024,22.9015],[70.0179,22.8993],[70.0182,22.9015],[70.0157,22.9004],[70.0149,22.9021],[70.0121,22.8996],[70.0104,22.9021],[70.0074,22.8993],[70.0007,22.8999],[70.0001,22.9029],[69.996,22.9029],[69.9896,22.8999],[69.9601,22.8943],[69.956,22.896],[69.9554,22.8943],[69.9513,22.8929],[69.9371,22.8932],[69.934,22.8851],[69.9182,22.8729],[69.9118,22.8729],[69.9112,22.8696],[69.9057,22.8663],[69.8929,22.8657],[69.8838,22.871],[69.8774,22.8724],[69.8688,22.8715],[69.8668,22.8729],[69.8574,22.8696],[69.8621,22.8585],[69.8562,22.8676],[69.8538,22.8682],[69.8412,22.8643],[69.8125,22.85],[69.8016,22.8506],[69.788,22.8387],[69.7757,22.8304],[69.759,22.824],[69.7524,22.8196],[69.7446,22.8035],[69.7468,22.7938],[69.744,22.7924],[69.7418,22.7851],[69.7376,22.781],[69.734,22.781],[69.7312,22.7726],[69.7243,22.764],[69.7201,22.7624],[69.7185,22.7565],[69.714,22.7515],[69.7157,22.7496],[69.7162,22.7413],[69.7135,22.7413],[69.7138,22.7393],[69.7113,22.7382],[69.7085,22.7388],[69.7068,22.7307],[69.7101,22.7299],[69.7035,22.7279],[69.7029,22.729],[69.7057,22.7304],[69.706,22.7404],[69.6929,22.7429],[69.681,22.7518],[69.6796,22.7513],[69.6771,22.7551],[69.6735,22.7571],[69.6624,22.7568],[69.6657,22.7665],[69.6668,22.7774],[69.6643,22.776],[69.664,22.7665],[69.6593,22.7565],[69.6471,22.7635],[69.646,22.766],[69.6429,22.766],[69.6388,22.7737],[69.6371,22.7801],[69.6374,22.7888],[69.6338,22.7954],[69.6368,22.7882],[69.6346,22.7774],[69.6413,22.7665],[69.6296,22.7635],[69.6263,22.7651],[69.6221,22.7649],[69.6215,22.7674],[69.6174,22.7676],[69.614,22.766],[69.6093,22.7671],[69.6101,22.7636],[69.6166,22.7621],[69.6159,22.7572],[69.6014,22.7577],[69.5963,22.7604],[69.5801,22.7623],[69.5632,22.7737],[69.5526,22.7857],[69.5521,22.7882],[69.5563,22.7904],[69.5551,22.7924],[69.5529,22.7921],[69.551,22.7896],[69.5498,22.7862],[69.5509,22.7808],[69.5482,22.7794],[69.5328,22.7859],[69.5232,22.7863],[69.5218,22.7849],[69.5168,22.7874],[69.515,22.7848],[69.501,22.7876],[69.4929,22.7879],[69.4907,22.7865],[69.4846,22.7879],[69.4826,22.7857],[69.4871,22.7862],[69.4904,22.7835],[69.4976,22.7823],[69.4934,22.7784],[69.4857,22.7782],[69.4737,22.7735],[69.4696,22.7737],[69.4599,22.7793],[69.4494,22.7799],[69.4483,22.7776],[69.446,22.7776],[69.4196,22.7993],[69.3907,22.8137],[69.3649,22.8201],[69.3613,22.8226],[69.3554,22.8215],[69.3521,22.8176],[69.3515,22.8196],[69.3538,22.8218],[69.3557,22.8288],[69.3526,22.8265],[69.3507,22.8207],[69.3485,22.8204],[69.3313,22.8288],[69.3143,22.8326],[69.3007,22.8324],[69.2857,22.8268],[69.2668,22.824],[69.2601,22.8276],[69.2307,22.8346],[69.2301,22.8404],[69.2285,22.8424],[69.2271,22.8388],[69.2232,22.836],[69.2082,22.8368],[69.2076,22.8401],[69.2001,22.8401],[69.1974,22.8385],[69.1949,22.841],[69.1907,22.8412],[69.1612,22.8604],[69.129,22.874],[69.0985,22.8974],[69.0696,22.9138],[69.0665,22.9168],[69.0524,22.9235],[69.0446,22.9296],[69.0326,22.9337],[69.021,22.9413],[68.9876,22.956],[68.9799,22.961],[68.9704,22.9638],[68.9668,22.9682],[68.9649,22.9685],[68.9643,22.971],[68.9607,22.9707],[68.9454,22.9801],[68.9407,22.981],[68.9276,22.9924],[68.9118,22.9993],[68.9057,23.0065],[68.901,23.009],[68.901,23.011],[68.8999,23.011],[68.9001,23.0085],[68.9037,23.0054],[68.8735,23.0218],[68.869,23.026],[68.844,23.0401],[68.836,23.0435],[68.8165,23.0568],[68.8235,23.0546],[68.8193,23.0579],[68.8143,23.0593],[68.816,23.0629],[68.8146,23.0674],[68.8149,23.0632],[68.8121,23.0607],[68.8082,23.0607],[68.7871,23.0724],[68.7593,23.0804],[68.7435,23.0963],[68.7135,23.1185],[68.6804,23.1396],[68.6685,23.1446],[68.6529,23.1546],[68.6449,23.1643],[68.631,23.1735],[68.6313,23.1774],[68.6335,23.1776],[68.6357,23.1757],[68.6346,23.1721],[68.6365,23.1726],[68.646,23.1674],[68.644,23.1665],[68.6474,23.1654],[68.6557,23.1535],[68.6638,23.151],[68.6732,23.1435],[68.6815,23.1418],[68.6749,23.1465],[68.6713,23.1468],[68.6668,23.1529],[68.656,23.1551],[68.6504,23.1654],[68.651,23.1674],[68.6482,23.1713],[68.6429,23.1735],[68.639,23.1821],[68.634,23.1849],[68.6265,23.1857],[68.6076,23.2035],[68.5915,23.214],[68.5849,23.2224],[68.5854,23.2346],[68.5899,23.2385],[68.599,23.2404],[68.5985,23.2362],[68.6015,23.2318],[68.5987,23.229],[68.6013,23.2279],[68.5996,23.2229],[68.6013,23.2185],[68.6026,23.2199],[68.6054,23.2188],[68.6054,23.2207],[68.609,23.221],[68.6099,23.2176],[68.6132,23.2188],[68.6143,23.2171],[68.6182,23.219],[68.6182,23.2165],[68.6265,23.2162],[68.6307,23.2132],[68.6315,23.2154],[68.6287,23.2176],[68.6349,23.2193],[68.6343,23.2218],[68.6368,23.2204],[68.6399,23.2224],[68.629,23.2249],[68.6263,23.2213],[68.624,23.2207],[68.6232,23.2249],[68.6249,23.2263],[68.6238,23.2263],[68.621,23.2224],[68.6212,23.2249],[68.6188,23.2251],[68.619,23.2199],[68.6096,23.2346],[68.6046,23.239],[68.6057,23.241],[68.6038,23.2429],[68.6249,23.2429],[68.6279,23.2446],[68.6307,23.2432],[68.6304,23.2451],[68.6279,23.2451],[68.6282,23.2471],[68.6315,23.2454],[68.6371,23.2465],[68.6404,23.2446],[68.6432,23.2474],[68.6404,23.2476],[68.6393,23.2499],[68.6426,23.2499],[68.6438,23.2518],[68.6457,23.251],[68.646,23.2535],[68.6485,23.2538],[68.6468,23.2551],[68.6479,23.2576],[68.659,23.2613],[68.6615,23.2679],[68.6718,23.2701],[68.671,23.2726],[68.6671,23.2712],[68.6563,23.2721],[68.6407,23.2665],[68.6376,23.2688],[68.636,23.2726],[68.6293,23.291],[68.6296,23.2951],[68.649,23.2965],[68.6515,23.2946],[68.6568,23.2949],[68.6674,23.299],[68.6843,23.3004],[68.6947,23.3074],[68.6948,23.3099],[68.6826,23.3068],[68.6765,23.3085],[68.6768,23.3071],[68.6788,23.3071],[68.6774,23.3051],[68.6754,23.3057],[68.6751,23.3082],[68.6738,23.3038],[68.6701,23.3065],[68.6682,23.3029],[68.6674,23.3043],[68.6643,23.3029],[68.6621,23.3057],[68.6588,23.3035],[68.6607,23.3199],[68.6682,23.3229],[68.6693,23.3249],[68.6679,23.3254],[68.666,23.3235],[68.6588,23.3229],[68.6593,23.3215],[68.6574,23.3196],[68.6593,23.3143],[68.659,23.3099],[68.6568,23.3032],[68.6535,23.3026],[68.6518,23.3051],[68.6501,23.3043],[68.6446,23.3226],[68.6357,23.3165],[68.6329,23.319],[68.6326,23.324],[68.6376,23.3313],[68.6335,23.3293],[68.6326,23.3315],[68.6349,23.3313],[68.6343,23.334],[68.626,23.336],[68.6246,23.339],[68.6268,23.3438],[68.6257,23.3463],[68.6271,23.3468],[68.629,23.3426],[68.6318,23.3424],[68.631,23.341],[68.6349,23.3393],[68.634,23.341],[68.6368,23.3432],[68.6371,23.3463],[68.634,23.3474],[68.6332,23.3521],[68.6279,23.3513],[68.6254,23.354],[68.6229,23.3504],[68.6229,23.354],[68.6215,23.3538],[68.6224,23.3571],[68.6212,23.3582],[68.6171,23.3574],[68.6143,23.3596],[68.6149,23.3621],[68.6129,23.3618],[68.6132,23.3651],[68.6193,23.3643],[68.6196,23.3654],[68.6129,23.3671],[68.6107,23.3704],[68.609,23.3704],[68.6088,23.3738],[68.6051,23.3754],[68.6065,23.3768],[68.6032,23.3771],[68.606,23.381],[68.6001,23.3846],[68.596,23.3821],[68.5963,23.379],[68.6001,23.3774],[68.5996,23.3735],[68.6029,23.3704],[68.6026,23.3671],[68.6057,23.3635],[68.6024,23.3618],[68.6032,23.3593],[68.5999,23.3615],[68.601,23.3635],[68.5982,23.3696],[68.5946,23.3718],[68.5935,23.3746],[68.5899,23.3757],[68.5879,23.3807],[68.5837,23.3832],[68.5846,23.3868],[68.5818,23.3876],[68.581,23.3899],[68.5785,23.3885],[68.5785,23.386],[68.5738,23.3882],[68.5729,23.3918],[68.5682,23.3882],[68.5724,23.3829],[68.5732,23.384],[68.5713,23.3868],[68.5738,23.3865],[68.5801,23.379],[68.5804,23.3762],[68.5707,23.3751],[68.5674,23.3785],[68.5668,23.3801],[68.5682,23.3813],[68.5638,23.3818],[68.5615,23.3863],[68.559,23.3865],[68.5571,23.3896],[68.5582,23.3957],[68.5629,23.391],[68.5613,23.3949],[68.5638,23.3938],[68.5646,23.4001],[68.5604,23.4193],[68.5551,23.4201],[68.5551,23.4171],[68.5521,23.4151],[68.5474,23.4165],[68.5437,23.4204],[68.5454,23.4213],[68.5479,23.4199],[68.5501,23.4232],[68.5476,23.4237],[68.5463,23.4218],[68.5426,23.4235],[68.5357,23.4213],[68.5362,23.4235],[68.534,23.4237],[68.5349,23.4285],[68.5326,23.4335],[68.5374,23.4276],[68.5379,23.4243],[68.541,23.4257],[68.5354,23.4312],[68.5351,23.4349],[68.5298,23.446],[68.5313,23.4479],[68.5263,23.4524],[68.5257,23.4554],[68.5224,23.4587],[68.521,23.4618],[68.5218,23.4674],[68.5196,23.4676],[68.5193,23.471],[68.5176,23.4715],[68.516,23.4754],[68.514,23.4746],[68.5163,23.4729],[68.5154,23.4685],[68.5124,23.4718],[68.5124,23.4679],[68.5157,23.4668],[68.5174,23.4682],[68.5196,23.4593],[68.5171,23.4638],[68.516,23.4618],[68.5185,23.4554],[68.5212,23.4543],[68.521,23.4593],[68.5249,23.4554],[68.5249,23.4485],[68.5232,23.4465],[68.5207,23.4482],[68.5218,23.4496],[68.5185,23.4504],[68.521,23.4507],[68.5199,23.4524],[68.5185,23.4518],[68.5193,23.4532],[68.5154,23.4579],[68.5129,23.4529],[68.5115,23.4546],[68.5132,23.4574],[68.5104,23.4551],[68.5104,23.4587],[68.5085,23.4587],[68.506,23.4638],[68.5024,23.4654],[68.5049,23.4676],[68.5085,23.4626],[68.5115,23.4635],[68.5121,23.466],[68.509,23.4696],[68.5107,23.4707],[68.5096,23.4729],[68.5115,23.4738],[68.5085,23.4746],[68.5071,23.4715],[68.5046,23.4715],[68.5004,23.476],[68.4999,23.4854],[68.5024,23.4918],[68.5049,23.4896],[68.5099,23.489],[68.5129,23.4849],[68.5171,23.486],[68.519,23.489],[68.5168,23.4896],[68.5129,23.4876],[68.5132,23.4918],[68.5154,23.4918],[68.5146,23.4929],[68.499,23.494],[68.5004,23.4979],[68.504,23.4996],[68.5015,23.5021],[68.5021,23.5038],[68.5051,23.5035],[68.5038,23.506],[68.4999,23.504],[68.5007,23.5013],[68.5026,23.5004],[68.5001,23.4985],[68.4971,23.4982],[68.4918,23.501],[68.4926,23.504],[68.4946,23.5032],[68.4946,23.5074],[68.4968,23.5071],[68.4965,23.5104],[68.499,23.5151],[68.4946,23.5165],[68.4957,23.5249],[68.4904,23.5326],[68.4899,23.536],[68.4913,23.5374],[68.484,23.5482],[68.484,23.5493],[68.4921,23.5485],[68.4921,23.5496],[68.4946,23.5463],[68.4974,23.5474],[68.496,23.5507],[68.4949,23.5487],[68.4938,23.5493],[68.4951,23.5596],[68.4932,23.5599],[68.4924,23.5743],[68.4904,23.5774],[68.4874,23.5779],[68.4865,23.596],[68.4899,23.5985],[68.4929,23.6065],[68.4949,23.6076],[68.4921,23.6096],[68.491,23.6176],[68.4924,23.6235],[68.489,23.6265],[68.4901,23.629],[68.4887,23.6296],[68.489,23.6354],[68.4929,23.6371],[68.4957,23.6432],[68.499,23.6443],[68.499,23.6485],[68.4968,23.6504],[68.4968,23.6529],[68.5007,23.6571],[68.5043,23.6568],[68.5057,23.659],[68.5101,23.6576],[68.511,23.6604],[68.5174,23.6607],[68.5188,23.6601],[68.5196,23.6526],[68.5232,23.6513],[68.5254,23.6521],[68.5287,23.6596],[68.536,23.6596],[68.539,23.6624],[68.5299,23.6621],[68.5265,23.6593],[68.524,23.6532],[68.5201,23.6546],[68.5193,23.6613],[68.5174,23.6635],[68.5196,23.6693],[68.5265,23.6771],[68.5274,23.6868],[68.5249,23.6907],[68.5279,23.6885],[68.5329,23.6901],[68.5357,23.6893],[68.5388,23.691],[68.5399,23.694],[68.5463,23.6968],[68.5529,23.7121],[68.5585,23.7193],[68.5713,23.7249],[68.5738,23.7243],[68.5776,23.7201],[68.5763,23.7246],[68.5799,23.7285],[68.5912,23.7315],[68.5954,23.7301],[68.5954,23.7324],[68.5993,23.7374],[68.5976,23.7396],[68.6013,23.7404],[68.6013,23.7457],[68.6035,23.7488],[68.6074,23.7485],[68.6076,23.7499],[68.621,23.7529],[68.6296,23.759],[68.6326,23.7579],[68.6332,23.764],[68.6496,23.7896],[68.6507,23.7938],[68.6663,23.8085],[68.6701,23.8107],[68.6754,23.811],[68.6779,23.8076],[68.6774,23.8143],[68.6874,23.8218],[68.7185,23.826],[68.7426,23.8371],[68.744,23.8399],[68.7432,23.8438],[68.7276,23.831],[68.7221,23.8318],[68.7329,23.8371],[68.7301,23.8399],[68.7349,23.8379],[68.7371,23.8432],[68.7338,23.8432],[68.7304,23.8463],[68.7257,23.8463],[68.7251,23.8479],[68.729,23.8549],[68.7399,23.861],[68.7468,23.8599],[68.749,23.8638],[68.7465,23.8629],[68.746,23.866],[68.7557,23.8732],[68.7613,23.8754],[68.7543,23.8751],[68.751,23.8713],[68.7365,23.8626],[68.7301,23.8621],[68.7271,23.8593],[68.7185,23.8593],[68.7162,23.8574],[68.7049,23.8582],[68.7018,23.8568],[68.6929,23.861],[68.6837,23.8618],[68.6718,23.8615],[68.6651,23.8576],[68.6601,23.8585],[68.6615,23.8565],[68.6654,23.8568],[68.666,23.8521],[68.6554,23.846],[68.6482,23.8479],[68.6499,23.844],[68.6449,23.8463],[68.6485,23.8432],[68.6468,23.8396],[68.6374,23.836],[68.6271,23.8354],[68.6151,23.8376],[68.6146,23.839],[68.6135,23.8376],[68.6049,23.8382],[68.6021,23.8396],[68.6021,23.8438],[68.6001,23.8454],[68.6038,23.8501],[68.5987,23.8474],[68.599,23.8451],[68.601,23.844],[68.6001,23.8396],[68.5882,23.8365],[68.5746,23.8213],[68.5646,23.7979],[68.5335,23.756],[68.529,23.7554],[68.5251,23.759],[68.5268,23.7668],[68.5263,23.7735],[68.524,23.7771],[68.5174,23.7807],[68.5154,23.7854],[68.5165,23.7904],[68.5179,23.791],[68.5179,23.7954],[68.5254,23.8004],[68.531,23.8001],[68.5351,23.8062],[68.5343,23.8113],[68.5374,23.8151],[68.5335,23.8115],[68.5343,23.8074],[68.531,23.8021],[68.526,23.8021],[68.5215,23.811],[68.5226,23.8177],[68.5149,23.8224],[68.5149,23.824],[68.5193,23.8265],[68.5343,23.8279],[68.5468,23.836],[68.5507,23.8401],[68.5574,23.8563],[68.566,23.8632],[68.5688,23.874],[68.5729,23.881],[68.5851,23.8851],[68.5985,23.8924],[68.6046,23.899],[68.6135,23.9032],[68.626,23.9007],[68.6385,23.8949],[68.6363,23.8976],[68.6388,23.8979],[68.6499,23.9071],[68.6551,23.9138],[68.6632,23.9174],[68.6624,23.9226],[68.6596,23.9218],[68.6582,23.9176],[68.6521,23.9157],[68.641,23.9043],[68.6382,23.9032],[68.6199,23.9065],[68.6176,23.9082],[68.6176,23.9129],[68.6196,23.9163],[68.6196,23.9224],[68.6229,23.926],[68.6224,23.9274],[68.6185,23.9263],[68.616,23.9221],[68.6143,23.9226],[68.6093,23.9338],[68.606,23.9368],[68.5971,23.9393],[68.596,23.9418],[68.5874,23.9407],[68.5885,23.9224],[68.5796,23.9243],[68.5587,23.924],[68.5593,23.9318],[68.5437,23.9351],[68.544,23.9371],[68.5426,23.9371],[68.5374,23.9468],[68.5399,23.9493],[68.5437,23.9599],[68.5477,23.9632],[68.545,23.9673],[68.7526,23.9674],[68.7626,24.1291],[68.7696,24.2726],[68.7692,24.2848],[68.7617,24.2905],[68.7617,24.2921],[68.7631,24.2944],[68.7706,24.2982],[68.8058,24.3128],[68.8172,24.3115],[68.8243,24.3168],[68.8275,24.3168],[68.8424,24.2808],[68.842,24.2568],[68.851,24.2211],[68.8528,24.2168],[68.8588,24.2131],[68.8679,24.2119],[68.8784,24.2149],[68.8846,24.2252],[68.8948,24.2612],[68.9027,24.2746],[68.9144,24.2845],[68.9432,24.3021],[68.9571,24.2884],[68.9691,24.2717],[68.9821,24.2334],[68.9896,24.2276],[69.0052,24.2232],[69.0222,24.2295],[69.0291,24.2341],[69.0353,24.2421],[69.04,24.245],[69.092,24.2723],[69.098,24.2721],[69.1928,24.2379],[69.3086,24.2807],[69.3751,24.2704],[69.4014,24.2723],[69.4431,24.28],[69.4497,24.279],[69.4674,24.2703],[69.4844,24.2678],[69.5399,24.2774],[69.5634,24.2828],[69.5879,24.2913],[69.595,24.2901],[69.5954,24.2879],[69.7301,24.1718],[70.0165,24.1699],[70.0251,24.1716],[70.0385,24.1781],[70.0516,24.1902],[70.0656,24.1981],[70.0728,24.2174],[70.0887,24.2468],[70.0958,24.2672],[70.1093,24.2946],[70.1203,24.2978],[70.1717,24.3061],[70.2198,24.3222],[70.246,24.3246],[70.2587,24.3315],[70.269,24.3341],[70.304,24.3481],[70.3527,24.3537],[70.3724,24.3537],[70.3878,24.3603],[70.4087,24.3731],[70.4252,24.3801],[70.463,24.3874],[70.4823,24.3945],[70.5424,24.4096],[70.5612,24.4188],[70.5736,24.4217],[70.6,24.4082],[70.592,24.3883],[70.58,24.3664],[70.5731,24.3599],[70.5599,24.3524],[70.5646,24.3352],[70.5693,24.3229],[70.5732,24.3181],[70.5747,24.3076],[70.5775,24.3038],[70.5773,24.2943],[70.582,24.2781],[70.5817,24.2724],[70.5756,24.2618],[70.5743,24.2551],[70.5761,24.2522],[70.582,24.2485],[70.5969,24.2448],[70.6447,24.2246],[70.6696,24.2203],[70.6888,24.2203],[70.722,24.2165],[70.7345,24.2203],[70.7592,24.2194],[70.7829,24.2212],[70.8339,24.2288],[70.8397,24.2321],[70.8482,24.2409],[70.8549,24.2445],[70.86,24.2456],[70.8674,24.2443],[70.879,24.2464],[70.9047,24.2595],[70.9072,24.2633],[70.8837,24.2714],[70.8779,24.2754],[70.8731,24.2875],[70.874,24.2973],[70.882,24.3047],[70.8944,24.3095],[70.9044,24.3159],[70.9103,24.3221],[70.914,24.3236],[70.9182,24.3296],[70.9421,24.346],[70.949,24.3525],[70.9635,24.3545],[70.9815,24.3648],[70.9879,24.3667],[70.994,24.3593],[71.0025,24.3529],[71.0186,24.3512],[71.0368,24.3533],[71.0561,24.3615],[71.0669,24.3781],[71.0781,24.3873],[71.1121,24.3965],[71.1218,24.4075],[71.1242,24.4195],[71.1142,24.4334],[71.109,24.4368],[71.0845,24.4385],[71.0284,24.4362],[71.0,24.4459],[70.9973,24.4484],[70.9973,24.4728],[71.0041,24.5081],[71.0053,24.5289],[70.9882,24.5476],[70.9935,24.5763],[70.9887,24.591],[70.9907,24.6055],[71.0004,24.6218],[71.0074,24.6287],[71.0107,24.6367],[71.0365,24.6449],[71.0512,24.6525],[71.0755,24.6674],[71.0978,24.6866],[71.11,24.6745],[71.1375,24.6638],[71.1625,24.6545],[71.1982,24.6451],[71.2326,24.632],[71.2783,24.6179],[71.2889,24.6128],[71.2955,24.5963],[71.3105,24.5906],[71.3135,24.588],[71.3143,24.5718],[71.3102,24.5639],[71.3058,24.5627],[71.3114,24.5587],[71.3074,24.5547]]],[[[68.3585,23.8051],[68.3643,23.8027],[68.3771,23.7918],[68.3979,23.7849],[68.406,23.7868],[68.4143,23.7946],[68.4215,23.7946],[68.4243,23.7971],[68.4262,23.7949],[68.4246,23.7771],[68.4193,23.7699],[68.4182,23.7626],[68.4115,23.7615],[68.3993,23.751],[68.4046,23.7524],[68.4051,23.7554],[68.4112,23.7599],[68.4174,23.7604],[68.4154,23.7479],[68.4185,23.7243],[68.4143,23.7126],[68.4079,23.7021],[68.4062,23.6921],[68.3951,23.6668],[68.3946,23.6615],[68.391,23.6601],[68.3904,23.6543],[68.3821,23.6446],[68.3754,23.6432],[68.3768,23.6515],[68.386,23.6676],[68.3896,23.686],[68.384,23.6657],[68.3757,23.6507],[68.3746,23.6393],[68.3668,23.631],[68.3621,23.6293],[68.3607,23.6271],[68.3587,23.6276],[68.3565,23.6215],[68.3532,23.6215],[68.3532,23.6168],[68.3479,23.616],[68.3512,23.6085],[68.3512,23.6049],[68.3468,23.5982],[68.3304,23.589],[68.324,23.5882],[68.3146,23.5899],[68.3143,23.5876],[68.3171,23.5851],[68.3149,23.5832],[68.3085,23.5829],[68.3101,23.5849],[68.309,23.5865],[68.3065,23.5865],[68.3043,23.5965],[68.2999,23.5918],[68.2996,23.5879],[68.3076,23.584],[68.3007,23.5843],[68.2993,23.5807],[68.2949,23.5788],[68.2868,23.5799],[68.2829,23.5838],[68.2807,23.5824],[68.2763,23.5868],[68.2743,23.5918],[68.276,23.5971],[68.279,23.5971],[68.2782,23.5899],[68.2801,23.5888],[68.2832,23.6007],[68.2926,23.6001],[68.2862,23.6051],[68.2812,23.6063],[68.2818,23.6076],[68.2851,23.6079],[68.2882,23.606],[68.2857,23.611],[68.2829,23.6113],[68.2812,23.614],[68.2779,23.6099],[68.2729,23.6179],[68.2729,23.6218],[68.2779,23.6313],[68.2865,23.6274],[68.3046,23.6301],[68.3138,23.6224],[68.3068,23.6307],[68.2882,23.6287],[68.2771,23.6326],[68.2757,23.6282],[68.2701,23.6251],[68.2671,23.6201],[68.2696,23.6099],[68.264,23.6024],[68.2557,23.6004],[68.2454,23.604],[68.2454,23.6065],[68.2421,23.6063],[68.2432,23.6054],[68.2418,23.6051],[68.2424,23.6038],[68.2399,23.5999],[68.2487,23.5938],[68.251,23.5938],[68.2537,23.5968],[68.2562,23.5957],[68.254,23.5924],[68.2501,23.5907],[68.2449,23.5904],[68.2432,23.5938],[68.2385,23.5924],[68.2382,23.5954],[68.2368,23.5957],[68.2363,23.5907],[68.2332,23.591],[68.2332,23.5871],[68.2307,23.589],[68.2213,23.5899],[68.2201,23.5924],[68.2257,23.5979],[68.2235,23.5999],[68.2237,23.6038],[68.2279,23.6043],[68.226,23.6068],[68.2224,23.6065],[68.221,23.6038],[68.2165,23.6063],[68.2162,23.6024],[68.2146,23.6007],[68.2115,23.6024],[68.2079,23.5999],[68.2071,23.6021],[68.2054,23.6021],[68.2057,23.5982],[68.2035,23.5946],[68.1971,23.5971],[68.194,23.6068],[68.1912,23.6071],[68.1874,23.611],[68.1862,23.6243],[68.1929,23.6351],[68.2046,23.6476],[68.2079,23.6468],[68.2049,23.6446],[68.2074,23.6418],[68.2115,23.6435],[68.2101,23.6404],[68.2121,23.6404],[68.214,23.6432],[68.2193,23.6435],[68.2187,23.6446],[68.2232,23.6471],[68.2274,23.6424],[68.2337,23.6413],[68.2415,23.6426],[68.2451,23.6418],[68.2482,23.6443],[68.256,23.6451],[68.2582,23.6404],[68.2601,23.6399],[68.2582,23.6418],[68.2582,23.6449],[68.2799,23.649],[68.2996,23.6474],[68.3085,23.6482],[68.3118,23.6501],[68.3104,23.6521],[68.3065,23.649],[68.2899,23.6482],[68.2865,23.651],[68.2804,23.6521],[68.2746,23.649],[68.2593,23.646],[68.2312,23.6429],[68.2335,23.6449],[68.2371,23.6449],[68.2382,23.6479],[68.2396,23.6468],[68.2532,23.6468],[68.2635,23.6485],[68.2626,23.6499],[68.2637,23.6501],[68.2696,23.6496],[68.2688,23.6515],[68.2743,23.6604],[68.2771,23.6615],[68.2774,23.6632],[68.2802,23.6626],[68.2821,23.6707],[68.2924,23.6785],[68.2971,23.6799],[68.3043,23.679],[68.3063,23.6812],[68.3015,23.6796],[68.2985,23.6812],[68.2974,23.684],[68.3099,23.6979],[68.3138,23.7071],[68.3135,23.7121],[68.3185,23.7182],[68.3296,23.7238],[68.3299,23.7199],[68.3326,23.7171],[68.334,23.711],[68.334,23.7154],[68.3304,23.7224],[68.3324,23.7251],[68.3354,23.7257],[68.3379,23.7296],[68.3393,23.7426],[68.3449,23.741],[68.3468,23.7349],[68.3499,23.7318],[68.3471,23.741],[68.3518,23.7429],[68.3501,23.744],[68.346,23.7426],[68.341,23.7449],[68.341,23.7501],[68.3432,23.7524],[68.3379,23.7521],[68.3385,23.7535],[68.3349,23.7563],[68.3349,23.7588],[68.3401,23.7654],[68.3487,23.7815],[68.3504,23.8007],[68.3549,23.8046],[68.3585,23.8051]]],[[[68.3585,23.975],[68.3752,23.9675],[68.3802,23.9683],[68.4012,23.9649],[68.434,23.9673],[68.434,23.966],[68.4326,23.9599],[68.4251,23.9518],[68.4187,23.934],[68.4115,23.926],[68.3871,23.9143],[68.3771,23.9151],[68.3763,23.919],[68.3788,23.9199],[68.3763,23.9204],[68.3754,23.9165],[68.3765,23.9149],[68.3579,23.9121],[68.3504,23.9085],[68.3465,23.904],[68.3424,23.8899],[68.3474,23.881],[68.3487,23.8651],[68.3424,23.8482],[68.3362,23.8388],[68.3376,23.8193],[68.3296,23.8149],[68.3232,23.8074],[68.321,23.8071],[68.314,23.8218],[68.3146,23.824],[68.3124,23.8229],[68.3101,23.8249],[68.3037,23.8246],[68.2888,23.8174],[68.289,23.8146],[68.2957,23.811],[68.2957,23.8043],[68.2743,23.7974],[68.2712,23.7915],[68.2704,23.7857],[68.2671,23.7929],[68.2657,23.7929],[68.2699,23.7818],[68.2621,23.7601],[68.2626,23.7524],[68.266,23.7463],[68.2613,23.739],[68.2626,23.731],[68.2615,23.7265],[68.254,23.7188],[68.2551,23.7113],[68.2587,23.709],[68.2601,23.7046],[68.2649,23.7007],[68.2671,23.6957],[68.2668,23.6918],[68.2601,23.6826],[68.256,23.6796],[68.251,23.6807],[68.2451,23.679],[68.2432,23.681],[68.2385,23.681],[68.2324,23.6851],[68.2304,23.6888],[68.2268,23.6901],[68.2257,23.6949],[68.2276,23.6951],[68.2293,23.7029],[68.2254,23.6999],[68.2199,23.6996],[68.211,23.7046],[68.2104,23.7065],[68.2076,23.7068],[68.2004,23.7213],[68.1926,23.731],[68.1932,23.7357],[68.2015,23.7449],[68.2001,23.7474],[68.2032,23.7496],[68.2118,23.7635],[68.2138,23.7554],[68.2196,23.7549],[68.226,23.7626],[68.2246,23.7718],[68.2343,23.7749],[68.2332,23.7776],[68.2343,23.7801],[68.2326,23.7821],[68.2312,23.7757],[68.2288,23.7738],[68.2243,23.7735],[68.2179,23.7813],[68.2162,23.7932],[68.2093,23.811],[68.2107,23.8282],[68.2129,23.8346],[68.216,23.8363],[68.2249,23.8349],[68.2346,23.836],[68.2412,23.8496],[68.2454,23.8538],[68.2496,23.8465],[68.2571,23.8446],[68.2604,23.8249],[68.2621,23.8263],[68.261,23.8374],[68.2774,23.8343],[68.2829,23.8401],[68.2874,23.8393],[68.2868,23.8412],[68.2832,23.8418],[68.2768,23.8357],[68.2732,23.8357],[68.2712,23.8379],[68.2635,23.8379],[68.261,23.8388],[68.2579,23.8454],[68.2496,23.8487],[68.2487,23.854],[68.2565,23.8626],[68.2579,23.8707],[68.2593,23.8718],[68.2712,23.8707],[68.2754,23.8682],[68.2804,23.8679],[68.2901,23.8729],[68.2932,23.8729],[68.2976,23.8679],[68.3051,23.8657],[68.3112,23.8776],[68.3176,23.8793],[68.3176,23.8804],[68.3151,23.8815],[68.3096,23.879],[68.3071,23.8754],[68.3054,23.8685],[68.3024,23.8671],[68.2932,23.8751],[68.2868,23.8738],[68.2818,23.8701],[68.2643,23.8757],[68.259,23.8751],[68.2582,23.879],[68.2613,23.8865],[68.2671,23.8915],[68.2707,23.8926],[68.2704,23.8949],[68.2785,23.9024],[68.2774,23.9079],[68.2785,23.9129],[68.2771,23.9149],[68.2835,23.9204],[68.2921,23.9218],[68.3249,23.9143],[68.3318,23.9163],[68.3382,23.9204],[68.3399,23.924],[68.3424,23.9246],[68.3424,23.9285],[68.346,23.9326],[68.3463,23.9496],[68.3449,23.9543],[68.3462,23.9604],[68.3512,23.9679],[68.3574,23.9718],[68.3585,23.975]]],[[[68.4437,23.9683],[68.4976,23.9675],[68.4957,23.9596],[68.4996,23.9487],[68.5071,23.944],[68.5174,23.9421],[68.519,23.9382],[68.5151,23.9382],[68.5057,23.9418],[68.5087,23.9388],[68.5185,23.9357],[68.5185,23.9243],[68.5132,23.9198],[68.5099,23.9232],[68.511,23.9168],[68.5046,23.9085],[68.4879,23.9015],[68.4804,23.8904],[68.4674,23.8946],[68.4707,23.8915],[68.4796,23.889],[68.4724,23.8621],[68.4638,23.8604],[68.4593,23.8565],[68.4524,23.8543],[68.449,23.8507],[68.4462,23.8507],[68.4435,23.8485],[68.4401,23.8507],[68.4324,23.8521],[68.4282,23.8618],[68.4399,23.8665],[68.4443,23.8701],[68.4454,23.8763],[68.4532,23.8799],[68.4538,23.8846],[68.4504,23.8935],[68.4532,23.9004],[68.4529,23.9079],[68.4554,23.9099],[68.4576,23.9096],[68.4565,23.9107],[68.4582,23.9146],[68.4574,23.9157],[68.4543,23.9121],[68.4549,23.9168],[68.4526,23.916],[68.4512,23.9199],[68.454,23.9221],[68.4557,23.9288],[68.4629,23.9318],[68.4565,23.9343],[68.4488,23.9401],[68.4418,23.9363],[68.4368,23.9376],[68.4282,23.9365],[68.4354,23.9549],[68.4415,23.9626],[68.449,23.9596],[68.449,23.961],[68.4426,23.964],[68.4437,23.9683]]],[[[68.3957,23.8782],[68.409,23.8718],[68.4168,23.8707],[68.4207,23.8685],[68.4246,23.8649],[68.4257,23.8599],[68.4246,23.8554],[68.4293,23.8479],[68.4287,23.846],[68.4313,23.846],[68.4393,23.839],[68.4382,23.8332],[68.4279,23.8188],[68.4265,23.8104],[68.4179,23.8051],[68.4101,23.809],[68.4079,23.8143],[68.4129,23.8196],[68.4115,23.821],[68.4068,23.8157],[68.4065,23.8118],[68.4096,23.8076],[68.4151,23.8049],[68.416,23.8021],[68.411,23.7957],[68.4054,23.7932],[68.4013,23.7962],[68.3918,23.809],[68.3907,23.816],[68.3918,23.8282],[68.3899,23.8321],[68.3843,23.8374],[68.3796,23.8382],[68.3868,23.8343],[68.3893,23.8304],[68.3901,23.8096],[68.4007,23.7946],[68.4015,23.7904],[68.399,23.7896],[68.3899,23.7913],[68.3788,23.7954],[68.3771,23.7971],[68.376,23.8038],[68.3696,23.8096],[68.3551,23.811],[68.3493,23.8093],[68.3385,23.801],[68.3301,23.7874],[68.3249,23.7951],[68.3251,23.7979],[68.3421,23.8129],[68.3474,23.8196],[68.3479,23.8246],[68.3429,23.8313],[68.3426,23.8365],[68.3443,23.8393],[68.3551,23.8457],[68.3579,23.8501],[68.3724,23.8579],[68.374,23.8565],[68.3771,23.8579],[68.3737,23.8601],[68.3779,23.8743],[68.3876,23.874],[68.3957,23.8782]]],[[[68.4965,23.831],[68.5079,23.8263],[68.5143,23.8185],[68.5199,23.8179],[68.519,23.811],[68.5229,23.8024],[68.5151,23.7957],[68.5124,23.7887],[68.5079,23.7901],[68.504,23.794],[68.4985,23.7946],[68.5032,23.7926],[68.5068,23.789],[68.5126,23.7874],[68.5157,23.7793],[68.5224,23.7754],[68.5168,23.7546],[68.5149,23.7524],[68.5101,23.751],[68.5043,23.7551],[68.4896,23.7596],[68.4924,23.7574],[68.5029,23.7543],[68.5074,23.7485],[68.4949,23.7374],[68.4876,23.7371],[68.4882,23.7485],[68.4835,23.7526],[68.4765,23.7529],[68.4715,23.7551],[68.4654,23.7676],[68.4668,23.7721],[68.4654,23.7754],[68.464,23.7663],[68.4707,23.7524],[68.4785,23.7476],[68.479,23.7443],[68.4768,23.7407],[68.4704,23.7401],[68.4646,23.7435],[68.4587,23.7435],[68.4479,23.7413],[68.4451,23.7393],[68.4429,23.7404],[68.4374,23.7393],[68.4371,23.7432],[68.4429,23.7535],[68.4479,23.7588],[68.4504,23.7663],[68.4565,23.774],[68.4546,23.786],[68.4496,23.7907],[68.4501,23.7982],[68.4479,23.8065],[68.4529,23.809],[68.4554,23.8074],[68.4543,23.8135],[68.4582,23.8177],[68.4751,23.8207],[68.4899,23.8304],[68.4965,23.831]]],[[[68.4493,23.9385],[68.4557,23.9346],[68.4587,23.9307],[68.4546,23.9293],[68.451,23.9212],[68.444,23.9193],[68.4451,23.9174],[68.449,23.9196],[68.4518,23.916],[68.4515,23.9143],[68.4462,23.9157],[68.4462,23.914],[68.4443,23.9132],[68.4515,23.9135],[68.4504,23.9054],[68.4471,23.9057],[68.4457,23.9079],[68.4449,23.9071],[68.4443,23.9093],[68.4429,23.9082],[68.4451,23.9054],[68.4504,23.9046],[68.451,23.9001],[68.449,23.9001],[68.4485,23.8982],[68.4468,23.8988],[68.4485,23.8971],[68.4521,23.8818],[68.4437,23.8785],[68.4421,23.8704],[68.426,23.8646],[68.4196,23.871],[68.4207,23.8771],[68.4107,23.8854],[68.4187,23.8921],[68.4285,23.8943],[68.4293,23.896],[68.4224,23.8949],[68.4149,23.8913],[68.4085,23.8851],[68.4096,23.8826],[68.4129,23.8815],[68.4179,23.8768],[68.4171,23.8724],[68.4093,23.8735],[68.3935,23.8804],[68.3885,23.876],[68.3774,23.8765],[68.3729,23.8687],[68.3724,23.8596],[68.3565,23.8507],[68.3535,23.8463],[68.3499,23.8463],[68.3565,23.8632],[68.3568,23.8721],[68.3546,23.8804],[68.3565,23.8843],[68.3551,23.8876],[68.356,23.8901],[68.3585,23.8932],[68.3676,23.8907],[68.3662,23.8921],[68.3674,23.8932],[68.3585,23.894],[68.3543,23.8882],[68.3557,23.8846],[68.3532,23.8837],[68.3504,23.8913],[68.3504,23.8962],[68.3529,23.9007],[68.3637,23.906],[68.3863,23.9063],[68.4051,23.9124],[68.4201,23.921],[68.4274,23.9335],[68.4362,23.936],[68.441,23.9346],[68.4493,23.9385]]],[[[68.3079,23.8237],[68.3129,23.8213],[68.3182,23.8076],[68.3224,23.8049],[68.3138,23.7868],[68.3154,23.7646],[68.3243,23.7343],[68.3182,23.7318],[68.3138,23.7321],[68.3129,23.7304],[68.2999,23.7285],[68.2965,23.726],[68.2913,23.7276],[68.2868,23.7313],[68.2862,23.7337],[68.2885,23.7362],[68.2926,23.7374],[68.2946,23.7413],[68.289,23.7479],[68.2871,23.7543],[68.2857,23.7546],[68.2876,23.7465],[68.2915,23.7437],[68.2932,23.7404],[68.2854,23.7357],[68.2849,23.7321],[68.2888,23.7274],[68.2943,23.7249],[68.2946,23.7232],[68.2893,23.7188],[68.2832,23.7099],[68.2801,23.7113],[68.2774,23.7074],[68.2782,23.7101],[68.2746,23.7071],[68.2721,23.7076],[68.2715,23.7049],[68.274,23.7062],[68.2729,23.7038],[68.274,23.7013],[68.2718,23.7038],[68.2676,23.7046],[68.2574,23.716],[68.2635,23.7232],[68.266,23.7296],[68.2635,23.7385],[68.2679,23.7426],[68.2693,23.7499],[68.2685,23.7521],[68.2674,23.7513],[68.2651,23.7529],[68.2643,23.7599],[68.2671,23.7654],[68.2676,23.7724],[68.2715,23.7799],[68.2729,23.7907],[68.2754,23.7951],[68.2982,23.8038],[68.2971,23.8121],[68.2926,23.8138],[68.2901,23.8168],[68.3079,23.8237]]],[[[68.5354,23.946],[68.5424,23.9338],[68.5582,23.931],[68.5585,23.9232],[68.5826,23.9229],[68.5879,23.9215],[68.5888,23.9168],[68.5796,23.9138],[68.5671,23.9035],[68.5654,23.9001],[68.5674,23.8988],[68.5646,23.8938],[68.5537,23.881],[68.5493,23.8785],[68.5493,23.8757],[68.5468,23.8729],[68.5426,23.8721],[68.5371,23.8674],[68.5368,23.8754],[68.5326,23.8763],[68.5232,23.8613],[68.5221,23.8563],[68.5171,23.8565],[68.5146,23.8574],[68.5143,23.8596],[68.5099,23.8635],[68.5004,23.8665],[68.5004,23.8726],[68.5021,23.8754],[68.499,23.8735],[68.499,23.8693],[68.4971,23.8671],[68.491,23.8663],[68.486,23.8899],[68.5001,23.8965],[68.5074,23.9024],[68.5121,23.9032],[68.5154,23.9015],[68.521,23.8943],[68.5257,23.8926],[68.5254,23.8946],[68.514,23.9046],[68.5287,23.9151],[68.5321,23.9201],[68.5318,23.9235],[68.5346,23.9188],[68.5376,23.9176],[68.5324,23.9246],[68.5313,23.9332],[68.5254,23.9401],[68.5299,23.9446],[68.5354,23.946]]],[[[68.4729,23.4804],[68.4854,23.4754],[68.4871,23.4726],[68.4868,23.4674],[68.4949,23.456],[68.4904,23.4446],[68.4899,23.4274],[68.4846,23.4032],[68.4771,23.4035],[68.4718,23.4065],[68.4635,23.4071],[68.4665,23.4118],[68.461,23.4143],[68.4582,23.4179],[68.4593,23.4199],[68.4629,23.4193],[68.4646,23.4212],[68.4618,23.4251],[68.464,23.4274],[68.4612,23.429],[68.4621,23.4329],[68.4587,23.434],[68.4601,23.4374],[68.4676,23.4421],[68.4604,23.444],[68.4618,23.4535],[68.4657,23.4549],[68.4707,23.4532],[68.4746,23.4599],[68.4726,23.4593],[68.4704,23.454],[68.4668,23.4557],[68.4676,23.4588],[68.466,23.4557],[68.4585,23.4535],[68.4576,23.4518],[68.4488,23.4501],[68.446,23.446],[68.4435,23.4468],[68.444,23.4446],[68.4401,23.4449],[68.4412,23.4415],[68.439,23.4396],[68.4404,23.439],[68.4382,23.4354],[68.4365,23.4365],[68.4349,23.4332],[68.4301,23.4343],[68.4304,23.4313],[68.4285,23.4338],[68.4285,23.4374],[68.4243,23.4399],[68.4182,23.4399],[68.4201,23.4335],[68.4262,23.4343],[68.429,23.4315],[68.4246,23.4265],[68.4213,23.4254],[68.4213,23.4201],[68.4187,23.4235],[68.4199,23.4293],[68.4151,23.4293],[68.416,23.4307],[68.4137,23.4301],[68.4127,23.4321],[68.414,23.4376],[68.4115,23.4415],[68.4121,23.4435],[68.4143,23.4432],[68.4171,23.446],[68.4193,23.4449],[68.4201,23.446],[68.4207,23.4446],[68.4221,23.4457],[68.4229,23.4443],[68.4232,23.4474],[68.4246,23.4463],[68.4249,23.4476],[68.4293,23.4401],[68.4349,23.4404],[68.4343,23.4421],[68.4362,23.4435],[68.4326,23.4501],[68.4354,23.449],[68.4371,23.4538],[68.4432,23.4543],[68.4432,23.456],[68.4499,23.4579],[68.4526,23.461],[68.4532,23.4638],[68.4496,23.461],[68.4449,23.4618],[68.444,23.4665],[68.4451,23.4679],[68.4482,23.4676],[68.4488,23.469],[68.4546,23.4696],[68.4546,23.4707],[68.4574,23.4676],[68.4563,23.471],[68.4601,23.4685],[68.4612,23.4763],[68.4579,23.4768],[68.4571,23.4788],[68.4701,23.4782],[68.4729,23.4804]]],[[[68.5582,23.3138],[68.564,23.3007],[68.5668,23.3021],[68.5704,23.3004],[68.5713,23.2963],[68.574,23.2943],[68.5751,23.2951],[68.5715,23.301],[68.5724,23.3038],[68.5849,23.2999],[68.5865,23.2957],[68.5882,23.2954],[68.5874,23.301],[68.5846,23.3021],[68.5843,23.3049],[68.5821,23.3062],[68.5821,23.3101],[68.5957,23.2996],[68.6024,23.2999],[68.6121,23.2965],[68.6074,23.2949],[68.6121,23.2921],[68.6101,23.2854],[68.6149,23.2715],[68.6062,23.2735],[68.6076,23.2715],[68.6071,23.269],[68.6024,23.2682],[68.5999,23.2729],[68.5985,23.2682],[68.5921,23.2671],[68.5876,23.264],[68.5724,23.261],[68.571,23.259],[68.5718,23.2571],[68.5776,23.2576],[68.5779,23.2554],[68.5826,23.2554],[68.5843,23.2537],[68.5832,23.2518],[68.5729,23.2513],[68.5735,23.2493],[68.5757,23.2488],[68.574,23.2451],[68.5701,23.2471],[68.5682,23.251],[68.5587,23.2535],[68.5571,23.2565],[68.5476,23.2615],[68.5457,23.2654],[68.541,23.2657],[68.5379,23.2729],[68.541,23.2851],[68.544,23.286],[68.5457,23.2832],[68.5479,23.2826],[68.5454,23.2821],[68.5462,23.2779],[68.5515,23.2779],[68.5563,23.274],[68.5576,23.2743],[68.5582,23.2776],[68.561,23.2765],[68.5643,23.2785],[68.5635,23.2818],[68.5651,23.2838],[68.5665,23.2832],[68.5665,23.2804],[68.5679,23.2812],[68.5682,23.2849],[68.566,23.2868],[68.5596,23.2871],[68.5532,23.2968],[68.5554,23.3118],[68.5582,23.3138]]],[[[68.4851,23.5926],[68.4857,23.5876],[68.4837,23.5804],[68.4854,23.5751],[68.4799,23.5679],[68.4812,23.5613],[68.4788,23.5613],[68.4793,23.5626],[68.4765,23.5643],[68.4735,23.5629],[68.474,23.5582],[68.4687,23.5582],[68.4713,23.5557],[68.4682,23.5529],[68.4635,23.5507],[68.4632,23.5538],[68.4618,23.554],[68.4607,23.5487],[68.446,23.5401],[68.439,23.5285],[68.4399,23.5265],[68.4374,23.5249],[68.4382,23.5238],[68.4351,23.5224],[68.4335,23.5232],[68.4326,23.5077],[68.4304,23.5077],[68.4287,23.5154],[68.4318,23.5212],[68.4293,23.5235],[68.4321,23.5304],[68.4299,23.5326],[68.4299,23.5338],[68.4313,23.5332],[68.4301,23.5429],[68.4354,23.5468],[68.436,23.5499],[68.4335,23.551],[68.4354,23.5571],[68.4376,23.5599],[68.4413,23.5585],[68.4399,23.5604],[68.4421,23.561],[68.4421,23.5635],[68.446,23.5638],[68.4482,23.5657],[68.451,23.5651],[68.4518,23.5615],[68.4532,23.5613],[68.454,23.5646],[68.4526,23.5663],[68.4546,23.5674],[68.4557,23.5724],[68.4604,23.5754],[68.4679,23.5765],[68.4682,23.5782],[68.4729,23.5782],[68.4696,23.5829],[68.4671,23.5829],[68.4676,23.5799],[68.4649,23.579],[68.4624,23.5815],[68.4685,23.5921],[68.4735,23.5932],[68.4796,23.5899],[68.481,23.5915],[68.4804,23.5968],[68.4821,23.5968],[68.4851,23.5926]]],[[[68.5718,23.3737],[68.581,23.3713],[68.5824,23.3735],[68.5863,23.3735],[68.5876,23.3718],[68.5863,23.3699],[68.5879,23.3685],[68.5896,23.374],[68.5979,23.364],[68.5968,23.3612],[68.5943,23.3615],[68.5949,23.359],[68.5976,23.3571],[68.6038,23.3576],[68.6074,23.3529],[68.6107,23.3518],[68.6093,23.3593],[68.6068,23.3638],[68.6087,23.3643],[68.6107,23.3576],[68.6185,23.3529],[68.6174,23.3485],[68.6149,23.3499],[68.6204,23.3368],[68.619,23.329],[68.6165,23.3282],[68.6165,23.334],[68.6107,23.3326],[68.6104,23.3354],[68.6118,23.3346],[68.6118,23.3357],[68.5999,23.3457],[68.5968,23.3468],[68.6074,23.3318],[68.591,23.3415],[68.584,23.3535],[68.5785,23.3515],[68.5771,23.3565],[68.5804,23.3538],[68.5793,23.3601],[68.5765,23.3635],[68.5749,23.3629],[68.5751,23.3604],[68.574,23.361],[68.5704,23.3665],[68.5704,23.371],[68.5679,23.3721],[68.5718,23.3737]]],[[[68.2482,23.8804],[68.2513,23.8796],[68.2549,23.8751],[68.2518,23.8624],[68.239,23.8529],[68.234,23.8429],[68.224,23.8471],[68.216,23.8476],[68.2162,23.8574],[68.2138,23.8626],[68.216,23.8668],[68.2385,23.876],[68.2449,23.8804],[68.2482,23.8804]]],[[[70.4485,23.0521],[70.4343,23.0137],[70.4229,22.9974],[70.4138,22.9899],[70.4104,22.9996],[70.4146,23.0193],[70.421,23.0274],[70.4315,23.0351],[70.4429,23.0488],[70.4485,23.0521]]],[[[68.4563,23.6249],[68.466,23.6215],[68.4665,23.601],[68.4587,23.6043],[68.4518,23.6029],[68.4482,23.5999],[68.446,23.5907],[68.4446,23.5901],[68.4457,23.5885],[68.4424,23.5885],[68.4404,23.5865],[68.4401,23.589],[68.4385,23.5893],[68.4413,23.5954],[68.441,23.6035],[68.4396,23.6068],[68.4368,23.6071],[68.4374,23.6093],[68.4346,23.6163],[68.4365,23.6193],[68.4437,23.6196],[68.4443,23.6218],[68.4563,23.6249]]],[[[68.506,23.3424],[68.5065,23.341],[68.5129,23.3393],[68.5193,23.3415],[68.5218,23.3368],[68.5229,23.3379],[68.5276,23.3371],[68.5287,23.3326],[68.5282,23.331],[68.5257,23.3304],[68.5263,23.329],[68.529,23.326],[68.5368,23.3224],[68.5374,23.3207],[68.5354,23.3221],[68.534,23.3204],[68.5376,23.3185],[68.5357,23.3165],[68.5193,23.3171],[68.5115,23.3185],[68.5024,23.3238],[68.5043,23.3279],[68.5051,23.3271],[68.5051,23.3307],[68.5071,23.3315],[68.5065,23.3354],[68.5046,23.3318],[68.5029,23.3329],[68.5026,23.3404],[68.506,23.3424]]],[[[68.4846,23.6279],[68.4871,23.6271],[68.4832,23.6215],[68.4885,23.6257],[68.4904,23.6243],[68.4893,23.6143],[68.491,23.6043],[68.4863,23.6046],[68.4826,23.6074],[68.4788,23.6065],[68.4779,23.6001],[68.4796,23.5979],[68.4799,23.591],[68.4735,23.594],[68.4682,23.5926],[68.4671,23.5968],[68.4696,23.6015],[68.4682,23.611],[68.4696,23.6163],[68.4735,23.6201],[68.4796,23.6201],[68.4815,23.6232],[68.4812,23.6271],[68.4846,23.6279]]],[[[68.5435,23.4038],[68.5479,23.401],[68.5507,23.4024],[68.5512,23.4007],[68.5499,23.3999],[68.554,23.399],[68.5549,23.396],[68.5532,23.3915],[68.5593,23.3829],[68.5574,23.3813],[68.554,23.3832],[68.5563,23.379],[68.5674,23.376],[68.5615,23.3696],[68.5587,23.3626],[68.5557,23.3604],[68.5526,23.3607],[68.5537,23.3621],[68.5529,23.3665],[68.5521,23.3646],[68.5496,23.366],[68.5501,23.3713],[68.5551,23.369],[68.5574,23.3732],[68.5607,23.3754],[68.554,23.3771],[68.5543,23.3801],[68.5515,23.3843],[68.5526,23.3857],[68.5501,23.3868],[68.5485,23.3926],[68.5454,23.3946],[68.5462,23.3968],[68.5426,23.3951],[68.5437,23.3882],[68.5418,23.389],[68.5424,23.3918],[68.5393,23.3935],[68.5424,23.3943],[68.5413,23.3968],[68.5443,23.3974],[68.5413,23.4013],[68.5399,23.4013],[68.5382,23.3962],[68.5329,23.3932],[68.5343,23.391],[68.5335,23.3896],[68.5326,23.391],[68.5282,23.3907],[68.5293,23.3943],[68.536,23.3968],[68.5354,23.4015],[68.5376,23.3996],[68.5393,23.4013],[68.5393,23.4035],[68.5371,23.4049],[68.5435,23.4038]]],[[[68.5885,23.319],[68.5904,23.3188],[68.5937,23.3146],[68.5971,23.316],[68.6018,23.3151],[68.6079,23.3099],[68.6082,23.3115],[68.6054,23.3126],[68.6051,23.3149],[68.606,23.3165],[68.6093,23.3168],[68.6082,23.3146],[68.6101,23.3107],[68.616,23.3021],[68.6171,23.3035],[68.6188,23.2993],[68.616,23.2974],[68.6118,23.2996],[68.5985,23.3021],[68.5968,23.304],[68.5985,23.3054],[68.5937,23.3054],[68.5943,23.3096],[68.591,23.3099],[68.5829,23.3151],[68.584,23.3179],[68.5885,23.319]]],[[[70.4824,23.0654],[70.4815,23.061],[70.4779,23.0568],[70.4607,23.0426],[70.4596,23.0443],[70.4596,23.0412],[70.4518,23.0265],[70.4463,23.0251],[70.4532,23.0429],[70.4582,23.0499],[70.4599,23.0465],[70.4593,23.0501],[70.4632,23.0551],[70.4771,23.0638],[70.4824,23.0654]]],[[[68.5068,23.4565],[68.5115,23.4515],[68.519,23.449],[68.5212,23.4449],[68.5251,23.4432],[68.5265,23.4399],[68.5257,23.4363],[68.5229,23.4432],[68.5179,23.4454],[68.5165,23.4479],[68.5135,23.4479],[68.5151,23.4449],[68.5174,23.4451],[68.5212,23.4415],[68.521,23.4371],[68.5193,23.4374],[68.5171,23.4421],[68.5182,23.4363],[68.5157,23.4354],[68.5157,23.4335],[68.5151,23.4368],[68.5115,23.4365],[68.5099,23.4388],[68.5124,23.4343],[68.5115,23.4304],[68.5082,23.4318],[68.5029,23.4293],[68.5057,23.4368],[68.5029,23.4479],[68.5068,23.4504],[68.5043,23.4524],[68.5032,23.456],[68.5068,23.4565]]],[[[68.4585,23.6004],[68.4657,23.5985],[68.4676,23.5918],[68.4615,23.5835],[68.4621,23.5768],[68.4554,23.5746],[68.4518,23.5754],[68.4524,23.5732],[68.4512,23.5732],[68.4443,23.5782],[68.4471,23.581],[68.4496,23.5801],[68.4504,23.5771],[68.4532,23.5779],[68.4571,23.5876],[68.4526,23.5885],[68.4524,23.5954],[68.4543,23.5996],[68.4585,23.6004]]],[[[68.4793,23.5554],[68.4815,23.5535],[68.4815,23.5513],[68.481,23.5493],[68.4793,23.5493],[68.4801,23.5451],[68.4785,23.5429],[68.4763,23.5435],[68.4774,23.5418],[68.4763,23.5393],[68.4743,23.5379],[68.4696,23.5388],[68.4651,23.5351],[68.4638,23.536],[68.4596,23.531],[68.4532,23.5287],[68.454,23.5313],[68.4576,23.5321],[68.4576,23.534],[68.4582,23.5321],[68.4601,23.5324],[68.4601,23.5346],[68.4618,23.5338],[68.459,23.5368],[68.4549,23.5354],[68.4535,23.5368],[68.4535,23.5379],[68.4571,23.5374],[68.459,23.5401],[68.4574,23.5407],[68.4574,23.5426],[68.4696,23.5485],[68.4704,23.5535],[68.4793,23.5554]]],[[[68.4674,23.7399],[68.4779,23.7337],[68.4851,23.7324],[68.4876,23.729],[68.4843,23.7279],[68.4671,23.7285],[68.4593,23.7249],[68.4596,23.7313],[68.4571,23.7337],[68.461,23.7388],[68.4674,23.7399]]],[[[70.4415,23.0496],[70.4304,23.0354],[70.4146,23.0226],[70.4154,23.029],[70.4182,23.0349],[70.429,23.0465],[70.4415,23.0496]]],[[[68.4671,23.4976],[68.4701,23.496],[68.4701,23.4932],[68.4713,23.494],[68.4729,23.491],[68.4724,23.4849],[68.4707,23.486],[68.4699,23.4843],[68.4713,23.4804],[68.4696,23.479],[68.4668,23.4804],[68.4596,23.4796],[68.4587,23.4874],[68.4604,23.4876],[68.4612,23.4904],[68.4649,23.489],[68.4643,23.4904],[68.4657,23.4913],[68.464,23.4926],[68.4638,23.4965],[68.4671,23.4976]]],[[[68.4818,23.5007],[68.4857,23.4954],[68.4851,23.4888],[68.4868,23.486],[68.4812,23.4779],[68.4796,23.4779],[68.4737,23.4818],[68.4757,23.4826],[68.4763,23.4863],[68.4846,23.4851],[68.4843,23.4907],[68.4826,23.4915],[68.4818,23.489],[68.4768,23.4885],[68.4749,23.4865],[68.4729,23.494],[68.4737,23.4963],[68.4768,23.4949],[68.4776,23.4924],[68.4815,23.4915],[68.4824,23.4954],[68.4788,23.4965],[68.4782,23.4988],[68.4804,23.5013],[68.4818,23.5007]]],[[[68.2165,23.7793],[68.2213,23.7754],[68.224,23.764],[68.2232,23.7612],[68.2176,23.7557],[68.2149,23.7582],[68.2165,23.7649],[68.2146,23.7682],[68.2151,23.7785],[68.2165,23.7793]]],[[[70.4551,22.9957],[70.4546,22.9901],[70.451,22.986],[70.4388,22.9782],[70.4326,22.9788],[70.4357,22.9837],[70.4551,22.9957]]],[[[68.4987,23.4893],[68.4971,23.4857],[68.4976,23.4799],[68.496,23.4774],[68.4871,23.4735],[68.4821,23.4779],[68.4871,23.4857],[68.4962,23.4871],[68.4987,23.4893]]],[[[69.6385,22.7649],[69.644,22.7646],[69.6543,22.7563],[69.6626,22.7551],[69.6671,22.7518],[69.6657,22.7504],[69.6621,22.7507],[69.6493,22.7563],[69.6471,22.7551],[69.6462,22.7585],[69.6407,22.759],[69.6396,22.7613],[69.631,22.7613],[69.6321,22.7632],[69.6385,22.7649]]],[[[68.3496,23.8004],[68.3468,23.7801],[68.344,23.7774],[68.3404,23.7771],[68.3399,23.7826],[68.3418,23.7893],[68.3463,23.7985],[68.3496,23.8004]]],[[[68.6051,23.8096],[68.6079,23.8057],[68.6018,23.7988],[68.6018,23.7962],[68.5951,23.7968],[68.5935,23.8035],[68.5987,23.8043],[68.601,23.8082],[68.6051,23.8096]]],[[[68.5237,23.4051],[68.5237,23.401],[68.5257,23.4001],[68.5243,23.399],[68.5274,23.399],[68.5271,23.3963],[68.5251,23.3971],[68.5274,23.3862],[68.5237,23.3887],[68.5201,23.3954],[68.5204,23.4004],[68.5237,23.4051]]],[[[68.609,23.2313],[68.6118,23.2276],[68.6129,23.2213],[68.6085,23.2224],[68.6085,23.224],[68.606,23.2224],[68.6035,23.2257],[68.604,23.2307],[68.609,23.2313]]],[[[68.5332,23.8738],[68.5349,23.8649],[68.524,23.8585],[68.5332,23.8738]]],[[[68.2493,23.5899],[68.2551,23.5901],[68.256,23.5854],[68.2579,23.5851],[68.2549,23.5843],[68.2535,23.5821],[68.2499,23.5829],[68.2507,23.5874],[68.2449,23.5871],[68.2451,23.5888],[68.2493,23.5899]]],[[[70.459,23.0576],[70.4604,23.0551],[70.4563,23.0515],[70.4576,23.0518],[70.4574,23.0501],[70.4496,23.0432],[70.4524,23.0482],[70.451,23.0493],[70.4574,23.0551],[70.4496,23.0526],[70.459,23.0576]]],[[[68.4779,23.7224],[68.4824,23.721],[68.4821,23.7199],[68.4726,23.7146],[68.4713,23.7165],[68.4735,23.721],[68.4779,23.7224]]],[[[68.499,23.476],[68.4985,23.4693],[68.5012,23.4662],[68.4996,23.4638],[68.5012,23.4635],[68.5024,23.4582],[68.5001,23.4551],[68.4976,23.4699],[68.4951,23.474],[68.496,23.476],[68.499,23.476]]],[[[68.6349,23.3138],[68.6368,23.3115],[68.6407,23.3115],[68.6407,23.3132],[68.6426,23.314],[68.6462,23.3074],[68.6379,23.3107],[68.6365,23.3068],[68.6335,23.3076],[68.6321,23.311],[68.634,23.311],[68.6335,23.3126],[68.6349,23.3138]]],[[[68.4146,23.4099],[68.4179,23.4054],[68.4201,23.4068],[68.419,23.4029],[68.421,23.4013],[68.4221,23.4021],[68.421,23.4049],[68.4224,23.4051],[68.424,23.4029],[68.4235,23.4007],[68.4187,23.4004],[68.4132,23.4038],[68.4129,23.4051],[68.4157,23.4043],[68.4146,23.4065],[68.4132,23.4063],[68.4132,23.4096],[68.4146,23.4099]]],[[[68.4821,23.6064],[68.4865,23.6032],[68.4826,23.5988],[68.4801,23.5982],[68.479,23.604],[68.4799,23.606],[68.4821,23.6064]]],[[[68.5351,23.3876],[68.534,23.3849],[68.5321,23.3846],[68.5321,23.3807],[68.534,23.3804],[68.5343,23.3788],[68.5326,23.3768],[68.5368,23.3774],[68.534,23.376],[68.534,23.3738],[68.5351,23.3754],[68.5368,23.3743],[68.5368,23.3726],[68.5343,23.3713],[68.5329,23.3718],[68.5304,23.3832],[68.5307,23.3849],[68.5351,23.3876]]],[[[68.5012,23.4535],[68.5024,23.4496],[68.4999,23.4446],[68.4968,23.444],[68.496,23.4485],[68.5012,23.4535]]],[[[68.4751,23.5288],[68.4763,23.5276],[68.474,23.5265],[68.4746,23.5221],[68.4715,23.5207],[68.4687,23.5246],[68.4704,23.524],[68.4707,23.5271],[68.4726,23.5263],[68.4718,23.5285],[68.4751,23.5288]]],[[[68.526,23.9493],[68.5215,23.9454],[68.5146,23.9496],[68.526,23.9493]]],[[[68.4679,23.524],[68.4707,23.5212],[68.4704,23.5188],[68.4674,23.5176],[68.4685,23.5199],[68.4668,23.5196],[68.466,23.5163],[68.4643,23.5154],[68.4632,23.5188],[68.4651,23.5187],[68.4679,23.524]]],[[[68.4868,23.746],[68.4849,23.7376],[68.4818,23.7362],[68.4835,23.7424],[68.4868,23.746]]],[[[68.5793,23.3854],[68.5863,23.3801],[68.5871,23.376],[68.5832,23.3788],[68.5829,23.3813],[68.5779,23.384],[68.5793,23.3854]]],[[[68.6271,23.3218],[68.629,23.3207],[68.6299,23.3157],[68.6279,23.3115],[68.6257,23.3121],[68.6276,23.3151],[68.6271,23.3218]]],[[[68.5251,23.344],[68.5318,23.3424],[68.5321,23.3393],[68.5304,23.341],[68.5212,23.3426],[68.5251,23.344]]],[[[68.6315,23.3518],[68.6326,23.3479],[68.6357,23.3454],[68.6343,23.3424],[68.6307,23.3443],[68.6326,23.346],[68.6315,23.3493],[68.6285,23.3488],[68.6285,23.351],[68.6315,23.3518]]],[[[68.574,23.3599],[68.5757,23.3524],[68.5735,23.3526],[68.5696,23.3587],[68.574,23.3599]]],[[[68.4079,23.4579],[68.4062,23.4524],[68.4029,23.4521],[68.4013,23.4538],[68.4013,23.4551],[68.4049,23.4554],[68.4079,23.4579]]],[[[68.4871,23.4951],[68.4876,23.4924],[68.4896,23.4937],[68.4876,23.4865],[68.486,23.489],[68.4871,23.4951]]],[[[68.5362,23.3854],[68.5365,23.3824],[68.5415,23.3818],[68.5429,23.3801],[68.5354,23.3807],[68.5362,23.3815],[68.5346,23.384],[68.5362,23.3854]]],[[[68.4735,23.5371],[68.4749,23.5329],[68.4765,23.5329],[68.4749,23.5304],[68.4721,23.531],[68.4735,23.5329],[68.4721,23.5332],[68.4718,23.5363],[68.4735,23.5371]]],[[[70.4696,23.0613],[70.4682,23.0588],[70.4604,23.0557],[70.4612,23.0579],[70.4696,23.0613]]],[[[68.3999,23.4285],[68.4013,23.4232],[68.3982,23.4218],[68.3985,23.4271],[68.3999,23.4285]]],[[[68.4004,23.4212],[68.4026,23.4185],[68.4018,23.416],[68.3985,23.419],[68.4004,23.4212]]],[[[68.6993,23.8532],[68.7004,23.8515],[68.6949,23.8493],[68.6951,23.8515],[68.6993,23.8532]]],[[[68.7026,23.851],[68.7087,23.851],[68.7107,23.8493],[68.7051,23.8485],[68.7026,23.851]]],[[[68.6337,23.316],[68.634,23.314],[68.6307,23.3124],[68.6315,23.3176],[68.6337,23.316]]],[[[68.5499,23.4149],[68.5479,23.4104],[68.5415,23.4054],[68.5499,23.4149]]],[[[68.4651,23.4035],[68.469,23.4038],[68.4621,23.4024],[68.4604,23.4051],[68.4651,23.4035]]],[[[68.2235,23.5863],[68.2282,23.5843],[68.224,23.584],[68.2224,23.5854],[68.2235,23.5863]]],[[[68.5035,23.3826],[68.5029,23.381],[68.5051,23.3799],[68.5051,23.3774],[68.5026,23.3785],[68.5018,23.381],[68.5026,23.3835],[68.5035,23.3826]]],[[[68.4735,23.3565],[68.4765,23.3554],[68.4763,23.3535],[68.471,23.356],[68.4735,23.3565]]],[[[68.6254,23.3257],[68.6285,23.3249],[68.629,23.3215],[68.6271,23.3243],[68.6251,23.3243],[68.6254,23.3257]]],[[[68.2162,23.5912],[68.2171,23.5863],[68.2151,23.5871],[68.2149,23.5907],[68.2162,23.5912]]],[[[70.4521,23.0607],[70.4521,23.0593],[70.449,23.0579],[70.446,23.0582],[70.4521,23.0607]]],[[[68.5638,23.3449],[68.5651,23.3426],[68.5612,23.3418],[68.5638,23.3449]]],[[[68.5579,23.4093],[68.5554,23.4051],[68.5512,23.4043],[68.5579,23.4093]]],[[[68.6407,23.3171],[68.641,23.3182],[68.6418,23.3168],[68.6438,23.3179],[68.6432,23.3154],[68.6396,23.3163],[68.6393,23.3185],[68.6407,23.3171]]],[[[69.6365,22.7799],[69.6376,22.7757],[69.6351,22.7779],[69.6365,22.7799]]],[[[68.5168,23.4329],[68.5163,23.4299],[68.5137,23.4304],[68.514,23.4326],[68.5168,23.4329]]],[[[68.5501,23.3415],[68.5507,23.3393],[68.5451,23.3388],[68.5454,23.3404],[68.5476,23.3396],[68.5501,23.3415]]],[[[68.5421,23.3415],[68.5424,23.339],[68.5446,23.3385],[68.5415,23.3371],[68.5404,23.3393],[68.5421,23.3415]]],[[[68.4724,23.4054],[68.4713,23.4043],[68.476,23.4029],[68.4696,23.4051],[68.4724,23.4054]]],[[[68.6585,23.2713],[68.6601,23.2679],[68.6571,23.2688],[68.6585,23.2713]]],[[[68.5568,23.3418],[68.5554,23.339],[68.5532,23.3399],[68.5537,23.3418],[68.5568,23.3418]]],[[[68.5976,23.2607],[68.5968,23.2593],[68.5946,23.2596],[68.5937,23.2621],[68.5976,23.2607]]],[[[68.5565,23.4038],[68.5568,23.4026],[68.5526,23.4024],[68.5529,23.404],[68.5565,23.4038]]],[[[68.4632,23.409],[68.4646,23.4051],[68.4615,23.4063],[68.4632,23.409]]],[[[68.5012,23.4438],[68.5007,23.439],[68.4993,23.4424],[68.5012,23.4438]]],[[[68.629,23.2896],[68.6285,23.2854],[68.6279,23.2893],[68.629,23.2896]]],[[[68.4607,23.4126],[68.4629,23.411],[68.4579,23.4112],[68.4607,23.4126]]],[[[68.4485,23.7326],[68.4507,23.7321],[68.4501,23.7304],[68.4476,23.7313],[68.4485,23.7326]]],[[[68.5965,23.8126],[68.5943,23.8101],[68.5935,23.8121],[68.5965,23.8126]]],[[[68.5979,23.361],[68.5996,23.3596],[68.596,23.3596],[68.5979,23.361]]],[[[68.5407,23.3776],[68.5393,23.3749],[68.5379,23.3751],[68.5407,23.3776]]],[[[68.509,23.4907],[68.5068,23.4904],[68.506,23.4927],[68.509,23.4907]]],[[[68.4299,23.4071],[68.4324,23.4049],[68.4296,23.406],[68.4299,23.4071]]],[[[68.5115,23.4924],[68.5107,23.4907],[68.5093,23.4927],[68.5115,23.4924]]],[[[68.4374,23.5004],[68.4396,23.4988],[68.4374,23.499],[68.4374,23.5004]]],[[[68.4099,23.4079],[68.4096,23.4057],[68.4088,23.4093],[68.4099,23.4079]]]]}},{"type":"Feature","properties":{"district":"Kheda","state":"Gujarat","censuscode":483},"geometry":{"type":"Polygon","coordinates":[[[73.4763,23.2864],[73.4759,23.271],[73.496,23.2781],[73.5262,23.2855],[73.531,23.2734],[73.5241,23.2682],[73.5254,23.2586],[73.5289,23.2512],[73.5357,23.2496],[73.5531,23.2714],[73.5692,23.2752],[73.572,23.2736],[73.5765,23.2564],[73.5767,23.2492],[73.5723,23.2434],[73.5636,23.2371],[73.5521,23.2369],[73.5442,23.2248],[73.5576,23.2039],[73.5742,23.2115],[73.5761,23.2076],[73.5735,23.1971],[73.5678,23.1927],[73.5444,23.1918],[73.5366,23.1863],[73.5294,23.1761],[73.5216,23.169],[73.5207,23.1644],[73.5233,23.1651],[73.523,23.1574],[73.5179,23.1504],[73.5112,23.1467],[73.5055,23.1463],[73.5028,23.1501],[73.4983,23.1524],[73.4602,23.1525],[73.4476,23.1477],[73.4417,23.1428],[73.4369,23.144],[73.4336,23.1533],[73.4302,23.1557],[73.401,23.1451],[73.3913,23.1402],[73.3834,23.1329],[73.3756,23.1162],[73.3753,23.1083],[73.3965,23.1014],[73.4133,23.1062],[73.4211,23.1048],[73.4244,23.0991],[73.4223,23.0902],[73.417,23.0802],[73.4164,23.0721],[73.4187,23.0626],[73.4263,23.0534],[73.419,23.0457],[73.4148,23.0291],[73.4358,23.0277],[73.4368,23.0007],[73.4405,22.9893],[73.4477,22.981],[73.4519,22.9682],[73.4488,22.9619],[73.4275,22.9427],[73.3866,22.9136],[73.372,22.8994],[73.3696,22.8946],[73.3686,22.886],[73.3813,22.872],[73.3858,22.8637],[73.3876,22.8542],[73.382,22.8426],[73.3736,22.8318],[73.3742,22.8234],[73.3728,22.8196],[73.3629,22.8071],[73.3627,22.7953],[73.3577,22.7918],[73.3454,22.787],[73.3205,22.7804],[73.2813,22.7789],[73.2697,22.775],[73.2608,22.7671],[73.2567,22.7371],[73.2536,22.7263],[73.2536,22.7154],[73.2567,22.7027],[73.2639,22.69],[73.2689,22.6747],[73.2679,22.6636],[73.2629,22.6571],[73.2417,22.644],[73.2303,22.6338],[73.2207,22.639],[73.2061,22.6546],[73.203,22.6679],[73.2043,22.6815],[73.1914,22.6849],[73.1617,22.6809],[73.1544,22.6867],[73.1404,22.7137],[73.1344,22.7198],[73.1311,22.7214],[73.1166,22.718],[73.1117,22.7192],[73.1028,22.717],[73.0996,22.7195],[73.1005,22.7235],[73.0986,22.7258],[73.0936,22.7261],[73.0762,22.7205],[73.0573,22.7167],[73.0539,22.7362],[73.0297,22.7328],[73.0252,22.7308],[73.0218,22.7254],[73.0172,22.7226],[73.0086,22.7217],[73.0061,22.7189],[73.0046,22.7152],[73.0079,22.7032],[72.999,22.6942],[72.9937,22.6701],[72.9905,22.6626],[72.9848,22.6518],[72.98,22.6505],[72.976,22.6405],[72.9701,22.6345],[72.9335,22.6251],[72.9276,22.6221],[72.9289,22.6151],[72.9262,22.6043],[72.9213,22.5943],[72.9138,22.5899],[72.9036,22.5894],[72.8975,22.5915],[72.874,22.5809],[72.8678,22.5827],[72.8639,22.5872],[72.863,22.5918],[72.8647,22.5979],[72.8757,22.6006],[72.8765,22.6072],[72.8748,22.6179],[72.8677,22.6184],[72.8581,22.6164],[72.8591,22.608],[72.8486,22.597],[72.8413,22.5969],[72.829,22.5933],[72.8281,22.5973],[72.8245,22.6013],[72.8241,22.6054],[72.8327,22.6086],[72.8368,22.612],[72.8309,22.6225],[72.809,22.6209],[72.7961,22.6391],[72.7854,22.6409],[72.7758,22.6346],[72.7597,22.634],[72.7505,22.6369],[72.7426,22.6442],[72.736,22.64],[72.7257,22.6268],[72.7079,22.6312],[72.6958,22.6287],[72.6898,22.6255],[72.6872,22.6191],[72.6918,22.6045],[72.7066,22.5971],[72.7086,22.5927],[72.7084,22.5867],[72.7033,22.5813],[72.6974,22.5797],[72.6936,22.5853],[72.6861,22.5866],[72.6781,22.5832],[72.6743,22.5778],[72.6721,22.5645],[72.6621,22.5565],[72.6623,22.5527],[72.6562,22.5509],[72.6458,22.5407],[72.6428,22.5335],[72.6453,22.5267],[72.667,22.5269],[72.6696,22.5242],[72.6703,22.5084],[72.6718,22.5048],[72.6561,22.4998],[72.6527,22.5011],[72.6478,22.5086],[72.6398,22.5023],[72.6328,22.503],[72.6189,22.5101],[72.6117,22.5097],[72.5991,22.5012],[72.5863,22.4995],[72.5781,22.5021],[72.5736,22.507],[72.5723,22.5216],[72.5682,22.519],[72.5671,22.5403],[72.5578,22.5423],[72.5545,22.5594],[72.5549,22.5661],[72.5338,22.5689],[72.5343,22.5853],[72.5269,22.5892],[72.5261,22.594],[72.5134,22.6125],[72.5083,22.6148],[72.5074,22.6193],[72.5074,22.6245],[72.5098,22.63],[72.5153,22.6323],[72.5369,22.6256],[72.5336,22.644],[72.5365,22.6488],[72.544,22.6547],[72.5497,22.6645],[72.5497,22.6716],[72.5318,22.6768],[72.531,22.6822],[72.5389,22.6854],[72.5428,22.6887],[72.539,22.6931],[72.5243,22.6973],[72.5192,22.701],[72.5189,22.7042],[72.5239,22.7106],[72.5396,22.7106],[72.5387,22.7156],[72.5279,22.729],[72.5282,22.7353],[72.5311,22.7392],[72.5325,22.7467],[72.5311,22.7515],[72.5244,22.753],[72.5241,22.7567],[72.5281,22.7604],[72.53,22.7656],[72.5345,22.768],[72.5204,22.7803],[72.5196,22.7839],[72.5223,22.7882],[72.5236,22.7976],[72.5388,22.8043],[72.5503,22.8066],[72.5516,22.8121],[72.5717,22.8247],[72.5823,22.821],[72.5889,22.824],[72.5978,22.8253],[72.6031,22.8161],[72.6096,22.8146],[72.6095,22.8262],[72.6037,22.8388],[72.6085,22.8532],[72.6091,22.8601],[72.6008,22.8671],[72.6075,22.8778],[72.6084,22.8852],[72.6151,22.8869],[72.6237,22.8838],[72.6327,22.8828],[72.6404,22.8923],[72.6503,22.8971],[72.6591,22.8944],[72.6669,22.8942],[72.6725,22.8847],[72.6776,22.8808],[72.6928,22.8796],[72.7043,22.8846],[72.7164,22.9031],[72.7261,22.9121],[72.7329,22.9133],[72.7465,22.9071],[72.7523,22.9092],[72.7557,22.9086],[72.7597,22.904],[72.7635,22.9045],[72.7669,22.9079],[72.7733,22.909],[72.7814,22.9065],[72.7915,22.9078],[72.7919,22.9117],[72.7948,22.9161],[72.7997,22.9186],[72.8012,22.9229],[72.801,22.9307],[72.8085,22.9336],[72.8108,22.942],[72.8205,22.9522],[72.8272,22.9559],[72.8291,22.9537],[72.8433,22.9652],[72.8425,22.9801],[72.8329,22.9818],[72.8356,22.9883],[72.8393,22.9922],[72.8507,22.9996],[72.8511,23.0025],[72.8468,23.0114],[72.8535,23.012],[72.8728,23.0075],[72.8832,23.0157],[72.8917,23.0175],[72.8973,23.021],[72.9081,23.035],[72.9157,23.0544],[72.9134,23.0653],[72.9222,23.0694],[72.9282,23.0772],[72.9562,23.0737],[72.9626,23.0742],[72.9603,23.0849],[72.9627,23.0889],[72.9669,23.0908],[72.9704,23.1059],[72.9771,23.1104],[72.976,23.1167],[72.9772,23.1232],[72.9811,23.1286],[73.0002,23.1353],[73.0206,23.1289],[73.0261,23.1308],[73.031,23.1366],[73.0268,23.1433],[73.0197,23.1452],[73.0169,23.1481],[73.0142,23.1569],[73.0152,23.1607],[73.0193,23.1611],[73.0224,23.1714],[73.0373,23.1626],[73.0403,23.1624],[73.0474,23.1661],[73.0687,23.1611],[73.0731,23.1658],[73.0793,23.1693],[73.0967,23.1697],[73.0975,23.1736],[73.1191,23.1857],[73.1243,23.1914],[73.1268,23.2008],[73.1374,23.2052],[73.1574,23.1894],[73.1571,23.1742],[73.1522,23.1716],[73.1588,23.159],[73.17,23.145],[73.1738,23.1419],[73.1836,23.1434],[73.1926,23.1493],[73.1977,23.1472],[73.2034,23.1475],[73.2061,23.1446],[73.2059,23.1267],[73.2131,23.1098],[73.2179,23.1061],[73.225,23.1056],[73.2288,23.1013],[73.2402,23.0863],[73.2461,23.0712],[73.2558,23.0657],[73.2731,23.0602],[73.2738,23.0588],[73.2824,23.062],[73.2906,23.0757],[73.2963,23.0815],[73.3048,23.0846],[73.3291,23.0824],[73.3277,23.0895],[73.3315,23.0948],[73.3321,23.1001],[73.337,23.1006],[73.3431,23.0989],[73.3404,23.1181],[73.3409,23.1289],[73.3486,23.1352],[73.3608,23.1366],[73.368,23.134],[73.3738,23.1384],[73.3703,23.1521],[73.37,23.1635],[73.3713,23.1683],[73.3764,23.1727],[73.3498,23.1826],[73.3446,23.189],[73.3463,23.196],[73.3437,23.2008],[73.3565,23.2106],[73.3834,23.2204],[73.3859,23.2243],[73.3753,23.2372],[73.3945,23.2518],[73.4235,23.2684],[73.453,23.2827],[73.4693,23.288],[73.4763,23.2864]]]}},{"type":"Feature","properties":{"district":"Mahesana","state":"Gujarat","censuscode":471},"geometry":{"type":"Polygon","coordinates":[[[72.797,24.0733],[72.8165,24.0459],[72.8216,24.0353],[72.8312,24.0307],[72.8395,24.0295],[72.8511,24.0377],[72.8652,24.0163],[72.8548,24.0091],[72.8525,23.9979],[72.8538,23.986],[72.8485,23.9706],[72.842,23.9642],[72.8302,23.9599],[72.8225,23.9547],[72.8158,23.9448],[72.8269,23.9322],[72.8275,23.9267],[72.8223,23.9229],[72.8068,23.9172],[72.8021,23.9126],[72.8005,23.9077],[72.8022,23.8794],[72.8001,23.869],[72.7923,23.8514],[72.7881,23.8331],[72.7877,23.8243],[72.7897,23.8179],[72.8045,23.8073],[72.809,23.8002],[72.8085,23.7927],[72.7994,23.7753],[72.795,23.762],[72.7976,23.7397],[72.8029,23.7271],[72.812,23.7136],[72.8186,23.698],[72.8287,23.6859],[72.8335,23.6696],[72.8325,23.6611],[72.8296,23.6548],[72.8181,23.6428],[72.8176,23.6336],[72.8227,23.6261],[72.8363,23.6136],[72.8393,23.6094],[72.8407,23.6025],[72.8363,23.5974],[72.8131,23.5874],[72.8073,23.5825],[72.8053,23.568],[72.8067,23.5613],[72.8113,23.5556],[72.8301,23.5403],[72.8276,23.5242],[72.8212,23.5134],[72.8265,23.5023],[72.826,23.4967],[72.8188,23.4977],[72.8076,23.503],[72.8017,23.5022],[72.788,23.5105],[72.7799,23.5109],[72.7804,23.527],[72.7776,23.5363],[72.7694,23.5392],[72.7601,23.5392],[72.7509,23.5351],[72.7416,23.526],[72.7341,23.524],[72.7295,23.5271],[72.7128,23.5316],[72.7084,23.5306],[72.7046,23.5259],[72.6993,23.5256],[72.6887,23.5305],[72.6861,23.5377],[72.6851,23.5554],[72.68,23.5588],[72.6743,23.5577],[72.6696,23.5538],[72.6637,23.5548],[72.6631,23.5588],[72.6587,23.5652],[72.6523,23.567],[72.643,23.5661],[72.636,23.5633],[72.6307,23.556],[72.6288,23.5107],[72.6245,23.508],[72.6164,23.5085],[72.6037,23.5202],[72.5982,23.5228],[72.5918,23.5188],[72.5904,23.4875],[72.586,23.4786],[72.5873,23.4717],[72.5816,23.4624],[72.5747,23.4579],[72.5358,23.4592],[72.5419,23.4307],[72.5364,23.4244],[72.5245,23.42],[72.5238,23.4084],[72.5217,23.4009],[72.5048,23.3852],[72.5053,23.3765],[72.5083,23.372],[72.5213,23.3627],[72.5211,23.3505],[72.5045,23.3433],[72.4874,23.3388],[72.4796,23.3429],[72.4718,23.3399],[72.4787,23.3271],[72.4797,23.316],[72.4773,23.3102],[72.4683,23.3119],[72.4621,23.3111],[72.4588,23.3091],[72.4697,23.3038],[72.4735,23.3003],[72.4522,23.2976],[72.4391,23.3051],[72.4312,23.3045],[72.4252,23.3017],[72.4153,23.2851],[72.4148,23.2811],[72.4235,23.2577],[72.4348,23.258],[72.4467,23.2527],[72.4449,23.2471],[72.4407,23.2441],[72.429,23.2458],[72.4252,23.2417],[72.4299,23.2333],[72.44,23.2055],[72.4452,23.1963],[72.4399,23.1937],[72.4234,23.2046],[72.4174,23.2038],[72.4142,23.1951],[72.4139,23.1872],[72.4068,23.1863],[72.399,23.1825],[72.3854,23.1688],[72.3852,23.162],[72.3908,23.1518],[72.395,23.1484],[72.4019,23.1469],[72.428,23.1512],[72.4268,23.1425],[72.4209,23.1367],[72.4182,23.1315],[72.4047,23.1305],[72.402,23.1282],[72.4006,23.124],[72.3906,23.121],[72.3831,23.1108],[72.3743,23.1039],[72.3706,23.0965],[72.3669,23.0965],[72.3683,23.1041],[72.3638,23.1116],[72.36,23.1143],[72.3548,23.1216],[72.3431,23.125],[72.3394,23.1208],[72.3361,23.1073],[72.3263,23.106],[72.3157,23.1017],[72.3087,23.0946],[72.306,23.0852],[72.3226,23.0671],[72.3243,23.0613],[72.3205,23.0545],[72.3031,23.042],[72.2938,23.0401],[72.2856,23.0543],[72.284,23.0629],[72.2857,23.0744],[72.2831,23.0794],[72.2799,23.0814],[72.2633,23.0849],[72.2597,23.0873],[72.2615,23.0987],[72.2598,23.1042],[72.2471,23.1094],[72.2384,23.1172],[72.222,23.1218],[72.197,23.1163],[72.1897,23.1046],[72.163,23.1034],[72.1568,23.1092],[72.1564,23.1131],[72.1608,23.1146],[72.1629,23.1191],[72.1648,23.1319],[72.1631,23.1373],[72.1654,23.1394],[72.1843,23.1415],[72.1872,23.1436],[72.1831,23.1656],[72.1805,23.1703],[72.1732,23.177],[72.1693,23.1909],[72.1696,23.1951],[72.1844,23.215],[72.1844,23.2271],[72.1818,23.238],[72.1834,23.2453],[72.1762,23.2578],[72.1754,23.262],[72.1784,23.2741],[72.1829,23.2771],[72.1883,23.2778],[72.1985,23.2767],[72.1988,23.2887],[72.2081,23.3082],[72.2101,23.3099],[72.2188,23.31],[72.2254,23.3196],[72.231,23.3225],[72.2402,23.3229],[72.2434,23.3246],[72.2478,23.3291],[72.2479,23.3325],[72.2642,23.346],[72.2655,23.3512],[72.2612,23.3697],[72.2719,23.3752],[72.2755,23.3832],[72.2876,23.3919],[72.2983,23.4134],[72.2808,23.4279],[72.2845,23.4387],[72.2821,23.4427],[72.2761,23.4432],[72.2717,23.4466],[72.2623,23.4601],[72.2565,23.4588],[72.2472,23.4502],[72.2448,23.4387],[72.2381,23.4331],[72.2384,23.4259],[72.2348,23.4233],[72.2296,23.4258],[72.2252,23.4324],[72.221,23.4348],[72.2153,23.4342],[72.2099,23.4309],[72.2091,23.4227],[72.2055,23.4201],[72.1912,23.417],[72.1876,23.4126],[72.1805,23.4165],[72.1754,23.4228],[72.1716,23.4373],[72.167,23.4406],[72.125,23.4516],[72.1081,23.4498],[72.0983,23.4588],[72.053,23.4436],[72.0485,23.4529],[72.0452,23.4564],[72.0366,23.4575],[72.0345,23.4601],[72.0325,23.4711],[72.0258,23.4775],[72.0304,23.485],[72.0334,23.4953],[72.0346,23.5053],[72.0324,23.5082],[72.0061,23.5023],[71.9866,23.5077],[71.9827,23.5109],[71.9808,23.5238],[71.9769,23.5278],[71.9696,23.5315],[71.9684,23.5383],[71.9602,23.5605],[71.9579,23.5798],[71.9408,23.5846],[71.9413,23.5886],[71.9569,23.591],[71.9644,23.601],[71.9812,23.6057],[71.9796,23.6152],[71.981,23.621],[71.9961,23.6266],[72.0063,23.6348],[72.0204,23.6337],[72.0252,23.627],[72.0452,23.6269],[72.0481,23.6256],[72.0508,23.621],[72.0519,23.6085],[72.0548,23.6068],[72.0586,23.5786],[72.0604,23.5747],[72.0708,23.5749],[72.0761,23.5792],[72.0939,23.5823],[72.0977,23.5855],[72.0972,23.6002],[72.0984,23.6065],[72.1025,23.6111],[72.1082,23.6107],[72.1168,23.6063],[72.1325,23.6119],[72.1412,23.6124],[72.1629,23.6179],[72.1686,23.6223],[72.1714,23.6283],[72.1872,23.639],[72.1943,23.6398],[72.209,23.6291],[72.2197,23.6297],[72.2243,23.6336],[72.2271,23.6396],[72.2309,23.6431],[72.2421,23.6426],[72.2521,23.6291],[72.2612,23.6244],[72.2689,23.6226],[72.2836,23.6147],[72.2897,23.6177],[72.3004,23.6342],[72.3038,23.6556],[72.3085,23.6691],[72.3018,23.681],[72.2934,23.6879],[72.2889,23.6891],[72.2743,23.6873],[72.2705,23.6897],[72.2686,23.6944],[72.2717,23.6971],[72.2784,23.709],[72.2775,23.7248],[72.2796,23.7298],[72.2847,23.7343],[72.2892,23.7439],[72.2952,23.7463],[72.3192,23.7464],[72.3202,23.7574],[72.3115,23.7655],[72.2955,23.7719],[72.298,23.7948],[72.3007,23.799],[72.3135,23.8064],[72.3157,23.8141],[72.3127,23.8192],[72.3034,23.8275],[72.2974,23.8378],[72.2928,23.8399],[72.2906,23.8479],[72.2924,23.8609],[72.3162,23.8618],[72.319,23.864],[72.3185,23.8805],[72.3205,23.8851],[72.3302,23.8896],[72.3424,23.8918],[72.3508,23.8895],[72.3632,23.8814],[72.3939,23.8818],[72.4087,23.9029],[72.4171,23.9083],[72.4318,23.9117],[72.4396,23.9114],[72.4489,23.9056],[72.4585,23.9038],[72.4702,23.8971],[72.4711,23.9069],[72.4783,23.9302],[72.5021,23.9305],[72.5107,23.9343],[72.5168,23.9392],[72.5216,23.9401],[72.5334,23.9358],[72.5441,23.9366],[72.5658,23.9323],[72.5791,23.9345],[72.5842,23.9403],[72.5877,23.9494],[72.5853,23.9601],[72.5858,23.9685],[72.5915,23.9765],[72.597,23.9803],[72.6047,23.9832],[72.6159,23.9846],[72.6281,23.9906],[72.641,23.9877],[72.645,23.9894],[72.6467,24.0087],[72.6366,24.0073],[72.6395,24.0266],[72.636,24.0334],[72.6312,24.0287],[72.6228,24.0408],[72.6344,24.0503],[72.6409,24.0671],[72.6476,24.0691],[72.6498,24.0671],[72.6552,24.0541],[72.6689,24.0627],[72.7067,24.0742],[72.7133,24.08],[72.7154,24.0875],[72.7184,24.0888],[72.7285,24.0877],[72.7352,24.0842],[72.739,24.0791],[72.7402,24.0744],[72.7382,24.0679],[72.7597,24.0698],[72.7694,24.0729],[72.7764,24.0931],[72.7921,24.0935],[72.7921,24.0817],[72.797,24.0733]]]}},{"type":"Feature","properties":{"district":"Narmada","state":"Gujarat","censuscode":487},"geometry":{"type":"Polygon","coordinates":[[[73.6174,22.0717],[73.622,22.069],[73.6284,22.0702],[73.6321,22.0688],[73.6333,22.066],[73.6417,22.0707],[73.6473,22.072],[73.6506,22.0691],[73.6532,22.0606],[73.6579,22.0598],[73.6593,22.0563],[73.6572,22.0535],[73.6611,22.0473],[73.6602,22.0437],[73.6614,22.041],[73.6782,22.0522],[73.681,22.051],[73.6847,22.0452],[73.6824,22.0426],[73.6776,22.043],[73.6749,22.0395],[73.6726,22.0166],[73.6672,22.0143],[73.6792,22.0044],[73.6895,22.0113],[73.6904,22.0084],[73.6874,22.0008],[73.6907,21.9931],[73.6955,21.9923],[73.6972,22.0008],[73.6959,22.0024],[73.698,22.0047],[73.7043,22.0047],[73.7108,22.0008],[73.7108,21.9986],[73.7032,21.992],[73.704,21.9746],[73.7234,21.9799],[73.7349,21.9787],[73.7518,21.961],[73.7626,21.9614],[73.7717,21.9639],[73.785,21.9593],[73.7796,21.9454],[73.7804,21.9414],[73.7833,21.9376],[73.794,21.9301],[73.7973,21.9347],[73.7989,21.9436],[73.8032,21.9488],[73.8097,21.9386],[73.8043,21.9355],[73.804,21.928],[73.8085,21.9271],[73.8345,21.9409],[73.8592,21.9499],[73.8647,21.9296],[73.8734,21.9211],[73.8931,21.9242],[73.9111,21.9074],[73.9088,21.8988],[73.9179,21.8915],[73.9244,21.8893],[73.9334,21.8887],[73.9441,21.869],[73.9312,21.8618],[73.9168,21.8552],[73.9014,21.8523],[73.8943,21.8532],[73.8743,21.8373],[73.8584,21.8354],[73.8361,21.8373],[73.8225,21.8336],[73.8107,21.8274],[73.805,21.8221],[73.808,21.8089],[73.812,21.8073],[73.8221,21.8107],[73.8266,21.8096],[73.828,21.8039],[73.8334,21.7989],[73.8287,21.7954],[73.8302,21.7922],[73.8395,21.7894],[73.8387,21.7859],[73.8329,21.7829],[73.8374,21.7709],[73.8358,21.7674],[73.8256,21.7617],[73.8408,21.7408],[73.8596,21.7281],[73.8657,21.7207],[73.8848,21.7094],[73.8909,21.699],[73.8926,21.666],[73.889,21.6558],[73.8801,21.6438],[73.8647,21.6376],[73.8546,21.6406],[73.8474,21.6347],[73.8396,21.632],[73.8233,21.6386],[73.7943,21.6335],[73.7817,21.6239],[73.7847,21.6174],[73.801,21.6012],[73.8126,21.6012],[73.8174,21.5995],[73.8279,21.5523],[73.8392,21.5204],[73.8441,21.5098],[73.8482,21.5061],[73.855,21.4947],[73.8646,21.4961],[73.8711,21.5],[73.8769,21.5086],[73.8809,21.5035],[73.8914,21.5048],[73.898,21.5075],[73.9045,21.5121],[73.9049,21.519],[73.9205,21.5184],[73.9283,21.5223],[73.9321,21.5194],[73.9339,21.5089],[73.9518,21.5152],[73.9557,21.518],[73.9574,21.5366],[73.9609,21.5378],[73.9645,21.5373],[73.968,21.5301],[73.9691,21.5228],[73.9804,21.5201],[73.9853,21.5211],[73.9844,21.5156],[73.98,21.5134],[73.9823,21.5098],[73.9783,21.5087],[73.9812,21.4964],[73.9776,21.4944],[73.9772,21.4888],[73.973,21.4868],[73.9769,21.4819],[73.9833,21.4821],[73.9861,21.4765],[73.9714,21.4604],[73.9458,21.459],[73.9322,21.4513],[73.9185,21.4471],[73.8956,21.4525],[73.8849,21.4503],[73.8508,21.4275],[73.8411,21.4235],[73.8376,21.4196],[73.8348,21.4107],[73.8182,21.3998],[73.8092,21.4066],[73.7949,21.4105],[73.7824,21.4115],[73.777,21.4086],[73.7459,21.4097],[73.7151,21.4043],[73.709,21.3985],[73.7004,21.3948],[73.6963,21.3975],[73.693,21.4166],[73.6964,21.4253],[73.691,21.436],[73.6916,21.4433],[73.6902,21.4487],[73.6793,21.4704],[73.6765,21.4726],[73.6671,21.4705],[73.6604,21.4766],[73.6547,21.4779],[73.6158,21.4708],[73.6058,21.4758],[73.6007,21.4827],[73.5957,21.4827],[73.5561,21.4712],[73.547,21.4771],[73.5384,21.4752],[73.5083,21.4857],[73.4939,21.4862],[73.4875,21.4912],[73.4795,21.493],[73.4912,21.5118],[73.4714,21.5077],[73.4638,21.5174],[73.4512,21.5226],[73.4487,21.5301],[73.4408,21.5422],[73.4431,21.5554],[73.4511,21.5691],[73.4576,21.5755],[73.4622,21.5778],[73.4736,21.5911],[73.4746,21.5982],[73.4736,21.6054],[73.4843,21.61],[73.4815,21.6294],[73.4873,21.6353],[73.4877,21.6383],[73.4807,21.6434],[73.4757,21.6551],[73.4794,21.6628],[73.4895,21.6734],[73.5045,21.6776],[73.4908,21.6911],[73.489,21.7029],[73.4833,21.7052],[73.4668,21.7188],[73.4353,21.7097],[73.4332,21.7159],[73.4111,21.7096],[73.4052,21.7155],[73.3944,21.7177],[73.3951,21.7224],[73.403,21.7268],[73.4059,21.7326],[73.4088,21.7467],[73.3969,21.7595],[73.398,21.7659],[73.3941,21.7732],[73.3768,21.7792],[73.3678,21.8005],[73.3619,21.8026],[73.3613,21.8046],[73.339,21.8086],[73.3364,21.8143],[73.3391,21.8207],[73.3341,21.834],[73.3117,21.8261],[73.3061,21.8275],[73.3017,21.8323],[73.3041,21.85],[73.3071,21.8536],[73.3003,21.8829],[73.3001,21.8895],[73.3265,21.8743],[73.3372,21.8723],[73.3482,21.8745],[73.3535,21.8823],[73.3527,21.9156],[73.3543,21.9218],[73.3668,21.9277],[73.376,21.9261],[73.3863,21.9187],[73.4026,21.9107],[73.4092,21.9092],[73.4247,21.9093],[73.4334,21.914],[73.4422,21.9258],[73.446,21.9353],[73.4457,21.9515],[73.4432,21.9596],[73.447,21.9706],[73.4516,21.976],[73.4604,21.9783],[73.4712,21.9772],[73.497,21.9654],[73.5076,21.9627],[73.5089,21.9767],[73.5111,21.9793],[73.5122,21.9883],[73.5141,21.9906],[73.5142,22.0011],[73.5,22.0071],[73.4979,22.0133],[73.5021,22.0166],[73.5037,22.0369],[73.5128,22.0366],[73.5219,22.05],[73.5318,22.0496],[73.5316,22.0464],[73.5474,22.0477],[73.5611,22.053],[73.5643,22.0566],[73.5709,22.0562],[73.5747,22.053],[73.576,22.0583],[73.6096,22.0749],[73.6103,22.0818],[73.6163,22.0773],[73.6174,22.0717]]]}},{"type":"Feature","properties":{"district":"Navsari","state":"Gujarat","censuscode":490},"geometry":{"type":"Polygon","coordinates":[[[72.8098,21.0643],[72.8161,21.0535],[72.8273,21.0577],[72.8315,21.0531],[72.8449,21.048],[72.8446,21.0445],[72.837,21.0421],[72.8359,21.0381],[72.8397,21.0358],[72.8445,21.0356],[72.8497,21.0359],[72.8559,21.0406],[72.8592,21.0378],[72.8611,21.0381],[72.8653,21.0462],[72.8732,21.0556],[72.8816,21.0556],[72.8871,21.0484],[72.8893,21.0492],[72.8936,21.0616],[72.8967,21.0539],[72.9027,21.0466],[72.9076,21.0435],[72.9188,21.0425],[72.9264,21.0429],[72.9288,21.0464],[72.925,21.0515],[72.9384,21.0552],[72.9507,21.0644],[72.962,21.0638],[72.9644,21.0697],[72.9675,21.0696],[72.9698,21.0649],[72.9651,21.0567],[72.971,21.0573],[72.9758,21.0603],[72.9808,21.0599],[72.9962,21.0543],[72.9975,21.0567],[72.9939,21.0635],[72.993,21.0698],[72.9998,21.0667],[73.0096,21.0668],[73.0181,21.0585],[73.0183,21.0518],[73.0143,21.0434],[73.014,21.0338],[73.0064,21.0299],[73.0072,21.0224],[73.0131,21.0177],[73.0169,21.0172],[73.0201,21.0192],[73.0231,21.0183],[73.0289,21.0077],[73.0363,21.002],[73.0429,21.0054],[73.0514,20.9932],[73.057,20.99],[73.0615,20.9811],[73.072,20.9713],[73.0854,20.9668],[73.0918,20.9481],[73.0918,20.9415],[73.094,20.9363],[73.1004,20.9295],[73.1266,20.9205],[73.1256,20.8971],[73.1358,20.8985],[73.145,20.9018],[73.1581,20.8996],[73.1675,20.8999],[73.1853,20.8842],[73.191,20.8708],[73.1976,20.8654],[73.198,20.86],[73.2019,20.8588],[73.2089,20.8605],[73.2225,20.8542],[73.2495,20.8484],[73.2474,20.8333],[73.2491,20.8234],[73.255,20.8229],[73.2576,20.8174],[73.2721,20.8188],[73.2762,20.8179],[73.2793,20.8151],[73.2883,20.8189],[73.2909,20.8149],[73.2963,20.8145],[73.3027,20.8168],[73.3046,20.8191],[73.3028,20.8211],[73.3031,20.8259],[73.3069,20.831],[73.3054,20.839],[73.3103,20.8402],[73.3117,20.8431],[73.3113,20.847],[73.305,20.8496],[73.3049,20.8588],[73.3095,20.878],[73.3116,20.8815],[73.3153,20.8832],[73.3207,20.8779],[73.3252,20.8697],[73.3325,20.867],[73.3351,20.8575],[73.3446,20.8619],[73.3549,20.8458],[73.3679,20.8394],[73.37,20.8373],[73.3713,20.8318],[73.3766,20.8302],[73.3848,20.8245],[73.3905,20.825],[73.3952,20.8282],[73.433,20.8153],[73.4547,20.8128],[73.463,20.8158],[73.4753,20.8172],[73.4841,20.8164],[73.4883,20.8143],[73.4992,20.8182],[73.4923,20.8026],[73.4865,20.7974],[73.493,20.7598],[73.4918,20.757],[73.4832,20.7497],[73.4686,20.7445],[73.4668,20.7405],[73.4671,20.7213],[73.4506,20.714],[73.4456,20.7101],[73.4391,20.7008],[73.4484,20.693],[73.4447,20.6826],[73.4353,20.6777],[73.4317,20.6645],[73.4221,20.6606],[73.4108,20.6602],[73.4066,20.6558],[73.3952,20.6521],[73.3932,20.6489],[73.3943,20.6423],[73.403,20.6383],[73.4096,20.6302],[73.4067,20.6278],[73.4076,20.6259],[73.3939,20.6172],[73.3846,20.6135],[73.3804,20.617],[73.3714,20.6144],[73.368,20.6172],[73.3589,20.6134],[73.3531,20.6065],[73.3381,20.605],[73.333,20.6009],[73.3284,20.6019],[73.3257,20.5994],[73.3226,20.6018],[73.3174,20.6023],[73.3149,20.5987],[73.312,20.599],[73.311,20.5967],[73.3134,20.5944],[73.3095,20.5917],[73.3003,20.5909],[73.2971,20.5947],[73.2789,20.5843],[73.2603,20.5812],[73.254,20.5881],[73.2484,20.5873],[73.2486,20.5909],[73.246,20.5935],[73.2261,20.5964],[73.2259,20.6023],[73.2156,20.6036],[73.2055,20.5925],[73.2007,20.5908],[73.1831,20.5923],[73.1557,20.6059],[73.1507,20.6068],[73.1418,20.6007],[73.1366,20.5997],[73.1252,20.6002],[73.1105,20.6046],[73.1051,20.6041],[73.102,20.5977],[73.0744,20.6],[73.0724,20.6035],[73.0688,20.6055],[73.073,20.6196],[73.0694,20.6221],[73.0665,20.6305],[73.0674,20.6353],[73.0722,20.6428],[73.075,20.6516],[73.0679,20.657],[73.0633,20.6576],[73.0569,20.6619],[73.0484,20.6603],[73.0439,20.6614],[73.0355,20.6669],[73.0287,20.6752],[73.0371,20.6828],[73.0403,20.6807],[73.0433,20.6832],[73.0466,20.7023],[73.0364,20.7028],[73.0309,20.7061],[73.0289,20.7099],[73.0186,20.7156],[73.0135,20.7226],[73.0033,20.7232],[73.0001,20.7276],[72.9731,20.7427],[72.9655,20.741],[72.9623,20.7206],[72.9551,20.7193],[72.945,20.7225],[72.9309,20.7343],[72.8983,20.7356],[72.8831,20.728],[72.8787,20.7294],[72.8763,20.7282],[72.8687,20.7209],[72.858,20.7238],[72.8524,20.7345],[72.845,20.7311],[72.8437,20.7367],[72.8356,20.7494],[72.8376,20.7607],[72.835,20.7684],[72.8261,20.7801],[72.8244,20.7924],[72.8183,20.8031],[72.8174,20.8192],[72.8123,20.837],[72.8058,20.8491],[72.8034,20.8572],[72.7886,20.8839],[72.7829,20.8998],[72.7824,20.9296],[72.7841,20.932],[72.802,20.9356],[72.8248,20.9499],[72.828,20.9499],[72.8396,20.944],[72.8437,20.9444],[72.8458,20.9475],[72.8363,20.9538],[72.8289,20.9557],[72.8141,20.9554],[72.807,20.9535],[72.7742,20.936],[72.7729,20.9336],[72.7747,20.9313],[72.7737,20.9222],[72.7709,20.9177],[72.7638,20.9205],[72.7561,20.9306],[72.7375,20.974],[72.7348,20.9952],[72.7284,21.0065],[72.722,21.04],[72.722,21.0479],[72.7262,21.0526],[72.7549,21.0504],[72.7551,21.0519],[72.7462,21.06],[72.7287,21.0662],[72.6977,21.0614],[72.7089,21.0678],[72.715,21.0693],[72.7312,21.0687],[72.7578,21.0612],[72.7756,21.0627],[72.8003,21.0748],[72.8098,21.0643]]]}},{"type":"Feature","properties":{"district":"Panch Mahals","state":"Gujarat","censuscode":484},"geometry":{"type":"Polygon","coordinates":[[[73.706,23.4431],[73.7136,23.4174],[73.7167,23.4134],[73.7225,23.4112],[73.7304,23.4234],[73.7478,23.441],[73.7572,23.4553],[73.7613,23.4571],[73.7676,23.4511],[73.7705,23.4443],[73.7796,23.4331],[73.7908,23.434],[73.8236,23.4452],[73.8289,23.4451],[73.8335,23.4385],[73.8332,23.4291],[73.8542,23.4031],[73.8635,23.3941],[73.8738,23.3767],[73.8762,23.3664],[73.8879,23.3569],[73.8917,23.3509],[73.891,23.3354],[73.9108,23.3343],[73.9247,23.3361],[73.9358,23.3397],[73.9395,23.3442],[73.9406,23.3646],[73.9442,23.3717],[73.9595,23.3796],[73.968,23.3753],[73.9759,23.366],[73.9805,23.358],[73.984,23.3394],[73.9878,23.3358],[74.012,23.3325],[74.0009,23.3085],[74.0023,23.2955],[73.9981,23.283],[74.0022,23.2795],[74.0041,23.2723],[74.0047,23.2592],[74.0041,23.2556],[73.9971,23.2546],[73.9942,23.2479],[73.9919,23.2122],[73.9881,23.2091],[73.9748,23.2079],[73.9718,23.2048],[73.9754,23.1963],[73.9904,23.1947],[73.9922,23.1904],[73.9929,23.1737],[73.982,23.1725],[73.9825,23.1602],[73.9859,23.1552],[74.0002,23.1529],[74.0034,23.1508],[74.0031,23.1232],[73.9906,23.122],[73.99,23.1169],[73.995,23.112],[74.0092,23.1096],[74.0133,23.1069],[74.0152,23.0989],[74.0232,23.0933],[74.0005,23.0803],[73.989,23.0798],[73.9644,23.094],[73.9555,23.1021],[73.9521,23.0995],[73.9365,23.099],[73.9261,23.092],[73.9193,23.0843],[73.9161,23.0751],[73.9202,23.0586],[73.9142,23.05],[73.9072,23.0458],[73.9101,23.0389],[73.9102,23.0194],[73.9158,23.0129],[73.9104,23.0079],[73.9058,23.0],[73.904,22.9898],[73.9072,22.9829],[73.9306,22.9783],[73.9244,22.9691],[73.9111,22.9659],[73.9055,22.9578],[73.8897,22.9482],[73.8907,22.9427],[73.9074,22.934],[73.9044,22.9311],[73.9051,22.9248],[73.8982,22.915],[73.8843,22.902],[73.8762,22.8755],[73.8723,22.8711],[73.8815,22.8671],[73.8718,22.8458],[73.8683,22.8408],[73.865,22.8397],[73.8505,22.8443],[73.8404,22.8441],[73.8402,22.823],[73.8459,22.8189],[73.849,22.8144],[73.8517,22.7826],[73.8495,22.7792],[73.8459,22.7783],[73.8323,22.7796],[73.8288,22.7783],[73.824,22.7709],[73.823,22.765],[73.8258,22.7593],[73.8377,22.7481],[73.848,22.7427],[73.8509,22.7346],[73.8463,22.7251],[73.8413,22.7237],[73.8353,22.7188],[73.8316,22.6906],[73.828,22.6858],[73.8219,22.6821],[73.8117,22.684],[73.802,22.6766],[73.8024,22.6684],[73.8132,22.6537],[73.8221,22.6506],[73.8277,22.6403],[73.828,22.6321],[73.8207,22.6271],[73.8172,22.6212],[73.7989,22.6099],[73.8003,22.6065],[73.8081,22.6021],[73.8155,22.6047],[73.8282,22.6018],[73.8502,22.5898],[73.8532,22.5783],[73.8586,22.5715],[73.8615,22.5622],[73.858,22.5563],[73.8531,22.5549],[73.8305,22.5528],[73.8141,22.5545],[73.8104,22.552],[73.8112,22.547],[73.8047,22.5487],[73.7947,22.5459],[73.7912,22.5471],[73.7845,22.5453],[73.7583,22.5461],[73.7481,22.537],[73.7421,22.5349],[73.7323,22.515],[73.7331,22.4968],[73.7321,22.4868],[73.7272,22.4704],[73.7266,22.4611],[73.7293,22.4544],[73.7343,22.4541],[73.7369,22.4512],[73.7422,22.4381],[73.7425,22.4324],[73.7387,22.4247],[73.7331,22.4205],[73.7329,22.4131],[73.7397,22.3987],[73.7382,22.3895],[73.7533,22.3847],[73.7625,22.3866],[73.7711,22.3862],[73.771,22.382],[73.7668,22.3736],[73.759,22.365],[73.7583,22.3563],[73.7541,22.3453],[73.7517,22.344],[73.7486,22.3456],[73.7445,22.3439],[73.7294,22.3348],[73.7281,22.3234],[73.7248,22.3126],[73.7263,22.3083],[73.7318,22.3038],[73.7294,22.2958],[73.7309,22.29],[73.7266,22.2898],[73.7232,22.2876],[73.7168,22.2919],[73.7155,22.3008],[73.7122,22.3017],[73.7005,22.2965],[73.6993,22.2853],[73.6921,22.284],[73.6561,22.2859],[73.6552,22.2892],[73.6475,22.2988],[73.6345,22.3003],[73.6324,22.3109],[73.6484,22.3121],[73.6539,22.331],[73.6588,22.3347],[73.6953,22.3365],[73.6915,22.3401],[73.6918,22.3415],[73.7044,22.348],[73.7044,22.3573],[73.6833,22.3715],[73.6753,22.3726],[73.6439,22.3844],[73.6383,22.3837],[73.6313,22.3863],[73.6348,22.3754],[73.629,22.3714],[73.6187,22.3592],[73.6198,22.3487],[73.6135,22.3437],[73.6141,22.3356],[73.6257,22.3351],[73.632,22.3315],[73.6296,22.329],[73.6306,22.3227],[73.5954,22.3224],[73.576,22.3246],[73.5659,22.3267],[73.5653,22.3326],[73.5557,22.3327],[73.5539,22.3391],[73.5503,22.3415],[73.5296,22.3426],[73.521,22.3389],[73.5124,22.3465],[73.5051,22.3475],[73.4855,22.3458],[73.4782,22.3524],[73.466,22.3575],[73.4689,22.369],[73.4726,22.3721],[73.4736,22.3749],[73.4726,22.3775],[73.4608,22.378],[73.4507,22.3922],[73.4462,22.3912],[73.4454,22.3946],[73.4401,22.3975],[73.4467,22.4104],[73.4447,22.4217],[73.4343,22.4199],[73.4312,22.4234],[73.4226,22.4265],[73.4212,22.4455],[73.4263,22.4466],[73.4273,22.4529],[73.4311,22.4564],[73.4299,22.4732],[73.4282,22.4818],[73.4239,22.4916],[73.4183,22.4935],[73.4172,22.4986],[73.4141,22.5014],[73.4079,22.5011],[73.4069,22.5037],[73.4141,22.516],[73.4118,22.5198],[73.4197,22.533],[73.4205,22.5475],[73.4131,22.5499],[73.3885,22.5499],[73.385,22.5526],[73.3734,22.5531],[73.3828,22.5749],[73.3834,22.5786],[73.3795,22.5811],[73.384,22.608],[73.3896,22.609],[73.3894,22.6136],[73.3863,22.6224],[73.3655,22.6245],[73.3651,22.6274],[73.367,22.6373],[73.3707,22.6389],[73.3697,22.6442],[73.372,22.6458],[73.3825,22.6472],[73.3893,22.6405],[73.3967,22.642],[73.3992,22.6506],[73.4024,22.6532],[73.4057,22.6516],[73.4079,22.6525],[73.4148,22.6565],[73.416,22.6591],[73.4156,22.6701],[73.4139,22.6722],[73.4094,22.6726],[73.4046,22.6844],[73.3997,22.6857],[73.3927,22.6838],[73.3916,22.6863],[73.3911,22.6952],[73.3899,22.6977],[73.3875,22.6979],[73.3849,22.7153],[73.3884,22.7258],[73.3864,22.7383],[73.4125,22.7553],[73.4273,22.7583],[73.4271,22.7739],[73.422,22.7825],[73.414,22.7827],[73.406,22.7899],[73.409,22.8059],[73.4074,22.809],[73.3984,22.8062],[73.3864,22.8068],[73.3839,22.7953],[73.3791,22.7953],[73.381,22.7846],[73.3803,22.7567],[73.3622,22.7678],[73.3627,22.7729],[73.3592,22.7833],[73.3512,22.7893],[73.3627,22.7953],[73.3629,22.8071],[73.3728,22.8196],[73.3742,22.8234],[73.3736,22.8318],[73.3872,22.8514],[73.3858,22.8637],[73.3813,22.872],[73.3686,22.886],[73.3696,22.8946],[73.372,22.8994],[73.3866,22.9136],[73.4275,22.9427],[73.4488,22.9619],[73.4519,22.9682],[73.4477,22.981],[73.4405,22.9893],[73.4368,23.0007],[73.4358,23.0277],[73.4148,23.0291],[73.419,23.0457],[73.4263,23.0534],[73.4187,23.0626],[73.4164,23.0721],[73.417,23.0802],[73.4223,23.0902],[73.4244,23.0991],[73.4211,23.1048],[73.4133,23.1062],[73.3965,23.1014],[73.3753,23.1083],[73.3756,23.1162],[73.3834,23.1329],[73.3913,23.1402],[73.401,23.1451],[73.4302,23.1557],[73.4336,23.1533],[73.4369,23.144],[73.4417,23.1428],[73.4476,23.1477],[73.4602,23.1525],[73.4983,23.1524],[73.5028,23.1501],[73.5055,23.1463],[73.5112,23.1467],[73.5179,23.1504],[73.523,23.1574],[73.5233,23.1651],[73.5207,23.1644],[73.5216,23.169],[73.5294,23.1761],[73.5366,23.1863],[73.5444,23.1918],[73.5678,23.1927],[73.5735,23.1971],[73.5761,23.2076],[73.5742,23.2115],[73.5576,23.2039],[73.5442,23.2248],[73.5521,23.2369],[73.5636,23.2371],[73.5723,23.2434],[73.5767,23.2492],[73.5765,23.2564],[73.572,23.2736],[73.5692,23.2752],[73.5531,23.2714],[73.5357,23.2496],[73.5289,23.2512],[73.5254,23.2586],[73.5241,23.2682],[73.531,23.2734],[73.5262,23.2855],[73.5322,23.2921],[73.5428,23.3089],[73.5555,23.3175],[73.5584,23.3216],[73.5667,23.34],[73.5667,23.3472],[73.5822,23.3609],[73.5952,23.378],[73.5965,23.3823],[73.6146,23.3903],[73.621,23.3985],[73.6338,23.4237],[73.6261,23.4332],[73.6255,23.4398],[73.6289,23.4511],[73.6494,23.4392],[73.665,23.4506],[73.6782,23.4557],[73.6903,23.4575],[73.7006,23.4544],[73.706,23.4431]]]}},{"type":"Feature","properties":{"district":"Patan","state":"Gujarat","censuscode":470},"geometry":{"type":"Polygon","coordinates":[[[72.4702,23.8971],[72.4585,23.9038],[72.4489,23.9056],[72.4396,23.9114],[72.4318,23.9117],[72.4171,23.9083],[72.4087,23.9029],[72.3939,23.8818],[72.3632,23.8814],[72.3508,23.8895],[72.3424,23.8918],[72.3302,23.8896],[72.3205,23.8851],[72.3185,23.8805],[72.319,23.864],[72.3162,23.8618],[72.2924,23.8609],[72.2906,23.8479],[72.2928,23.8399],[72.2974,23.8378],[72.3034,23.8275],[72.3127,23.8192],[72.3157,23.8141],[72.3135,23.8064],[72.3007,23.799],[72.298,23.7948],[72.2955,23.7719],[72.3115,23.7655],[72.3202,23.7574],[72.3192,23.7464],[72.2952,23.7463],[72.2892,23.7439],[72.2847,23.7343],[72.2796,23.7298],[72.2775,23.7248],[72.2784,23.709],[72.2717,23.6971],[72.2686,23.6944],[72.2705,23.6897],[72.2743,23.6873],[72.2889,23.6891],[72.2934,23.6879],[72.3018,23.681],[72.3085,23.6691],[72.3038,23.6556],[72.3004,23.6342],[72.2897,23.6177],[72.2836,23.6147],[72.2689,23.6226],[72.2612,23.6244],[72.2521,23.6291],[72.2421,23.6426],[72.2309,23.6431],[72.2271,23.6396],[72.2243,23.6336],[72.2197,23.6297],[72.209,23.6291],[72.1943,23.6398],[72.1872,23.639],[72.1714,23.6283],[72.1686,23.6223],[72.1629,23.6179],[72.1412,23.6124],[72.1325,23.6119],[72.1168,23.6063],[72.1082,23.6107],[72.1025,23.6111],[72.0984,23.6065],[72.0972,23.6002],[72.0977,23.5855],[72.0939,23.5823],[72.0761,23.5792],[72.0708,23.5749],[72.0604,23.5747],[72.0586,23.5786],[72.0548,23.6068],[72.0519,23.6085],[72.0508,23.621],[72.0481,23.6256],[72.0452,23.6269],[72.0252,23.627],[72.0204,23.6337],[72.0063,23.6348],[71.9961,23.6266],[71.981,23.621],[71.9796,23.6152],[71.9812,23.6057],[71.9644,23.601],[71.9569,23.591],[71.9413,23.5886],[71.9408,23.5846],[71.9579,23.5798],[71.9602,23.5605],[71.9684,23.5383],[71.9696,23.5315],[71.9515,23.5255],[71.9449,23.52],[71.942,23.507],[71.93,23.4998],[71.9141,23.497],[71.9109,23.498],[71.9059,23.4935],[71.902,23.4942],[71.9016,23.4901],[71.8981,23.4893],[71.8927,23.4907],[71.8811,23.4858],[71.8636,23.4751],[71.8552,23.4634],[71.849,23.4386],[71.8435,23.4308],[71.8352,23.4218],[71.8276,23.4165],[71.8065,23.4028],[71.7983,23.4003],[71.7759,23.4027],[71.7682,23.4047],[71.763,23.4093],[71.7603,23.418],[71.7608,23.43],[71.7646,23.4379],[71.7757,23.4482],[71.7783,23.4577],[71.7678,23.4706],[71.759,23.4709],[71.7451,23.4741],[71.7362,23.4737],[71.7301,23.4758],[71.7268,23.4835],[71.7285,23.4884],[71.7274,23.4951],[71.7067,23.488],[71.6977,23.4884],[71.6873,23.491],[71.6703,23.4911],[71.6582,23.4944],[71.6399,23.496],[71.628,23.5012],[71.6142,23.5036],[71.6008,23.5013],[71.5948,23.5043],[71.5895,23.5031],[71.5797,23.496],[71.565,23.4983],[71.5326,23.4815],[71.5134,23.4754],[71.5086,23.4755],[71.5081,23.4789],[71.5118,23.497],[71.5163,23.5017],[71.5203,23.5098],[71.5202,23.5233],[71.5179,23.5283],[71.5106,23.5234],[71.4966,23.5051],[71.4905,23.5],[71.4794,23.4971],[71.4586,23.4764],[71.4484,23.4721],[71.446,23.4804],[71.4492,23.539],[71.4691,23.555],[71.4701,23.5574],[71.4562,23.5624],[71.4384,23.5663],[71.4219,23.5673],[71.4178,23.5761],[71.4211,23.598],[71.4257,23.6028],[71.4218,23.6277],[71.4153,23.6241],[71.3978,23.6061],[71.3935,23.6039],[71.3893,23.6204],[71.3766,23.6447],[71.3778,23.6498],[71.3562,23.6561],[71.3517,23.6561],[71.3191,23.6485],[71.3034,23.6466],[71.263,23.6505],[71.2465,23.6549],[71.2283,23.6572],[71.2227,23.6609],[71.2209,23.6726],[71.2169,23.682],[71.2201,23.6855],[71.2234,23.6939],[71.2197,23.6992],[71.22,23.7048],[71.2241,23.713],[71.2144,23.7282],[71.2096,23.7324],[71.1925,23.7357],[71.1885,23.7379],[71.174,23.7394],[71.174,23.7294],[71.1691,23.7274],[71.1467,23.7301],[71.1479,23.7173],[71.1532,23.7124],[71.1623,23.7191],[71.1782,23.7106],[71.1742,23.7047],[71.1569,23.691],[71.1525,23.6846],[71.1468,23.6694],[71.1367,23.6606],[71.135,23.6453],[71.1373,23.6397],[71.1426,23.6371],[71.1425,23.6329],[71.1393,23.6289],[71.1062,23.6162],[71.1023,23.616],[71.0955,23.6216],[71.0903,23.6215],[71.0898,23.6026],[71.0849,23.5991],[71.0738,23.6023],[71.0676,23.6075],[71.0596,23.6193],[71.0484,23.6228],[71.0443,23.6283],[71.0415,23.6298],[71.0376,23.6367],[71.0337,23.6488],[71.0372,23.6658],[71.0416,23.6718],[71.0536,23.6791],[71.0668,23.6827],[71.069,23.6897],[71.0673,23.6939],[71.0597,23.7017],[71.0591,23.7087],[71.064,23.7147],[71.0646,23.7273],[71.0707,23.7304],[71.0576,23.7452],[71.0544,23.7557],[71.0545,23.7786],[71.0568,23.7827],[71.0468,23.7876],[71.0429,23.7982],[71.0502,23.807],[71.0613,23.8031],[71.0687,23.8237],[71.0682,23.828],[71.062,23.8356],[71.0644,23.8399],[71.0692,23.8418],[71.0713,23.8453],[71.0756,23.8587],[71.1001,23.9008],[71.1124,23.905],[71.1372,23.9075],[71.15,23.9125],[71.1542,23.9126],[71.1747,23.92],[71.1768,23.9245],[71.1918,23.9193],[71.2118,23.9305],[71.2259,23.9299],[71.2318,23.9264],[71.2396,23.9177],[71.2504,23.92],[71.2485,23.9288],[71.2527,23.931],[71.258,23.9287],[71.2645,23.9215],[71.2693,23.9211],[71.2719,23.9232],[71.2721,23.9315],[71.2735,23.9334],[71.2793,23.9276],[71.2849,23.9262],[71.295,23.9267],[71.299,23.9288],[71.2991,23.9324],[71.298,23.9363],[71.2898,23.9467],[71.2909,23.949],[71.3029,23.9504],[71.2971,23.9648],[71.3161,23.9816],[71.3277,23.9756],[71.3329,23.9683],[71.3436,23.9664],[71.3646,23.9663],[71.3665,23.9625],[71.3701,23.9611],[71.3733,23.953],[71.3868,23.952],[71.3891,23.9556],[71.39,23.9621],[71.3951,23.9625],[71.4043,23.9486],[71.4057,23.9339],[71.4137,23.9263],[71.4245,23.9336],[71.4447,23.941],[71.4469,23.9459],[71.4485,23.9583],[71.4515,23.9629],[71.4476,23.968],[71.4479,23.9776],[71.4442,23.9787],[71.4433,23.9829],[71.4608,23.9994],[71.4633,24.0107],[71.4731,24.0209],[71.4825,24.0236],[71.4924,24.0134],[71.4885,23.9855],[71.4885,23.9761],[71.4915,23.9705],[71.4972,23.9693],[71.5117,23.9761],[71.5268,23.9791],[71.5379,23.9795],[71.5452,23.9755],[71.5673,23.9792],[71.5737,23.9755],[71.5875,23.9766],[71.5903,23.9752],[71.5858,23.9667],[71.5884,23.9616],[71.6013,23.9434],[71.6079,23.9417],[71.6237,23.9521],[71.6338,23.9532],[71.6601,23.9678],[71.669,23.9705],[71.6793,23.9693],[71.6879,23.9658],[71.6916,23.9607],[71.6967,23.9347],[71.7023,23.9297],[71.7167,23.9263],[71.7168,23.915],[71.7135,23.8999],[71.7141,23.8922],[71.7091,23.8817],[71.7132,23.8774],[71.7155,23.8698],[71.7186,23.8651],[71.7325,23.8555],[71.7444,23.8516],[71.7533,23.8415],[71.7608,23.841],[71.767,23.8313],[71.7697,23.8347],[71.7703,23.8395],[71.7764,23.8422],[71.7797,23.8457],[71.8079,23.8547],[71.8189,23.8522],[71.8221,23.8492],[71.8292,23.8465],[71.8523,23.8469],[71.8581,23.8489],[71.8637,23.8586],[71.8679,23.8705],[71.8896,23.8796],[71.8974,23.877],[71.9222,23.8852],[71.9358,23.8838],[71.9572,23.8908],[71.968,23.8905],[71.9723,23.8921],[71.9743,23.8997],[71.9695,23.9091],[71.9452,23.9219],[71.9345,23.9371],[71.9294,23.9489],[71.9292,23.9529],[71.937,23.9604],[71.9446,23.9644],[71.946,23.9719],[71.9454,23.9738],[71.9277,23.9785],[71.9238,24.0009],[71.9272,24.0095],[71.9379,24.0104],[71.9524,24.0082],[71.9546,24.0066],[71.9527,24.0009],[71.9555,23.9965],[71.9634,23.9934],[71.9774,23.9974],[71.9843,23.9974],[71.9896,23.9931],[71.9944,23.9854],[71.9962,23.9716],[72.0011,23.9672],[72.0041,23.9696],[72.0029,23.9767],[72.0126,23.9863],[72.0189,23.9806],[72.036,23.9825],[72.0404,23.9866],[72.0472,23.9979],[72.0196,24.0185],[72.0191,24.0317],[72.0151,24.0401],[72.0308,24.0551],[72.0423,24.0385],[72.0488,24.0343],[72.0621,24.0217],[72.0661,24.0206],[72.0831,24.0325],[72.0885,24.03],[72.0939,24.0239],[72.1004,24.0212],[72.0979,24.0478],[72.1057,24.0467],[72.1169,24.0415],[72.1256,24.0402],[72.1384,24.0439],[72.1404,24.0522],[72.1437,24.0565],[72.148,24.061],[72.1543,24.0639],[72.1644,24.0746],[72.1634,24.0837],[72.1568,24.0923],[72.1596,24.1039],[72.1539,24.1144],[72.1015,24.1094],[72.1004,24.113],[72.1011,24.1259],[72.1182,24.121],[72.123,24.1225],[72.1275,24.1264],[72.1303,24.1404],[72.1343,24.1414],[72.1566,24.1379],[72.1608,24.1335],[72.1614,24.1229],[72.1594,24.1154],[72.187,24.1039],[72.1931,24.1065],[72.1966,24.1203],[72.2089,24.1284],[72.2047,24.1407],[72.2269,24.1299],[72.2291,24.1209],[72.2337,24.1177],[72.2268,24.1144],[72.2165,24.1042],[72.2206,24.0914],[72.2226,24.0736],[72.2307,24.0653],[72.2596,24.0724],[72.2663,24.0579],[72.2742,24.0479],[72.2826,24.0463],[72.2995,24.0466],[72.2989,24.0452],[72.3072,24.0327],[72.3167,24.0297],[72.3541,24.025],[72.3592,23.9983],[72.3635,23.9883],[72.3675,23.9671],[72.3739,23.9692],[72.392,23.9688],[72.4094,23.9704],[72.4271,23.9789],[72.4361,23.9641],[72.4407,23.9653],[72.4444,23.969],[72.4503,23.9703],[72.4659,23.9648],[72.4718,23.9602],[72.4783,23.9469],[72.4783,23.9302],[72.4711,23.9069],[72.4702,23.8971]]]}},{"type":"Feature","properties":{"district":"Porbandar","state":"Gujarat","censuscode":478},"geometry":{"type":"Polygon","coordinates":[[[70.0751,21.7324],[70.0812,21.7345],[70.0832,21.7339],[70.0893,21.7031],[70.1192,21.7054],[70.1288,21.6926],[70.1408,21.6853],[70.1445,21.6812],[70.1479,21.6617],[70.1375,21.6617],[70.1329,21.6639],[70.1219,21.679],[70.1197,21.679],[70.105,21.6646],[70.105,21.6569],[70.109,21.6466],[70.106,21.6443],[70.0901,21.6457],[70.0758,21.6396],[70.0545,21.6353],[70.0504,21.645],[70.0472,21.6479],[70.0364,21.6487],[70.0389,21.6418],[70.0328,21.6351],[70.0337,21.6262],[70.0404,21.6074],[70.0596,21.6096],[70.0675,21.608],[70.0707,21.5945],[70.0733,21.5916],[70.0684,21.5859],[70.0634,21.5836],[70.0544,21.5833],[70.0485,21.5847],[70.0453,21.5908],[70.046,21.5944],[70.0316,21.5951],[70.0314,21.6009],[70.019,21.5958],[70.0194,21.5926],[70.0001,21.5837],[69.9926,21.5781],[69.9877,21.5816],[69.9859,21.5864],[69.9861,21.6004],[69.9812,21.6005],[69.9673,21.5919],[69.9662,21.5866],[69.9723,21.569],[69.9747,21.5657],[69.9803,21.5669],[69.9853,21.5701],[69.9953,21.5521],[70.0031,21.543],[70.0,21.5403],[69.9855,21.5341],[69.981,21.5303],[69.9922,21.5067],[69.9865,21.5049],[69.9867,21.501],[69.9912,21.4924],[69.9957,21.4777],[70.0,21.4726],[70.022,21.4761],[70.0421,21.4724],[70.0506,21.4543],[70.051,21.4502],[70.0465,21.4432],[70.0376,21.4369],[70.0299,21.4345],[70.0266,21.4401],[70.0183,21.4421],[70.0,21.4402],[69.9829,21.4351],[69.9806,21.4269],[69.9853,21.4236],[69.9849,21.4208],[69.9702,21.4147],[69.9579,21.4119],[69.9647,21.4095],[69.966,21.4057],[69.9603,21.3991],[69.9505,21.3977],[69.9453,21.3943],[69.9443,21.391],[69.95,21.383],[69.9427,21.3688],[69.9501,21.3546],[69.9571,21.3427],[69.974,21.3364],[69.979,21.3323],[69.9772,21.2932],[69.9968,21.2933],[70.0093,21.2812],[70.0147,21.2784],[70.0257,21.2808],[70.0282,21.2751],[70.0053,21.2582],[70.0015,21.2526],[70.0017,21.2413],[69.9922,21.237],[69.9818,21.2268],[69.9229,21.2918],[69.7782,21.4579],[69.7876,21.4515],[69.7999,21.4521],[69.801,21.4535],[69.7996,21.454],[69.8018,21.4557],[69.8046,21.4549],[69.801,21.4571],[69.8049,21.464],[69.8024,21.4624],[69.7996,21.4551],[69.7957,21.4526],[69.7851,21.4538],[69.7771,21.461],[69.7782,21.4629],[69.7749,21.4632],[69.7751,21.4599],[69.7118,21.531],[69.7026,21.538],[69.701,21.5415],[69.6954,21.5463],[69.6885,21.5501],[69.6718,21.5662],[69.6137,21.6276],[69.6101,21.6285],[69.6074,21.6327],[69.6032,21.6346],[69.6021,21.6374],[69.591,21.6385],[69.5899,21.6371],[69.5932,21.6351],[69.5921,21.6324],[69.5932,21.6293],[69.5907,21.6279],[69.5918,21.6254],[69.5893,21.626],[69.5893,21.6243],[69.591,21.6238],[69.5901,21.6204],[69.5876,21.621],[69.589,21.6285],[69.5918,21.6332],[69.591,21.6354],[69.5849,21.6374],[69.5754,21.6446],[69.5751,21.6462],[69.5715,21.6468],[69.5671,21.6524],[69.5604,21.6554],[69.5565,21.6607],[69.5007,21.7104],[69.4876,21.7251],[69.4707,21.741],[69.4507,21.7526],[69.444,21.7601],[69.4401,21.7607],[69.4324,21.7674],[69.4115,21.7882],[69.399,21.7982],[69.374,21.8276],[69.3783,21.8285],[69.3808,21.8342],[69.3813,21.8422],[69.3851,21.8512],[69.3861,21.8713],[69.3898,21.8771],[69.4006,21.8848],[69.4038,21.8897],[69.4074,21.8905],[69.4136,21.8831],[69.4209,21.8797],[69.4282,21.8822],[69.4363,21.8733],[69.449,21.8508],[69.4766,21.8525],[69.4895,21.8548],[69.4848,21.8731],[69.4872,21.8732],[69.488,21.8937],[69.4992,21.8928],[69.5025,21.8947],[69.5055,21.8997],[69.5255,21.8899],[69.5325,21.8884],[69.5356,21.8912],[69.5437,21.9227],[69.5478,21.9284],[69.5654,21.9402],[69.581,21.9448],[69.6077,21.9444],[69.6123,21.9456],[69.6176,21.9406],[69.6209,21.94],[69.6291,21.922],[69.6337,21.9179],[69.6423,21.9174],[69.6519,21.9196],[69.657,21.9217],[69.6571,21.9282],[69.6517,21.9544],[69.684,21.9584],[69.6894,21.9774],[69.6949,21.9775],[69.7166,21.9743],[69.7217,21.9562],[69.7258,21.955],[69.7226,21.9402],[69.7234,21.9375],[69.7089,21.9319],[69.7077,21.9264],[69.6915,21.9121],[69.6863,21.9096],[69.682,21.9253],[69.6711,21.9245],[69.6673,21.9223],[69.6728,21.9046],[69.6723,21.902],[69.6673,21.8995],[69.6682,21.8922],[69.6667,21.8842],[69.6575,21.8691],[69.6473,21.8702],[69.6355,21.8741],[69.6324,21.8688],[69.6188,21.8691],[69.6112,21.8633],[69.6094,21.8442],[69.6099,21.8299],[69.6134,21.83],[69.6128,21.8128],[69.6135,21.8072],[69.6159,21.8058],[69.6164,21.8026],[69.6183,21.8016],[69.6321,21.8026],[69.6333,21.8139],[69.6323,21.8272],[69.637,21.8325],[69.6453,21.8363],[69.6533,21.8366],[69.6572,21.8343],[69.6654,21.8117],[69.6763,21.8105],[69.6754,21.815],[69.6766,21.8186],[69.688,21.8186],[69.6913,21.8152],[69.692,21.8096],[69.6988,21.8056],[69.7015,21.7951],[69.7095,21.7961],[69.714,21.7929],[69.7243,21.8041],[69.7253,21.8183],[69.7399,21.8314],[69.7516,21.8269],[69.7595,21.8214],[69.7675,21.8203],[69.7889,21.8236],[69.8152,21.8225],[69.8174,21.8129],[69.8158,21.7859],[69.8134,21.7736],[69.8102,21.7673],[69.8176,21.7403],[69.8341,21.7413],[69.8393,21.7326],[69.8465,21.7304],[69.8535,21.7307],[69.8671,21.7354],[69.8675,21.7544],[69.8654,21.7754],[69.8699,21.78],[69.8793,21.7679],[69.8812,21.7673],[69.9157,21.7789],[69.9282,21.7778],[69.9333,21.7802],[69.9461,21.7933],[69.9497,21.7896],[69.9594,21.796],[69.9756,21.7993],[69.9905,21.808],[70.0098,21.8009],[70.0116,21.7989],[70.0085,21.7812],[70.0086,21.7573],[70.0128,21.748],[70.0196,21.7448],[70.0195,21.7152],[70.0211,21.7078],[70.0249,21.704],[70.035,21.6979],[70.0503,21.6981],[70.0558,21.7016],[70.0751,21.7324]]]}},{"type":"Feature","properties":{"district":"Rajkot","state":"Gujarat","censuscode":476},"geometry":{"type":"Polygon","coordinates":[[[70.7742,23.1623],[70.7782,23.159],[70.7858,23.1654],[70.79,23.1643],[70.7903,23.1612],[70.7842,23.1525],[70.786,23.1499],[70.7893,23.15],[70.796,23.1584],[70.8094,23.1629],[70.8166,23.1616],[70.812,23.1482],[70.8174,23.1391],[70.8151,23.1357],[70.8198,23.1324],[70.8273,23.1312],[70.831,23.1258],[70.8271,23.1206],[70.8281,23.1177],[70.8234,23.1095],[70.8239,23.1062],[70.8268,23.1034],[70.8262,23.0991],[70.8231,23.096],[70.8223,23.0846],[70.8243,23.0788],[70.8276,23.0792],[70.8315,23.0875],[70.8327,23.0948],[70.8352,23.0979],[70.833,23.1053],[70.8335,23.11],[70.8367,23.1107],[70.8397,23.1083],[70.8409,23.1164],[70.8466,23.1175],[70.8563,23.1284],[70.8542,23.1344],[70.8495,23.1397],[70.8276,23.1492],[70.8251,23.155],[70.8288,23.1565],[70.8343,23.1507],[70.8499,23.1467],[70.8643,23.1383],[70.8749,23.1374],[70.8744,23.1289],[70.8711,23.1227],[70.875,23.121],[70.8784,23.1221],[70.8796,23.1312],[70.8829,23.1335],[70.8946,23.1302],[70.9013,23.1329],[70.8974,23.1414],[70.8926,23.1381],[70.8883,23.1412],[70.8901,23.1592],[70.9148,23.1613],[70.936,23.1585],[70.9399,23.155],[70.9395,23.1489],[70.937,23.1448],[70.9302,23.1401],[70.9296,23.1359],[70.9399,23.1386],[70.9439,23.1365],[70.9452,23.1313],[70.9492,23.133],[70.9492,23.1365],[70.9516,23.1385],[70.9553,23.1368],[70.9638,23.1364],[70.9636,23.1399],[70.9567,23.1406],[70.9521,23.1433],[70.9576,23.1465],[70.949,23.1566],[70.9487,23.1616],[70.9505,23.1671],[70.956,23.173],[70.9619,23.1737],[70.9592,23.1697],[70.9612,23.167],[70.9593,23.1608],[70.9599,23.157],[70.9624,23.1562],[70.9705,23.1617],[70.9779,23.1615],[70.9834,23.173],[70.986,23.1736],[70.9962,23.1706],[71.0143,23.175],[71.0221,23.175],[71.0449,23.171],[71.0465,23.163],[71.0443,23.1585],[71.0498,23.1364],[71.0531,23.1293],[71.0524,23.1244],[71.0468,23.1145],[71.0492,23.107],[71.0594,23.1078],[71.0636,23.0949],[71.0493,23.0857],[71.0404,23.0831],[71.0373,23.0868],[71.0364,23.0949],[71.0245,23.1034],[71.0159,23.1059],[71.0064,23.1024],[71.0001,23.1036],[70.9939,23.0924],[70.9874,23.074],[70.9822,23.0668],[70.9788,23.0527],[70.9741,23.0503],[70.9743,23.0468],[70.9686,23.0402],[70.968,23.0354],[70.9625,23.027],[70.9594,23.0236],[70.9551,23.025],[70.9502,23.0304],[70.9469,23.0313],[70.9461,23.0289],[70.9482,23.0205],[70.9535,23.0119],[70.952,23.0027],[70.957,23.0018],[70.9631,23.0035],[70.9654,23.0024],[70.9676,22.9945],[70.9783,22.978],[70.9959,22.9678],[70.9938,22.9321],[70.9956,22.9201],[71.0,22.9061],[71.0057,22.9],[71.0148,22.8964],[71.015,22.8848],[71.0181,22.8781],[71.0181,22.8732],[71.0082,22.8662],[71.0047,22.8585],[70.9972,22.8529],[70.9901,22.853],[70.9834,22.8508],[70.9789,22.8468],[70.9742,22.837],[70.9744,22.8334],[70.9877,22.7919],[70.9921,22.7875],[71.0007,22.7868],[71.0036,22.7919],[71.0286,22.7998],[71.0365,22.797],[71.043,22.7921],[71.0438,22.7776],[71.0426,22.7717],[71.0455,22.7687],[71.0523,22.7665],[71.0651,22.7669],[71.0718,22.7676],[71.0745,22.7696],[71.0749,22.7719],[71.0805,22.771],[71.1235,22.756],[71.129,22.7425],[71.1419,22.7272],[71.1495,22.7126],[71.1669,22.7002],[71.1618,22.6914],[71.162,22.6806],[71.1542,22.6755],[71.1445,22.6619],[71.1408,22.6626],[71.1384,22.6592],[71.128,22.6523],[71.1292,22.6334],[71.1102,22.6394],[71.1011,22.6264],[71.0987,22.6156],[71.1027,22.6042],[71.0996,22.6018],[71.0939,22.6008],[71.0946,22.5887],[71.099,22.5834],[71.1001,22.5776],[71.0966,22.567],[71.0941,22.563],[71.0756,22.5566],[71.0718,22.5522],[71.0727,22.5436],[71.0652,22.5409],[71.0618,22.5376],[71.0738,22.5266],[71.0889,22.5213],[71.0917,22.5145],[71.0946,22.5117],[71.1012,22.5126],[71.1144,22.5459],[71.1311,22.5448],[71.1347,22.5422],[71.1451,22.5238],[71.1633,22.5009],[71.1644,22.4901],[71.1628,22.482],[71.1447,22.4769],[71.1349,22.4803],[71.1311,22.4783],[71.1288,22.4615],[71.1265,22.4576],[71.1135,22.4514],[71.1235,22.4384],[71.1222,22.4354],[71.1086,22.435],[71.1014,22.4329],[71.0976,22.4211],[71.097,22.4052],[71.095,22.4004],[71.0882,22.3992],[71.0766,22.4039],[71.0724,22.4211],[71.0622,22.4269],[71.0603,22.4325],[71.0564,22.4355],[71.0497,22.4353],[71.0353,22.4393],[71.0242,22.4381],[71.0164,22.4327],[70.9936,22.422],[70.984,22.4159],[70.9822,22.412],[70.9835,22.4093],[70.9935,22.4022],[71.0,22.4032],[71.0114,22.4102],[71.022,22.3997],[71.0338,22.3942],[71.0398,22.3862],[71.0342,22.3801],[71.0268,22.3773],[71.0193,22.3784],[71.0171,22.3624],[71.0121,22.3537],[71.0222,22.3294],[71.0309,22.3223],[71.0428,22.3196],[71.0523,22.3119],[71.0579,22.3097],[71.0616,22.3035],[71.0618,22.2946],[71.0591,22.2817],[71.0604,22.2774],[71.0768,22.2666],[71.0808,22.2566],[71.0877,22.258],[71.093,22.256],[71.108,22.2562],[71.1128,22.2546],[71.1049,22.2482],[71.1132,22.2282],[71.1251,22.2092],[71.1402,22.1911],[71.1524,22.1868],[71.1532,22.188],[71.1582,22.1816],[71.1556,22.1663],[71.1263,22.1524],[71.1228,22.148],[71.1188,22.137],[71.113,22.1328],[71.1135,22.1292],[71.1197,22.1278],[71.1206,22.125],[71.1238,22.1225],[71.1352,22.1226],[71.1395,22.1246],[71.1408,22.1319],[71.1753,22.1448],[71.1712,22.1595],[71.1765,22.1579],[71.1875,22.1631],[71.1932,22.1629],[71.1884,22.1734],[71.1958,22.1764],[71.2107,22.1859],[71.2185,22.178],[71.2216,22.1716],[71.2265,22.1667],[71.2319,22.1644],[71.2378,22.1648],[71.2432,22.1684],[71.2549,22.1635],[71.2654,22.1611],[71.2811,22.1608],[71.2894,22.1636],[71.2968,22.1779],[71.2971,22.1812],[71.2795,22.2148],[71.2764,22.2172],[71.2633,22.2148],[71.2446,22.2225],[71.2276,22.2208],[71.2186,22.2208],[71.214,22.2226],[71.2177,22.2263],[71.2116,22.2355],[71.2097,22.2426],[71.2266,22.2502],[71.2322,22.2609],[71.232,22.2767],[71.2507,22.2776],[71.2771,22.2719],[71.2824,22.2689],[71.2813,22.265],[71.2926,22.2527],[71.3019,22.2523],[71.3042,22.2529],[71.301,22.263],[71.3061,22.2645],[71.3028,22.2705],[71.3067,22.2811],[71.322,22.2772],[71.3316,22.2659],[71.3419,22.2593],[71.3523,22.264],[71.3571,22.2688],[71.3629,22.2946],[71.3709,22.2916],[71.3652,22.2815],[71.3702,22.2783],[71.3701,22.2744],[71.3787,22.2731],[71.3807,22.2769],[71.3843,22.2772],[71.3877,22.2754],[71.3859,22.2501],[71.391,22.2481],[71.3869,22.2342],[71.386,22.2251],[71.3889,22.2226],[71.4002,22.2238],[71.4209,22.2325],[71.4284,22.2487],[71.4295,22.2559],[71.4334,22.261],[71.4453,22.2499],[71.4484,22.2556],[71.4546,22.2551],[71.4557,22.2536],[71.4555,22.249],[71.4587,22.2463],[71.4546,22.234],[71.4576,22.2304],[71.4282,22.2197],[71.4301,22.2106],[71.4271,22.2085],[71.4284,22.2051],[71.4413,22.2105],[71.4445,22.2025],[71.4662,22.1932],[71.4688,22.1852],[71.4766,22.1868],[71.4788,22.1843],[71.4783,22.1708],[71.4697,22.1434],[71.4697,22.137],[71.4858,22.1319],[71.5004,22.111],[71.4948,22.0988],[71.4956,22.0739],[71.4905,22.0744],[71.4903,22.0697],[71.4923,22.0658],[71.4996,22.0656],[71.5051,22.0615],[71.5057,22.0552],[71.5043,22.0531],[71.4948,22.0499],[71.4833,22.0525],[71.483,22.0449],[71.4798,22.0424],[71.4717,22.0394],[71.4703,22.0364],[71.4542,22.0303],[71.4533,22.018],[71.4595,22.0063],[71.4492,21.9958],[71.4382,21.9976],[71.4249,21.9916],[71.4214,21.9875],[71.3922,21.9781],[71.3891,21.9814],[71.3797,21.9852],[71.3673,21.9822],[71.3498,21.9824],[71.3442,21.9848],[71.3382,22.0001],[71.3287,22.0061],[71.3304,22.0105],[71.328,22.0185],[71.329,22.0256],[71.3201,22.0338],[71.3071,22.042],[71.2996,22.042],[71.2994,22.0367],[71.2952,22.0323],[71.2847,22.0258],[71.2809,22.0186],[71.2744,22.0167],[71.2752,22.0125],[71.2724,22.0101],[71.2745,22.0068],[71.2842,22.0001],[71.2949,21.9792],[71.2968,21.9741],[71.2913,21.9709],[71.2908,21.9657],[71.2934,21.96],[71.2645,21.957],[71.2571,21.96],[71.2596,21.9641],[71.2518,21.9728],[71.2531,21.9828],[71.2584,22.0001],[71.2476,22.0093],[71.2445,22.01],[71.2369,22.0069],[71.2198,22.006],[71.199,22.0077],[71.1947,22.0102],[71.1843,22.0097],[71.1866,22.0041],[71.1987,22.0],[71.2008,21.9737],[71.1973,21.9683],[71.1854,21.9629],[71.1773,21.9571],[71.1678,21.9593],[71.1628,21.9573],[71.151,21.9509],[71.1474,21.9441],[71.138,21.9474],[71.1289,21.9434],[71.1232,21.9374],[71.1189,21.9293],[71.1185,21.9227],[71.1153,21.919],[71.1013,21.9145],[71.0704,21.9098],[71.0639,21.907],[71.0587,21.9033],[71.0576,21.8984],[71.0606,21.888],[71.0588,21.8812],[71.0531,21.877],[71.0461,21.8745],[71.0384,21.8744],[71.031,21.8717],[71.0345,21.8647],[71.0513,21.8515],[71.059,21.8488],[71.0809,21.8625],[71.094,21.8685],[71.1036,21.8697],[71.1089,21.8532],[71.1039,21.8432],[71.0916,21.8386],[71.089,21.8286],[71.0833,21.8228],[71.0742,21.8259],[71.047,21.8231],[71.0424,21.8093],[71.0423,21.8035],[71.0514,21.7875],[71.0424,21.7683],[71.0468,21.756],[71.0367,21.7479],[71.0278,21.7378],[71.022,21.7358],[71.0154,21.7363],[71.0,21.7318],[70.9945,21.7324],[70.9916,21.7313],[70.9882,21.7263],[70.984,21.7255],[70.9771,21.7298],[70.9726,21.7345],[70.9646,21.75],[70.9554,21.7446],[70.9348,21.7452],[70.9299,21.7489],[70.9259,21.7553],[70.9188,21.7624],[70.9097,21.7665],[70.8996,21.7664],[70.8939,21.7637],[70.8938,21.7564],[70.8876,21.7445],[70.8889,21.7388],[70.8852,21.7346],[70.8783,21.7352],[70.8742,21.7389],[70.8693,21.7402],[70.8543,21.7368],[70.8257,21.7432],[70.8145,21.7415],[70.8214,21.7322],[70.8129,21.7326],[70.8022,21.738],[70.7951,21.7375],[70.7863,21.7342],[70.7798,21.7307],[70.7787,21.7284],[70.7844,21.7202],[70.7691,21.7087],[70.7786,21.6999],[70.788,21.7079],[70.7936,21.708],[70.7948,21.7113],[70.8011,21.7127],[70.8073,21.7105],[70.8081,21.7082],[70.8002,21.7043],[70.7981,21.6987],[70.7947,21.6753],[70.7956,21.6684],[70.7932,21.6652],[70.7814,21.6644],[70.7769,21.6617],[70.7734,21.6699],[70.7702,21.671],[70.7655,21.67],[70.7617,21.6746],[70.7528,21.6724],[70.7371,21.6646],[70.7395,21.6443],[70.7318,21.6408],[70.7289,21.6367],[70.7259,21.6305],[70.7239,21.6157],[70.7206,21.6106],[70.7015,21.6055],[70.6942,21.6062],[70.6837,21.6248],[70.6826,21.634],[70.6758,21.6402],[70.6716,21.6429],[70.6636,21.6414],[70.6536,21.6486],[70.6411,21.6506],[70.6357,21.6363],[70.6332,21.6336],[70.6295,21.6357],[70.6241,21.6298],[70.6111,21.6246],[70.6088,21.6211],[70.5972,21.6281],[70.5782,21.6303],[70.5699,21.6289],[70.5657,21.6195],[70.5623,21.6198],[70.5537,21.6269],[70.5439,21.6443],[70.5518,21.6475],[70.5533,21.6512],[70.551,21.6664],[70.5453,21.674],[70.5361,21.6736],[70.5062,21.6645],[70.5059,21.6588],[70.5024,21.6541],[70.4913,21.6477],[70.48,21.6535],[70.4735,21.6533],[70.4577,21.6485],[70.4547,21.6526],[70.4498,21.6704],[70.4446,21.6736],[70.4405,21.669],[70.4368,21.6585],[70.4323,21.6569],[70.4227,21.657],[70.4177,21.6536],[70.3913,21.648],[70.386,21.6382],[70.382,21.6367],[70.3672,21.6369],[70.3707,21.615],[70.3698,21.6028],[70.3662,21.5978],[70.3281,21.5893],[70.307,21.5885],[70.3015,21.5871],[70.2915,21.5663],[70.2941,21.5461],[70.2786,21.5402],[70.2672,21.5276],[70.2586,21.5261],[70.2543,21.5341],[70.2515,21.5493],[70.245,21.5657],[70.2467,21.5678],[70.2671,21.5731],[70.2689,21.5769],[70.2621,21.613],[70.2543,21.6109],[70.2445,21.6131],[70.2287,21.6357],[70.2268,21.6363],[70.2174,21.6356],[70.2046,21.6315],[70.1626,21.6118],[70.1502,21.6092],[70.1388,21.612],[70.1271,21.6373],[70.1289,21.6431],[70.1402,21.6426],[70.1504,21.6474],[70.1445,21.6812],[70.1408,21.6853],[70.1288,21.6926],[70.1192,21.7054],[70.0893,21.7031],[70.0832,21.7339],[70.0812,21.7345],[70.0751,21.7324],[70.0731,21.734],[70.0667,21.7509],[70.0557,21.7575],[70.0492,21.7728],[70.0347,21.7841],[70.0301,21.7912],[70.058,21.7993],[70.0898,21.8],[70.0923,21.8023],[70.0812,21.8182],[70.0831,21.8195],[70.0934,21.8191],[70.0976,21.8206],[70.101,21.8176],[70.1035,21.8181],[70.1092,21.8238],[70.1079,21.8269],[70.1031,21.8296],[70.092,21.8302],[70.091,21.8354],[70.0974,21.8476],[70.11,21.8515],[70.117,21.8597],[70.1273,21.865],[70.1223,21.8722],[70.1246,21.877],[70.1349,21.8824],[70.1394,21.8938],[70.1403,21.9081],[70.1426,21.91],[70.1402,21.9168],[70.1412,21.9265],[70.1446,21.9408],[70.1668,21.9363],[70.1738,21.9233],[70.1779,21.8943],[70.1951,21.893],[70.2058,21.8995],[70.2153,21.9076],[70.2172,21.927],[70.2165,21.9352],[70.2124,21.9487],[70.2061,21.9588],[70.2064,21.9617],[70.2157,21.9649],[70.2303,21.965],[70.2382,21.9625],[70.248,21.9651],[70.2516,21.9676],[70.2551,21.9844],[70.2588,21.9941],[70.2641,22.0023],[70.2689,22.0024],[70.2773,21.9969],[70.2872,22.0043],[70.2914,22.0034],[70.2968,21.995],[70.3023,21.9937],[70.304,21.997],[70.3032,22.0006],[70.2962,22.0093],[70.2984,22.0125],[70.3184,22.0128],[70.3263,22.0175],[70.3273,22.0258],[70.3257,22.042],[70.3288,22.0486],[70.3463,22.0515],[70.3626,22.0458],[70.3733,22.0463],[70.3841,22.0405],[70.3969,22.0389],[70.3999,22.0352],[70.4061,22.0341],[70.4127,22.0354],[70.4167,22.0337],[70.4133,22.0297],[70.4149,22.0286],[70.4368,22.0316],[70.4527,22.0371],[70.455,22.0431],[70.4537,22.0506],[70.4566,22.0523],[70.4704,22.0543],[70.4949,22.0545],[70.5062,22.0506],[70.5214,22.0479],[70.5269,22.0453],[70.5296,22.0408],[70.5245,22.0373],[70.5182,22.0186],[70.5085,22.0192],[70.5004,22.0171],[70.4974,22.0126],[70.4969,22.0049],[70.4993,21.9974],[70.5028,21.9958],[70.5069,21.9993],[70.5124,21.9992],[70.5176,22.0029],[70.5353,22.0056],[70.5434,22.0097],[70.5679,22.0292],[70.568,22.0358],[70.5578,22.0443],[70.5476,22.048],[70.5471,22.0614],[70.5599,22.0742],[70.5589,22.0807],[70.5497,22.0807],[70.5562,22.0952],[70.5612,22.0985],[70.5754,22.1009],[70.5793,22.0988],[70.5832,22.1037],[70.5865,22.1127],[70.586,22.1174],[70.575,22.1167],[70.5702,22.1186],[70.5637,22.1285],[70.5652,22.132],[70.5614,22.1433],[70.5696,22.1622],[70.5812,22.1652],[70.5847,22.1678],[70.5811,22.1743],[70.5804,22.1834],[70.5841,22.1866],[70.6003,22.1916],[70.6107,22.1902],[70.6117,22.1939],[70.5982,22.2007],[70.5918,22.2064],[70.5873,22.2065],[70.5843,22.2095],[70.5749,22.2382],[70.565,22.2335],[70.5464,22.23],[70.5337,22.249],[70.5216,22.2454],[70.5192,22.2474],[70.5042,22.2785],[70.4976,22.2866],[70.492,22.2967],[70.4744,22.3071],[70.4706,22.3118],[70.469,22.3224],[70.4727,22.3261],[70.4897,22.327],[70.4973,22.3218],[70.5151,22.3289],[70.5165,22.3341],[70.5278,22.3403],[70.5169,22.359],[70.5129,22.358],[70.51,22.3625],[70.5065,22.3613],[70.4849,22.3656],[70.474,22.3757],[70.4738,22.3807],[70.479,22.3838],[70.4864,22.3938],[70.4905,22.4097],[70.5029,22.4115],[70.5063,22.4141],[70.5036,22.4267],[70.4877,22.4264],[70.4764,22.4236],[70.4712,22.4249],[70.4601,22.418],[70.4455,22.4283],[70.4456,22.4326],[70.4584,22.4374],[70.4598,22.4392],[70.453,22.4485],[70.4588,22.4501],[70.463,22.4646],[70.4659,22.4673],[70.469,22.4671],[70.4797,22.4527],[70.4863,22.45],[70.4955,22.4505],[70.4994,22.4532],[70.4973,22.4634],[70.5036,22.4656],[70.5031,22.4699],[70.4969,22.4696],[70.4955,22.4745],[70.497,22.4851],[70.5015,22.4887],[70.5075,22.4808],[70.5141,22.4647],[70.5278,22.4634],[70.5344,22.457],[70.55,22.4616],[70.5501,22.4658],[70.5411,22.4774],[70.5617,22.4846],[70.5858,22.486],[70.5753,22.5098],[70.5349,22.4951],[70.5318,22.4974],[70.5263,22.5121],[70.5326,22.5161],[70.5367,22.5289],[70.5447,22.5313],[70.5627,22.53],[70.5703,22.5199],[70.6015,22.5296],[70.6013,22.5324],[70.5956,22.5333],[70.5795,22.5488],[70.5733,22.5523],[70.57,22.5519],[70.5658,22.5441],[70.5575,22.54],[70.5527,22.5467],[70.5474,22.5591],[70.5473,22.5637],[70.5717,22.6165],[70.574,22.6313],[70.6016,22.6375],[70.6063,22.6401],[70.6129,22.6481],[70.6147,22.653],[70.6114,22.6856],[70.6127,22.6914],[70.6144,22.693],[70.6317,22.6967],[70.633,22.7016],[70.6347,22.7027],[70.6427,22.7014],[70.644,22.7045],[70.6385,22.7166],[70.6376,22.7252],[70.6308,22.7206],[70.6235,22.7271],[70.6197,22.7376],[70.6148,22.7646],[70.6251,22.7772],[70.6351,22.7779],[70.648,22.7867],[70.651,22.7943],[70.6505,22.8053],[70.6477,22.814],[70.6423,22.8226],[70.662,22.8313],[70.6566,22.8411],[70.6476,22.8515],[70.6458,22.8592],[70.639,22.8648],[70.6302,22.8691],[70.6228,22.8774],[70.615,22.877],[70.6045,22.8804],[70.6006,22.8889],[70.5971,22.8899],[70.595,22.8931],[70.5914,22.902],[70.5811,22.9097],[70.5794,22.9151],[70.5673,22.9135],[70.5511,22.9281],[70.5477,22.928],[70.5445,22.9216],[70.5363,22.9235],[70.5188,22.9319],[70.5104,22.9339],[70.4873,22.9328],[70.4698,22.9398],[70.4525,22.9495],[70.4365,22.9643],[70.4385,22.9674],[70.452,22.9652],[70.464,22.9668],[70.4763,22.9732],[70.4909,22.9651],[70.5046,22.962],[70.5184,22.9616],[70.5284,22.9638],[70.5407,22.9593],[70.5489,23.0009],[70.554,23.0182],[70.5635,23.0312],[70.5711,23.0345],[70.588,23.0311],[70.6006,23.0352],[70.5953,23.0482],[70.5947,23.0562],[70.5989,23.06],[70.6075,23.0621],[70.6205,23.0601],[70.6258,23.0612],[70.6334,23.0761],[70.6702,23.1038],[70.7,23.1225],[70.7399,23.1424],[70.7467,23.1448],[70.7512,23.1439],[70.7536,23.1401],[70.756,23.1395],[70.7641,23.1479],[70.7638,23.1519],[70.7587,23.1606],[70.7644,23.1665],[70.7715,23.1675],[70.7706,23.1652],[70.7742,23.1623]],[[70.7637,21.7829],[70.7587,21.7673],[70.7636,21.7515],[70.7689,21.75],[70.7885,21.7583],[70.7927,21.7676],[70.8009,21.775],[70.7868,21.7816],[70.7873,21.7852],[70.781,21.792],[70.7766,21.802],[70.7717,21.8006],[70.7665,21.795],[70.7637,21.7829]],[[70.5147,22.3865],[70.5272,22.386],[70.5288,22.3955],[70.5308,22.3992],[70.5351,22.402],[70.5322,22.4154],[70.5298,22.4174],[70.5219,22.4177],[70.5212,22.4125],[70.5135,22.4089],[70.5132,22.4058],[70.5162,22.4032],[70.5158,22.4004],[70.504,22.3913],[70.5147,22.3865]],[[70.5224,22.4565],[70.5196,22.4594],[70.5134,22.4586],[70.5106,22.4562],[70.5293,22.4337],[70.5379,22.4361],[70.5224,22.4565]]]}},{"type":"Feature","properties":{"district":"Sabar Kantha","state":"Gujarat","censuscode":472},"geometry":{"type":"Polygon","coordinates":[[[73.3664,23.8136],[73.357,23.7908],[73.3586,23.7866],[73.3636,23.7828],[73.3673,23.7771],[73.3718,23.7658],[73.3858,23.7684],[73.3899,23.7776],[73.396,23.7831],[73.4047,23.7827],[73.4166,23.7784],[73.4237,23.7655],[73.4283,23.7611],[73.4469,23.7516],[73.451,23.7387],[73.469,23.7248],[73.4728,23.72],[73.4754,23.7079],[73.4818,23.704],[73.4981,23.7056],[73.5047,23.7023],[73.5066,23.6959],[73.5071,23.6723],[73.5033,23.6567],[73.4966,23.6497],[73.5077,23.644],[73.5046,23.6383],[73.4974,23.6344],[73.4972,23.6328],[73.5096,23.6157],[73.5228,23.6095],[73.5284,23.6124],[73.5492,23.6302],[73.5671,23.6523],[73.5736,23.6542],[73.605,23.6531],[73.6154,23.6501],[73.6387,23.63],[73.6572,23.6215],[73.6465,23.6064],[73.6445,23.5973],[73.6476,23.5795],[73.6462,23.574],[73.6393,23.5683],[73.6346,23.5612],[73.6335,23.5467],[73.6333,23.5298],[73.6485,23.5201],[73.6537,23.5148],[73.6547,23.5028],[73.6412,23.4974],[73.6401,23.4955],[73.6369,23.4717],[73.6255,23.4398],[73.6261,23.4332],[73.6338,23.4237],[73.621,23.3985],[73.6146,23.3903],[73.5965,23.3823],[73.5952,23.378],[73.5822,23.3609],[73.5667,23.3472],[73.5667,23.34],[73.5584,23.3216],[73.5555,23.3175],[73.5428,23.3089],[73.5322,23.2921],[73.5262,23.2855],[73.496,23.2781],[73.4759,23.271],[73.4763,23.2864],[73.4693,23.288],[73.453,23.2827],[73.4235,23.2684],[73.3837,23.2445],[73.3753,23.2372],[73.3859,23.2243],[73.3834,23.2204],[73.3565,23.2106],[73.3437,23.2008],[73.3463,23.196],[73.3446,23.189],[73.3498,23.1826],[73.3764,23.1727],[73.3713,23.1683],[73.37,23.1635],[73.3703,23.1521],[73.3738,23.1384],[73.368,23.134],[73.3608,23.1366],[73.3486,23.1352],[73.3409,23.1289],[73.3404,23.1181],[73.3431,23.0989],[73.337,23.1006],[73.3321,23.1001],[73.3315,23.0948],[73.3277,23.0895],[73.3291,23.0824],[73.3048,23.0846],[73.2963,23.0815],[73.2906,23.0757],[73.2824,23.062],[73.2738,23.0588],[73.2731,23.0602],[73.2558,23.0657],[73.2461,23.0712],[73.2402,23.0863],[73.2288,23.1013],[73.225,23.1056],[73.2179,23.1061],[73.2131,23.1098],[73.2059,23.1267],[73.2061,23.1446],[73.2034,23.1475],[73.1977,23.1472],[73.1926,23.1493],[73.1836,23.1434],[73.1738,23.1419],[73.17,23.145],[73.1588,23.159],[73.1522,23.1716],[73.1571,23.1742],[73.1574,23.1894],[73.1374,23.2052],[73.1268,23.2008],[73.1243,23.1914],[73.1191,23.1857],[73.0975,23.1736],[73.0967,23.1697],[73.0793,23.1693],[73.0731,23.1658],[73.0687,23.1611],[73.0474,23.1661],[73.0403,23.1624],[73.0373,23.1626],[73.0224,23.1714],[73.0193,23.1611],[72.9844,23.16],[72.9733,23.1628],[72.9734,23.1668],[72.9793,23.1712],[72.9867,23.1735],[72.986,23.176],[72.9781,23.1789],[72.9851,23.201],[72.9827,23.2053],[72.9825,23.2146],[72.9888,23.2304],[72.9892,23.2423],[72.9923,23.2505],[73.0,23.2624],[73.0145,23.2777],[73.0184,23.2787],[73.0,23.2966],[72.9903,23.2826],[72.9869,23.2807],[72.9728,23.2797],[72.9782,23.2611],[72.9714,23.2623],[72.9688,23.2561],[72.9615,23.2575],[72.9621,23.2474],[72.9586,23.2434],[72.9495,23.2494],[72.9453,23.2408],[72.9417,23.2389],[72.9349,23.2421],[72.9278,23.2551],[72.9207,23.2641],[72.9212,23.2818],[72.9198,23.2866],[72.9128,23.2869],[72.8994,23.2801],[72.893,23.2812],[72.8873,23.2853],[72.8841,23.2906],[72.8845,23.2919],[72.9114,23.2952],[72.913,23.304],[72.9124,23.3189],[72.9072,23.3215],[72.8917,23.3201],[72.8868,23.3174],[72.8828,23.3117],[72.8613,23.3125],[72.8538,23.3153],[72.8383,23.3256],[72.8325,23.3272],[72.8272,23.326],[72.8115,23.3162],[72.803,23.3172],[72.7984,23.3241],[72.799,23.3279],[72.8053,23.3327],[72.8079,23.3395],[72.8072,23.3514],[72.7633,23.3528],[72.7646,23.364],[72.7515,23.3699],[72.7494,23.3723],[72.7516,23.3761],[72.7522,23.3818],[72.748,23.3885],[72.7423,23.3907],[72.7263,23.3861],[72.7261,23.3919],[72.732,23.398],[72.7415,23.4021],[72.7615,23.4058],[72.768,23.408],[72.7734,23.4124],[72.7796,23.4117],[72.7956,23.4028],[72.802,23.4026],[72.8037,23.405],[72.803,23.4094],[72.7981,23.4144],[72.7962,23.4229],[72.8069,23.4363],[72.8182,23.4612],[72.8154,23.4784],[72.7991,23.4951],[72.8017,23.5022],[72.8076,23.503],[72.8188,23.4977],[72.826,23.4967],[72.8265,23.5023],[72.8212,23.5134],[72.8276,23.5242],[72.8301,23.5403],[72.8113,23.5556],[72.8067,23.5613],[72.8057,23.5763],[72.8073,23.5825],[72.8131,23.5874],[72.8363,23.5974],[72.8407,23.6025],[72.8406,23.6058],[72.8363,23.6136],[72.8227,23.6261],[72.8176,23.6336],[72.8181,23.6428],[72.8296,23.6548],[72.8325,23.6611],[72.8326,23.6749],[72.8287,23.6859],[72.8186,23.698],[72.812,23.7136],[72.8029,23.7271],[72.7976,23.7397],[72.7951,23.7542],[72.795,23.762],[72.7994,23.7753],[72.8085,23.7927],[72.809,23.8002],[72.8045,23.8073],[72.7897,23.8179],[72.7877,23.8243],[72.7881,23.8331],[72.7923,23.8514],[72.8001,23.869],[72.8022,23.8794],[72.8005,23.9077],[72.8021,23.9126],[72.8068,23.9172],[72.8223,23.9229],[72.8275,23.9267],[72.8269,23.9322],[72.8158,23.9448],[72.8225,23.9547],[72.8302,23.9599],[72.842,23.9642],[72.8485,23.9706],[72.8538,23.986],[72.8525,23.9979],[72.8548,24.0091],[72.8667,24.0184],[72.8999,24.0204],[72.9033,24.0222],[72.9173,24.0371],[72.9252,24.0547],[72.93,24.0613],[72.9343,24.0843],[72.9375,24.0893],[72.9484,24.0976],[72.9466,24.1148],[72.9483,24.1277],[72.9535,24.1304],[72.9565,24.1345],[72.9562,24.1412],[72.9617,24.1501],[72.9804,24.1655],[73.0043,24.2257],[73.0097,24.2278],[73.018,24.2368],[73.0281,24.2675],[73.0299,24.2806],[73.0291,24.2843],[73.0157,24.2823],[73.0015,24.2909],[72.9686,24.3032],[72.9654,24.3077],[72.9644,24.3451],[72.9612,24.3512],[72.9733,24.3589],[72.9873,24.364],[72.9879,24.3683],[72.9834,24.3752],[72.9772,24.3801],[72.9705,24.3835],[72.9591,24.3839],[72.9601,24.3923],[72.9684,24.402],[72.9753,24.4057],[72.9866,24.421],[72.9853,24.4328],[72.9793,24.4404],[72.977,24.4511],[72.9852,24.4571],[72.9965,24.4707],[73.009,24.4824],[73.018,24.4651],[73.0294,24.4637],[73.0473,24.4652],[73.0536,24.4725],[73.0635,24.4745],[73.0664,24.4808],[73.0712,24.4826],[73.0802,24.4901],[73.0908,24.4946],[73.0953,24.4913],[73.0949,24.4724],[73.1036,24.4566],[73.103,24.4452],[73.1052,24.4322],[73.1047,24.4261],[73.1026,24.4201],[73.093,24.417],[73.0893,24.413],[73.0849,24.3999],[73.0807,24.3975],[73.0812,24.3943],[73.0945,24.3853],[73.1075,24.3866],[73.1149,24.3755],[73.1237,24.3686],[73.1336,24.3642],[73.1417,24.3628],[73.1584,24.3524],[73.1663,24.3503],[73.1766,24.3503],[73.1868,24.3554],[73.2075,24.375],[73.2281,24.3642],[73.2222,24.356],[73.213,24.35],[73.2075,24.3338],[73.1978,24.3337],[73.1944,24.3394],[73.1894,24.3432],[73.1834,24.3346],[73.1811,24.3087],[73.1769,24.3011],[73.1696,24.3007],[73.1475,24.3105],[73.1412,24.3076],[73.1351,24.2798],[73.1121,24.2623],[73.1059,24.2538],[73.1018,24.2441],[73.0969,24.2375],[73.0979,24.2346],[73.1072,24.2309],[73.0972,24.223],[73.0876,24.2207],[73.0831,24.2006],[73.0778,24.1965],[73.0772,24.1917],[73.0785,24.1848],[73.0868,24.1751],[73.1089,24.1575],[73.1124,24.1526],[73.11,24.1383],[73.1193,24.14],[73.1431,24.1222],[73.1571,24.1197],[73.1635,24.1159],[73.1677,24.1109],[73.1899,24.1047],[73.1936,24.1103],[73.196,24.1079],[73.2199,24.0977],[73.2051,24.0662],[73.197,24.0569],[73.1949,24.051],[73.1966,24.0448],[73.2041,24.039],[73.2253,24.0276],[73.2254,24.0235],[73.2363,24.0178],[73.2386,24.0123],[73.2418,24.0102],[73.2485,24.0106],[73.2524,24.0126],[73.2714,24.0274],[73.2789,24.0282],[73.2872,24.0268],[73.3031,24.0508],[73.3147,24.0561],[73.3229,24.0618],[73.3288,24.0729],[73.3309,24.0818],[73.3283,24.1033],[73.3316,24.1144],[73.3392,24.1151],[73.3573,24.1133],[73.37,24.1273],[73.3661,24.1117],[73.3661,24.0872],[73.3712,24.0863],[73.3931,24.0717],[73.4007,24.0643],[73.4103,24.0502],[73.4079,24.0243],[73.4057,24.015],[73.4071,23.9974],[73.4015,23.9897],[73.4104,23.9875],[73.416,23.9818],[73.4179,23.9738],[73.4155,23.9529],[73.4167,23.9356],[73.421,23.9301],[73.4164,23.9225],[73.404,23.9152],[73.3985,23.9173],[73.3924,23.9159],[73.3827,23.9049],[73.3785,23.8942],[73.3731,23.888],[73.3674,23.875],[73.3581,23.8611],[73.3559,23.8538],[73.368,23.8313],[73.3687,23.8211],[73.3664,23.8136]]]}},{"type":"Feature","properties":{"district":"Surat","state":"Gujarat","censuscode":492},"geometry":{"type":"MultiPolygon","coordinates":[[[[73.0801,21.5032],[73.0857,21.5015],[73.1042,21.5049],[73.1031,21.4958],[73.1163,21.4962],[73.121,21.4819],[73.1451,21.4958],[73.1745,21.493],[73.1843,21.5018],[73.1956,21.504],[73.2049,21.5018],[73.2142,21.502],[73.2279,21.4932],[73.2416,21.491],[73.2552,21.493],[73.2638,21.5005],[73.2744,21.5055],[73.2864,21.5032],[73.3069,21.5044],[73.312,21.4944],[73.3185,21.4878],[73.3244,21.4851],[73.3375,21.4965],[73.3464,21.5067],[73.3477,21.5103],[73.3582,21.5096],[73.3885,21.5128],[73.4013,21.5067],[73.4205,21.5127],[73.4247,21.5198],[73.4292,21.5214],[73.4529,21.5225],[73.4638,21.5174],[73.4714,21.5077],[73.4912,21.5118],[73.4795,21.493],[73.4875,21.4912],[73.4939,21.4862],[73.5083,21.4857],[73.5384,21.4752],[73.547,21.4771],[73.5561,21.4712],[73.5957,21.4827],[73.6007,21.4827],[73.6058,21.4758],[73.6158,21.4708],[73.6547,21.4779],[73.6604,21.4766],[73.6671,21.4705],[73.6765,21.4726],[73.6793,21.4704],[73.6902,21.4487],[73.6916,21.4433],[73.691,21.436],[73.6964,21.4253],[73.693,21.4166],[73.6963,21.3975],[73.7004,21.3948],[73.6968,21.3947],[73.6935,21.3917],[73.6859,21.3896],[73.684,21.3869],[73.6731,21.3816],[73.6611,21.3784],[73.6328,21.3778],[73.618,21.3751],[73.6111,21.3728],[73.6105,21.368],[73.6076,21.3653],[73.6023,21.3642],[73.5967,21.3659],[73.5901,21.3629],[73.5836,21.3643],[73.5662,21.3601],[73.5588,21.3629],[73.5466,21.3604],[73.5374,21.3656],[73.5282,21.3579],[73.5274,21.3533],[73.5291,21.3506],[73.5275,21.3467],[73.5133,21.354],[73.51,21.3758],[73.4963,21.3753],[73.4811,21.3794],[73.4558,21.3803],[73.4369,21.3403],[73.4376,21.3307],[73.4418,21.3255],[73.4363,21.3179],[73.4443,21.3051],[73.4487,21.2942],[73.4478,21.2778],[73.4427,21.2678],[73.4186,21.2775],[73.4148,21.2716],[73.4026,21.2728],[73.387,21.2674],[73.3673,21.2643],[73.37,21.2535],[73.377,21.241],[73.3764,21.2338],[73.3728,21.2249],[73.3628,21.2168],[73.3509,21.2147],[73.3475,21.2148],[73.3429,21.2193],[73.3391,21.2192],[73.3348,21.217],[73.3338,21.2136],[73.3252,21.2084],[73.3163,21.206],[73.3074,21.1991],[73.2948,21.1931],[73.2843,21.1927],[73.2894,21.1731],[73.2888,21.1669],[73.286,21.1611],[73.286,21.1538],[73.2749,21.1471],[73.2723,21.1415],[73.2743,21.1341],[73.2629,21.1315],[73.2564,21.1217],[73.249,21.1275],[73.2365,21.1281],[73.2389,21.1225],[73.2473,21.1127],[73.2543,21.0924],[73.2495,21.0904],[73.2502,21.0877],[73.2417,21.0869],[73.2275,21.0914],[73.2244,21.0787],[73.2189,21.0794],[73.1981,21.0736],[73.2011,21.0663],[73.1996,21.0564],[73.2056,21.052],[73.21,21.0511],[73.2085,21.0337],[73.2046,21.0262],[73.2072,21.0125],[73.2274,21.0088],[73.2367,20.993],[73.2407,20.9896],[73.2411,20.9857],[73.2328,20.979],[73.2264,20.9765],[73.2211,20.9681],[73.2131,20.9622],[73.2117,20.9587],[73.2127,20.9548],[73.2279,20.9503],[73.2371,20.9507],[73.2414,20.9485],[73.2518,20.9476],[73.2571,20.9445],[73.2579,20.925],[73.2602,20.9214],[73.2647,20.9207],[73.28,20.927],[73.2905,20.9294],[73.2956,20.9177],[73.3091,20.9128],[73.3105,20.9077],[73.3137,20.9048],[73.3181,20.9044],[73.3202,20.8989],[73.3215,20.884],[73.32,20.8789],[73.3153,20.8832],[73.3116,20.8815],[73.3095,20.878],[73.3049,20.8588],[73.305,20.8496],[73.3113,20.847],[73.3117,20.8431],[73.3103,20.8402],[73.3054,20.839],[73.3069,20.831],[73.3031,20.8259],[73.3028,20.8211],[73.3046,20.8191],[73.3027,20.8168],[73.2963,20.8145],[73.2909,20.8149],[73.2883,20.8189],[73.2793,20.8151],[73.2762,20.8179],[73.2721,20.8188],[73.2576,20.8174],[73.255,20.8229],[73.2491,20.8234],[73.2474,20.8333],[73.2495,20.8484],[73.2225,20.8542],[73.2089,20.8605],[73.2019,20.8588],[73.198,20.86],[73.1976,20.8654],[73.191,20.8708],[73.1853,20.8842],[73.1675,20.8999],[73.1581,20.8996],[73.145,20.9018],[73.1358,20.8985],[73.1256,20.8971],[73.1266,20.9205],[73.1004,20.9295],[73.094,20.9363],[73.0918,20.9415],[73.0918,20.9481],[73.0854,20.9668],[73.072,20.9713],[73.0615,20.9811],[73.057,20.99],[73.0514,20.9932],[73.0429,21.0054],[73.0363,21.002],[73.0289,21.0077],[73.0231,21.0183],[73.0201,21.0192],[73.0169,21.0172],[73.0131,21.0177],[73.0072,21.0224],[73.0064,21.0299],[73.014,21.0338],[73.0143,21.0434],[73.0183,21.0518],[73.0181,21.0585],[73.0096,21.0668],[72.9998,21.0667],[72.993,21.0698],[72.9939,21.0635],[72.9975,21.0567],[72.9962,21.0543],[72.9808,21.0599],[72.9758,21.0603],[72.971,21.0573],[72.9651,21.0567],[72.9698,21.0649],[72.9675,21.0696],[72.9644,21.0697],[72.962,21.0638],[72.9507,21.0644],[72.9384,21.0552],[72.925,21.0515],[72.9288,21.0464],[72.9264,21.0429],[72.9188,21.0425],[72.9076,21.0435],[72.9027,21.0466],[72.8967,21.0539],[72.8936,21.0616],[72.8893,21.0492],[72.8871,21.0484],[72.8816,21.0556],[72.8732,21.0556],[72.8653,21.0462],[72.8611,21.0381],[72.8592,21.0378],[72.8559,21.0406],[72.8497,21.0359],[72.8445,21.0356],[72.8397,21.0358],[72.8359,21.0381],[72.837,21.0421],[72.8446,21.0445],[72.8449,21.048],[72.8315,21.0531],[72.8273,21.0577],[72.8161,21.0535],[72.8098,21.0643],[72.8003,21.0748],[72.7756,21.0627],[72.7578,21.0612],[72.7312,21.0687],[72.715,21.0693],[72.7089,21.0678],[72.6977,21.0614],[72.6939,21.0656],[72.7063,21.0775],[72.7038,21.0777],[72.7038,21.0879],[72.7001,21.101],[72.7054,21.1074],[72.7065,21.1274],[72.7146,21.1399],[72.7204,21.1404],[72.7207,21.1432],[72.7065,21.1468],[72.6935,21.1549],[72.6813,21.1585],[72.6768,21.1571],[72.6712,21.1576],[72.6671,21.1554],[72.6618,21.1476],[72.6599,21.1388],[72.6612,21.1254],[72.6585,21.1246],[72.6579,21.1201],[72.6607,21.1079],[72.6593,21.1021],[72.6565,21.0993],[72.659,21.0879],[72.6546,21.0854],[72.6518,21.0771],[72.6446,21.081],[72.6326,21.0812],[72.634,21.0826],[72.6246,21.0918],[72.6265,21.0946],[72.6251,21.0976],[72.6268,21.1024],[72.626,21.1063],[72.6232,21.1074],[72.6229,21.1132],[72.6263,21.1157],[72.6274,21.1199],[72.6235,21.1199],[72.6246,21.1229],[72.6232,21.1246],[72.626,21.1279],[72.6226,21.1346],[72.6251,21.1396],[72.6212,21.1418],[72.6196,21.1479],[72.6218,21.1482],[72.6199,21.1524],[72.6199,21.154],[72.6212,21.154],[72.6207,21.1621],[72.6176,21.1635],[72.6199,21.166],[72.6201,21.1829],[72.6179,21.1879],[72.6196,21.2026],[72.6185,21.206],[72.624,21.2121],[72.6201,21.2129],[72.6207,21.2196],[72.6185,21.2226],[72.6304,21.2243],[72.6393,21.2171],[72.6468,21.2174],[72.6524,21.2201],[72.6532,21.2268],[72.6496,21.2204],[72.6465,21.2196],[72.6368,21.2263],[72.626,21.229],[72.6221,21.2335],[72.6201,21.2313],[72.6165,21.231],[72.6135,21.2288],[72.6096,21.2299],[72.609,21.2343],[72.604,21.2371],[72.6032,21.241],[72.6001,21.244],[72.5993,21.2493],[72.5971,21.2501],[72.5971,21.2629],[72.5987,21.269],[72.5965,21.2718],[72.6049,21.2774],[72.5899,21.2779],[72.5874,21.2757],[72.5893,21.2824],[72.5963,21.2815],[72.5985,21.2799],[72.5949,21.2832],[72.5912,21.2829],[72.5888,21.2846],[72.589,21.2985],[72.5938,21.3062],[72.5932,21.3121],[72.5957,21.316],[72.6038,21.3243],[72.6088,21.3263],[72.6096,21.3321],[72.6226,21.346],[72.6218,21.3468],[72.6246,21.3507],[72.6235,21.3549],[72.6354,21.3624],[72.636,21.3651],[72.6343,21.369],[72.636,21.3715],[72.639,21.3743],[72.6479,21.3724],[72.6482,21.3696],[72.6435,21.3585],[72.6485,21.3654],[72.6496,21.3682],[72.6488,21.3743],[72.6474,21.3757],[72.6424,21.3746],[72.6396,21.376],[72.6354,21.3743],[72.6315,21.3685],[72.6313,21.3651],[72.6232,21.3651],[72.6243,21.3693],[72.6226,21.374],[72.6254,21.3815],[72.6354,21.391],[72.6399,21.3974],[72.644,21.3999],[72.6443,21.4018],[72.6468,21.4024],[72.6474,21.4049],[72.6488,21.4043],[72.651,21.4063],[72.6524,21.4118],[72.6596,21.4185],[72.6649,21.4274],[72.674,21.4299],[72.6801,21.4338],[72.6906,21.4533],[72.6973,21.4599],[72.7042,21.4642],[72.7133,21.467],[72.728,21.466],[72.7388,21.47],[72.7436,21.4684],[72.7543,21.4605],[72.7551,21.4544],[72.7582,21.4501],[72.7671,21.4467],[72.7704,21.4533],[72.7743,21.4562],[72.7811,21.4573],[72.7875,21.4533],[72.7893,21.4442],[72.786,21.4311],[72.7866,21.4234],[72.7934,21.4202],[72.8138,21.4197],[72.8201,21.4209],[72.8249,21.4256],[72.8291,21.437],[72.8374,21.4458],[72.8543,21.4499],[72.8642,21.4449],[72.87,21.4447],[72.8719,21.4522],[72.8767,21.4502],[72.8792,21.4469],[72.8692,21.4351],[72.8723,21.4318],[72.8777,21.4315],[72.8807,21.439],[72.884,21.4403],[72.8919,21.433],[72.8983,21.4296],[72.906,21.4284],[72.9099,21.4297],[72.9133,21.4351],[72.9218,21.4521],[72.9246,21.4649],[72.9471,21.4759],[72.9529,21.4805],[72.9543,21.4838],[72.9454,21.4977],[72.9426,21.5106],[72.9558,21.5157],[72.9846,21.5195],[72.9859,21.5353],[72.9893,21.5368],[72.9967,21.5358],[73.0,21.5334],[73.0102,21.5214],[73.0192,21.5226],[73.0211,21.5171],[73.0196,21.5113],[73.0189,21.4905],[73.025,21.4869],[73.0265,21.4801],[73.0373,21.4818],[73.042,21.4755],[73.0467,21.4763],[73.0535,21.4807],[73.0568,21.4856],[73.0581,21.4946],[73.0562,21.5012],[73.0394,21.5242],[73.039,21.5323],[73.0466,21.5363],[73.0556,21.5647],[73.069,21.5594],[73.0748,21.5536],[73.0802,21.5407],[73.0819,21.5305],[73.0801,21.5032]]],[[[72.6765,21.1557],[72.696,21.1476],[72.7026,21.1465],[72.7038,21.144],[72.7104,21.1407],[72.7101,21.1376],[72.7074,21.134],[72.7043,21.1335],[72.7018,21.1235],[72.6968,21.1187],[72.6988,21.1082],[72.6935,21.101],[72.689,21.0899],[72.6862,21.0907],[72.6857,21.0951],[72.6757,21.1051],[72.6729,21.1226],[72.6651,21.1421],[72.6654,21.1493],[72.6693,21.1535],[72.6765,21.1557]]],[[[72.6004,21.3871],[72.5999,21.3779],[72.5876,21.3674],[72.5918,21.3718],[72.5893,21.3729],[72.5938,21.3807],[72.5982,21.3865],[72.6004,21.3871]]],[[[72.6282,21.4174],[72.6265,21.411],[72.6218,21.4032],[72.6168,21.3993],[72.6149,21.3957],[72.6126,21.3957],[72.6124,21.3979],[72.6171,21.4051],[72.6212,21.4082],[72.6243,21.4132],[72.626,21.4126],[72.6282,21.4174]]],[[[72.6476,21.0762],[72.649,21.0743],[72.6546,21.0737],[72.6579,21.0668],[72.6574,21.0651],[72.6557,21.0654],[72.6562,21.0671],[72.6521,21.0654],[72.6479,21.0679],[72.6454,21.0715],[72.6454,21.0751],[72.6476,21.0762]]],[[[72.6721,21.1151],[72.6729,21.1043],[72.6762,21.0999],[72.6762,21.0971],[72.6743,21.0971],[72.6712,21.1004],[72.6693,21.1049],[72.6699,21.1135],[72.6721,21.1151]]],[[[72.7021,21.1224],[72.7032,21.1146],[72.6996,21.1124],[72.6976,21.1168],[72.7021,21.1224]]],[[[72.6371,21.4168],[72.6354,21.4129],[72.6315,21.4118],[72.6351,21.4176],[72.6371,21.4168]]],[[[72.5832,21.3654],[72.5829,21.3624],[72.5787,21.3601],[72.5796,21.3643],[72.5832,21.3654]]],[[[72.5882,21.3399],[72.5874,21.3363],[72.586,21.3363],[72.5882,21.3399]]],[[[72.6807,21.0965],[72.6801,21.0954],[72.6785,21.0988],[72.6807,21.0965]]]]}},{"type":"Feature","properties":{"district":"Surendranagar","state":"Gujarat","censuscode":475},"geometry":{"type":"Polygon","coordinates":[[[71.9997,23.5037],[71.9974,23.491],[71.9901,23.4825],[71.974,23.4734],[71.9694,23.4669],[71.9677,23.4595],[71.9719,23.4307],[71.9714,23.423],[71.9668,23.4049],[71.9592,23.3934],[71.9534,23.3918],[71.9322,23.3931],[71.9073,23.3854],[71.8998,23.3862],[71.8931,23.3918],[71.8865,23.3912],[71.8787,23.3881],[71.8744,23.3835],[71.8738,23.376],[71.8761,23.3709],[71.8857,23.3607],[71.8867,23.3543],[71.8933,23.344],[71.8955,23.3329],[71.8855,23.3302],[71.8801,23.3156],[71.886,23.3069],[71.8827,23.2979],[71.8792,23.2955],[71.8768,23.2898],[71.8749,23.2786],[71.8824,23.258],[71.8764,23.2464],[71.8747,23.2275],[71.8764,23.2242],[71.8999,23.2255],[71.902,23.2303],[71.9046,23.2544],[71.908,23.265],[71.928,23.2695],[71.9334,23.2671],[71.9394,23.2566],[71.9427,23.2452],[71.9475,23.2421],[71.961,23.2463],[71.9734,23.2544],[71.9905,23.2556],[71.9963,23.2532],[71.999,23.2494],[71.9903,23.2157],[71.973,23.2144],[71.9618,23.2082],[71.9519,23.2076],[71.9375,23.1977],[71.9277,23.1865],[71.9137,23.1837],[71.91,23.1809],[71.91,23.1672],[71.9067,23.1508],[71.9041,23.1459],[71.9036,23.1383],[71.9062,23.1208],[71.9045,23.1152],[71.9008,23.1105],[71.9112,23.0904],[71.9149,23.0793],[71.919,23.0748],[71.9314,23.0671],[71.9447,23.0696],[71.9485,23.0663],[71.9522,23.0548],[71.9491,23.0502],[71.947,23.0424],[71.9496,23.0396],[71.9618,23.0391],[71.9578,23.043],[71.9579,23.0483],[71.9664,23.0575],[71.9813,23.0687],[71.9894,23.0687],[71.9997,23.0659],[72.0128,23.0593],[72.0158,23.0562],[72.0161,23.0343],[72.0139,23.03],[72.018,23.0193],[72.0085,23.0065],[72.0089,22.9991],[72.0111,22.9943],[72.0202,22.9921],[72.0086,22.9708],[71.9981,22.9572],[71.993,22.9547],[71.9894,22.9493],[71.9874,22.9412],[71.9891,22.9334],[72.0028,22.9234],[72.0006,22.9175],[72.0011,22.9056],[71.9981,22.9055],[71.9851,22.8792],[71.9834,22.8697],[71.9834,22.8555],[71.9897,22.8387],[71.9921,22.8346],[71.998,22.8316],[72.0162,22.7935],[72.0238,22.7908],[72.0317,22.8011],[72.031,22.8172],[72.0351,22.8426],[72.0377,22.8327],[72.0384,22.8164],[72.044,22.8106],[72.0409,22.8079],[72.0363,22.794],[72.0375,22.7904],[72.0502,22.7829],[72.046,22.7681],[72.0533,22.7684],[72.0537,22.7585],[72.0597,22.7569],[72.0602,22.7547],[72.0547,22.7513],[72.0569,22.7474],[72.0716,22.7325],[72.0792,22.7291],[72.1025,22.7236],[72.1064,22.7205],[72.0992,22.6917],[72.0898,22.6756],[72.066,22.6763],[72.0563,22.6936],[72.0268,22.6792],[72.0362,22.6704],[72.0561,22.6572],[72.0611,22.6508],[72.062,22.608],[72.0651,22.5939],[72.0705,22.5947],[72.0961,22.6052],[72.1016,22.601],[72.1163,22.5988],[72.1422,22.5871],[72.1581,22.5776],[72.1688,22.5696],[72.186,22.55],[72.1869,22.5417],[72.1631,22.5309],[72.1493,22.5209],[72.1428,22.5142],[72.15,22.5006],[72.1465,22.4955],[72.1545,22.489],[72.1612,22.4795],[72.1479,22.4763],[72.12,22.4629],[72.1084,22.4507],[72.0844,22.4372],[72.0779,22.4372],[72.0538,22.4423],[72.0503,22.4444],[72.0508,22.4725],[72.0496,22.4743],[72.0447,22.4759],[72.0391,22.4831],[72.0353,22.4908],[72.0311,22.5064],[72.0223,22.5112],[72.0103,22.5124],[71.999,22.5077],[71.9782,22.5062],[71.9748,22.5084],[71.9668,22.5092],[71.9662,22.5192],[71.9693,22.5282],[71.9647,22.533],[71.9565,22.5344],[71.9512,22.5379],[71.9459,22.5397],[71.939,22.5393],[71.9342,22.5376],[71.9229,22.5263],[71.9216,22.5212],[71.9087,22.5172],[71.9144,22.5032],[71.9192,22.5055],[71.9197,22.4993],[71.9107,22.498],[71.9068,22.483],[71.908,22.4801],[71.9268,22.4773],[71.9321,22.4856],[71.9499,22.4894],[71.9573,22.4895],[71.9584,22.4728],[71.9612,22.4694],[71.9541,22.4649],[71.937,22.4619],[71.9283,22.4571],[71.923,22.4494],[71.9241,22.4319],[71.9293,22.421],[71.9278,22.414],[71.9311,22.4064],[71.9335,22.3808],[71.9271,22.3783],[71.9157,22.3821],[71.9123,22.3769],[71.9096,22.3801],[71.908,22.3918],[71.9022,22.4064],[71.8906,22.4189],[71.8823,22.4175],[71.8804,22.412],[71.8746,22.4065],[71.8653,22.4033],[71.8629,22.3993],[71.8579,22.3976],[71.8507,22.3893],[71.8536,22.3705],[71.8407,22.365],[71.8366,22.3585],[71.8318,22.3558],[71.8232,22.3606],[71.8271,22.393],[71.794,22.3921],[71.7881,22.3943],[71.7807,22.388],[71.7798,22.3854],[71.7833,22.3613],[71.7341,22.3607],[71.7317,22.3638],[71.7293,22.379],[71.7256,22.3809],[71.7156,22.38],[71.7113,22.383],[71.7082,22.3899],[71.7028,22.3962],[71.6852,22.3902],[71.6812,22.3868],[71.6647,22.382],[71.6552,22.3922],[71.6429,22.3994],[71.6331,22.3844],[71.6288,22.3809],[71.6199,22.3805],[71.6197,22.3632],[71.6223,22.3443],[71.6211,22.3431],[71.6073,22.3382],[71.5991,22.3388],[71.5957,22.3399],[71.5952,22.3501],[71.5899,22.3524],[71.5872,22.3517],[71.5855,22.3477],[71.5781,22.3475],[71.5767,22.3441],[71.5801,22.3373],[71.5781,22.3287],[71.5756,22.3231],[71.5697,22.3201],[71.5629,22.3234],[71.5594,22.3382],[71.5574,22.3402],[71.5297,22.3432],[71.5231,22.3399],[71.5141,22.333],[71.5093,22.3261],[71.5039,22.3215],[71.4956,22.3079],[71.4871,22.3021],[71.4799,22.2989],[71.4491,22.2928],[71.4394,22.289],[71.4402,22.2781],[71.4334,22.261],[71.4295,22.2559],[71.4284,22.2487],[71.4209,22.2325],[71.4002,22.2238],[71.3889,22.2226],[71.386,22.2251],[71.3869,22.2342],[71.391,22.2481],[71.3859,22.2501],[71.3877,22.2754],[71.3843,22.2772],[71.3807,22.2769],[71.3787,22.2731],[71.3701,22.2744],[71.3702,22.2783],[71.3652,22.2815],[71.3709,22.2916],[71.366,22.294],[71.3629,22.2946],[71.3571,22.2688],[71.3523,22.264],[71.3419,22.2593],[71.3316,22.2659],[71.322,22.2772],[71.3067,22.2811],[71.3028,22.2705],[71.3061,22.2645],[71.301,22.263],[71.3042,22.2529],[71.3019,22.2523],[71.2926,22.2527],[71.2813,22.265],[71.2824,22.2689],[71.2771,22.2719],[71.2507,22.2776],[71.232,22.2767],[71.2322,22.2609],[71.2266,22.2502],[71.2097,22.2426],[71.2116,22.2355],[71.2177,22.2263],[71.214,22.2226],[71.2186,22.2208],[71.2276,22.2208],[71.2446,22.2225],[71.2633,22.2148],[71.2764,22.2172],[71.2828,22.2106],[71.2971,22.1812],[71.2968,22.1779],[71.2894,22.1636],[71.2811,22.1608],[71.2654,22.1611],[71.2549,22.1635],[71.2432,22.1684],[71.2378,22.1648],[71.2319,22.1644],[71.2265,22.1667],[71.2216,22.1716],[71.2185,22.178],[71.2107,22.1859],[71.1958,22.1764],[71.1884,22.1734],[71.1932,22.1629],[71.1875,22.1631],[71.1765,22.1579],[71.1712,22.1595],[71.1753,22.1448],[71.1408,22.1319],[71.1395,22.1246],[71.1352,22.1226],[71.1238,22.1225],[71.1206,22.125],[71.1197,22.1278],[71.1135,22.1292],[71.113,22.1328],[71.1188,22.137],[71.1228,22.148],[71.1263,22.1524],[71.1556,22.1663],[71.1582,22.1816],[71.1532,22.188],[71.1524,22.1868],[71.1402,22.1911],[71.1251,22.2092],[71.1132,22.2282],[71.1049,22.2482],[71.1128,22.2546],[71.108,22.2562],[71.093,22.256],[71.0877,22.258],[71.0808,22.2566],[71.0768,22.2666],[71.0604,22.2774],[71.0591,22.2817],[71.0618,22.2946],[71.0616,22.3035],[71.0579,22.3097],[71.0523,22.3119],[71.0428,22.3196],[71.0309,22.3223],[71.0222,22.3294],[71.0121,22.3537],[71.0171,22.3624],[71.0193,22.3784],[71.0268,22.3773],[71.0342,22.3801],[71.0398,22.3862],[71.0338,22.3942],[71.022,22.3997],[71.0114,22.4102],[71.0,22.4032],[70.9935,22.4022],[70.9835,22.4093],[70.9822,22.412],[70.984,22.4159],[70.9936,22.422],[71.0164,22.4327],[71.0242,22.4381],[71.0353,22.4393],[71.0497,22.4353],[71.0564,22.4355],[71.0603,22.4325],[71.0622,22.4269],[71.0724,22.4211],[71.0766,22.4039],[71.0882,22.3992],[71.095,22.4004],[71.097,22.4052],[71.0976,22.4211],[71.1014,22.4329],[71.1086,22.435],[71.1222,22.4354],[71.1235,22.4384],[71.1135,22.4514],[71.1265,22.4576],[71.1288,22.4615],[71.1311,22.4783],[71.1349,22.4803],[71.1447,22.4769],[71.1628,22.482],[71.1644,22.4901],[71.1633,22.5009],[71.1451,22.5238],[71.1347,22.5422],[71.1311,22.5448],[71.1144,22.5459],[71.1012,22.5126],[71.0946,22.5117],[71.0917,22.5145],[71.0889,22.5213],[71.0738,22.5266],[71.0618,22.5376],[71.0652,22.5409],[71.0727,22.5436],[71.0718,22.5522],[71.0756,22.5566],[71.0941,22.563],[71.0966,22.567],[71.1001,22.5776],[71.099,22.5834],[71.0946,22.5887],[71.0939,22.6008],[71.0996,22.6018],[71.1027,22.6042],[71.0987,22.6156],[71.1011,22.6264],[71.1102,22.6394],[71.1292,22.6334],[71.128,22.6523],[71.1384,22.6592],[71.1408,22.6626],[71.1445,22.6619],[71.1542,22.6755],[71.162,22.6806],[71.1618,22.6914],[71.1669,22.7002],[71.1495,22.7126],[71.1419,22.7272],[71.129,22.7425],[71.1235,22.756],[71.0805,22.771],[71.0749,22.7719],[71.0745,22.7696],[71.0718,22.7676],[71.0651,22.7669],[71.0523,22.7665],[71.0455,22.7687],[71.0426,22.7717],[71.0438,22.7776],[71.043,22.7921],[71.0365,22.797],[71.0286,22.7998],[71.0036,22.7919],[71.0007,22.7868],[70.9921,22.7875],[70.9877,22.7919],[70.9742,22.837],[70.9789,22.8468],[70.9834,22.8508],[70.9901,22.853],[70.9972,22.8529],[71.0047,22.8585],[71.0082,22.8662],[71.0181,22.8732],[71.0181,22.8781],[71.015,22.8848],[71.0148,22.8964],[71.0057,22.9],[71.0,22.9061],[70.9956,22.9201],[70.9938,22.9321],[70.9959,22.9678],[70.9783,22.978],[70.9676,22.9945],[70.9654,23.0024],[70.9631,23.0035],[70.957,23.0018],[70.952,23.0027],[70.9535,23.0116],[70.9466,23.0252],[70.9469,23.0313],[70.9502,23.0304],[70.9551,23.025],[70.9594,23.0236],[70.9625,23.027],[70.968,23.0354],[70.9686,23.0402],[70.9743,23.0468],[70.9741,23.0503],[70.9788,23.0527],[70.9822,23.0668],[70.9874,23.074],[70.9939,23.0924],[71.0001,23.1036],[71.0064,23.1024],[71.0159,23.1059],[71.0245,23.1034],[71.0364,23.0949],[71.0373,23.0868],[71.0404,23.0831],[71.0493,23.0857],[71.0636,23.0949],[71.0594,23.1078],[71.0492,23.107],[71.0468,23.1145],[71.0524,23.1244],[71.0531,23.1293],[71.0498,23.1364],[71.0443,23.1585],[71.0465,23.163],[71.0449,23.171],[71.0611,23.1754],[71.0698,23.1754],[71.0697,23.179],[71.0738,23.1829],[71.1073,23.2015],[71.1238,23.2033],[71.1384,23.209],[71.1458,23.2022],[71.1561,23.1991],[71.1591,23.1815],[71.1745,23.1891],[71.1932,23.1908],[71.2099,23.1757],[71.2145,23.1493],[71.2213,23.1482],[71.237,23.1553],[71.2576,23.1578],[71.2617,23.156],[71.2689,23.1607],[71.2739,23.1611],[71.2781,23.1595],[71.2813,23.155],[71.2838,23.1547],[71.286,23.1603],[71.2793,23.1681],[71.2805,23.1725],[71.2889,23.1728],[71.2909,23.1772],[71.2938,23.1775],[71.2995,23.1836],[71.3012,23.1828],[71.3048,23.1717],[71.3103,23.1683],[71.3123,23.1688],[71.3133,23.1782],[71.3178,23.1877],[71.3211,23.1874],[71.3282,23.1778],[71.3334,23.1761],[71.3338,23.1675],[71.3358,23.1666],[71.3404,23.1669],[71.3488,23.1781],[71.3592,23.1789],[71.3645,23.1751],[71.3692,23.1654],[71.3725,23.1622],[71.3884,23.1586],[71.3926,23.1545],[71.3982,23.1558],[71.4271,23.1486],[71.4411,23.1502],[71.4527,23.145],[71.4645,23.145],[71.4687,23.1463],[71.4787,23.1538],[71.4952,23.1562],[71.5067,23.1598],[71.5201,23.1602],[71.5338,23.1659],[71.5399,23.1635],[71.5439,23.1598],[71.5938,23.1374],[71.6092,23.1444],[71.6249,23.145],[71.6269,23.1504],[71.6209,23.1622],[71.6307,23.1695],[71.6425,23.1741],[71.6485,23.1722],[71.6609,23.1626],[71.6883,23.1535],[71.7098,23.1504],[71.7126,23.1529],[71.7166,23.1668],[71.7144,23.177],[71.7004,23.1854],[71.6972,23.1844],[71.6915,23.1773],[71.6843,23.172],[71.6762,23.1725],[71.6458,23.1836],[71.6354,23.1923],[71.626,23.2045],[71.6181,23.2295],[71.6294,23.2433],[71.6322,23.2558],[71.635,23.2602],[71.6578,23.2822],[71.6652,23.2839],[71.6697,23.2885],[71.6692,23.2937],[71.6485,23.2911],[71.6464,23.2921],[71.642,23.3016],[71.6335,23.3081],[71.6334,23.311],[71.6418,23.3181],[71.6448,23.3239],[71.6448,23.3323],[71.6354,23.3469],[71.6247,23.3575],[71.6176,23.3622],[71.6098,23.362],[71.6031,23.357],[71.5976,23.3565],[71.5881,23.3588],[71.5845,23.363],[71.5844,23.3948],[71.5934,23.4144],[71.5958,23.4239],[71.5969,23.4315],[71.5948,23.4371],[71.5913,23.4448],[71.583,23.4558],[71.572,23.4595],[71.5637,23.4663],[71.5314,23.4666],[71.5283,23.4684],[71.5328,23.478],[71.5326,23.4815],[71.565,23.4983],[71.5797,23.496],[71.5895,23.5031],[71.5948,23.5043],[71.6008,23.5013],[71.6142,23.5036],[71.628,23.5012],[71.6399,23.496],[71.6582,23.4944],[71.6703,23.4911],[71.6873,23.491],[71.6977,23.4884],[71.7067,23.488],[71.7274,23.4951],[71.7285,23.4884],[71.7268,23.4835],[71.7301,23.4758],[71.7362,23.4737],[71.7451,23.4741],[71.759,23.4709],[71.7678,23.4706],[71.7783,23.4577],[71.7757,23.4482],[71.7646,23.4379],[71.7608,23.43],[71.7603,23.418],[71.763,23.4093],[71.7682,23.4047],[71.7759,23.4027],[71.7983,23.4003],[71.8065,23.4028],[71.8276,23.4165],[71.8352,23.4218],[71.8435,23.4308],[71.849,23.4386],[71.8552,23.4634],[71.8636,23.4751],[71.8811,23.4858],[71.8927,23.4907],[71.8981,23.4893],[71.9016,23.4901],[71.902,23.4942],[71.9059,23.4935],[71.9109,23.498],[71.9141,23.497],[71.93,23.4998],[71.942,23.507],[71.9449,23.52],[71.9515,23.5255],[71.9696,23.5315],[71.9769,23.5278],[71.9808,23.5238],[71.9827,23.5109],[71.9866,23.5077],[71.9997,23.5037]]]}},{"type":"Feature","properties":{"district":"Tapi","state":"Gujarat","censuscode":493},"geometry":{"type":"Polygon","coordinates":[[[74.0857,21.5551],[74.1067,21.5567],[74.1153,21.5544],[74.1295,21.5555],[74.132,21.5548],[74.135,21.5497],[74.142,21.5489],[74.1509,21.5506],[74.1583,21.5581],[74.1782,21.56],[74.1817,21.5581],[74.1845,21.5491],[74.193,21.5387],[74.1951,21.5295],[74.2006,21.5277],[74.2093,21.5318],[74.2113,21.5349],[74.2232,21.5367],[74.2246,21.5411],[74.228,21.5423],[74.2281,21.5462],[74.2347,21.5487],[74.2365,21.5483],[74.2389,21.5442],[74.2428,21.5437],[74.2505,21.5349],[74.2657,21.534],[74.2682,21.5361],[74.2715,21.5456],[74.2781,21.5474],[74.281,21.5533],[74.2857,21.5548],[74.2874,21.5572],[74.2993,21.5582],[74.302,21.5643],[74.3057,21.5657],[74.309,21.5589],[74.3116,21.5415],[74.3164,21.5397],[74.3313,21.5386],[74.3291,21.5182],[74.3235,21.4941],[74.3091,21.488],[74.3051,21.4796],[74.2977,21.4769],[74.2639,21.4732],[74.2606,21.4713],[74.2587,21.4641],[74.2491,21.4615],[74.2413,21.4622],[74.2342,21.4769],[74.2264,21.4783],[74.2207,21.4769],[74.2184,21.474],[74.2192,21.4628],[74.218,21.4575],[74.1962,21.4582],[74.1886,21.4641],[74.1808,21.4655],[74.1736,21.4594],[74.1685,21.462],[74.1645,21.462],[74.1618,21.4572],[74.1568,21.4554],[74.1556,21.4519],[74.1516,21.4517],[74.1398,21.4533],[74.1359,21.4611],[74.124,21.4621],[74.1184,21.4603],[74.1175,21.4493],[74.102,21.4467],[74.0987,21.4525],[74.073,21.4564],[74.0712,21.4709],[74.062,21.4806],[74.0609,21.4798],[74.0606,21.4705],[74.0505,21.4509],[74.0473,21.4286],[74.0433,21.4181],[74.0395,21.4172],[74.0296,21.4185],[74.018,21.4158],[74.0104,21.4167],[74.0041,21.4121],[73.9834,21.4032],[73.9719,21.3937],[73.9664,21.3936],[73.9632,21.3908],[73.9564,21.3919],[73.9499,21.4013],[73.9473,21.4012],[73.95,21.3888],[73.9514,21.3433],[73.9463,21.3294],[73.9428,21.2964],[73.9278,21.2842],[73.9177,21.2799],[73.8861,21.2613],[73.8783,21.2615],[73.8657,21.2663],[73.8524,21.2689],[73.826,21.2664],[73.8261,21.2573],[73.8303,21.2448],[73.8302,21.2413],[73.8213,21.2321],[73.8139,21.2209],[73.8122,21.2127],[73.8125,21.2029],[73.8151,21.1943],[73.8278,21.1962],[73.8297,21.1942],[73.8261,21.1844],[73.8163,21.1709],[73.8058,21.1711],[73.79,21.1808],[73.7848,21.1753],[73.7834,21.1677],[73.7772,21.1641],[73.7466,21.1673],[73.7351,21.1662],[73.7342,21.1595],[73.7414,21.1506],[73.7394,21.1467],[73.7366,21.1459],[73.7332,21.1393],[73.7301,21.1374],[73.7157,21.1384],[73.7104,21.1409],[73.7085,21.1423],[73.7065,21.1496],[73.6915,21.1493],[73.6745,21.1513],[73.6678,21.1502],[73.6647,21.1443],[73.6294,21.1319],[73.632,21.1466],[73.6305,21.1524],[73.6127,21.1572],[73.6077,21.1627],[73.6061,21.1753],[73.5999,21.1777],[73.5911,21.174],[73.5812,21.1672],[73.5804,21.156],[73.5817,21.1535],[73.5896,21.152],[73.5978,21.1543],[73.6044,21.1537],[73.6072,21.1463],[73.6118,21.1434],[73.6221,21.1409],[73.6166,21.1373],[73.6217,21.1194],[73.6385,21.1222],[73.6508,21.1203],[73.653,21.1076],[73.672,21.1085],[73.6826,21.1052],[73.6866,21.1002],[73.6965,21.1081],[73.7039,21.1182],[73.7022,21.1115],[73.708,21.1064],[73.7291,21.1024],[73.7322,21.1005],[73.7367,21.1074],[73.746,21.1132],[73.7429,21.1069],[73.7324,21.094],[73.7338,21.084],[73.7356,21.0807],[73.7375,21.0808],[73.7341,21.072],[73.737,21.0633],[73.7355,21.0547],[73.7409,21.0391],[73.7563,21.0378],[73.7595,21.0392],[73.769,21.0267],[73.7673,21.0208],[73.7628,21.0137],[73.7682,21.0096],[73.7781,21.0187],[73.8012,21.0217],[73.8099,20.9951],[73.814,20.9941],[73.8211,20.9952],[73.8344,20.9922],[73.8405,20.9931],[73.8438,21.0005],[73.8729,20.9855],[73.8924,20.9812],[73.9003,20.9822],[73.9092,20.9638],[73.905,20.9614],[73.8956,20.9607],[73.8888,20.9456],[73.8901,20.932],[73.8761,20.9272],[73.8707,20.9421],[73.8657,20.9445],[73.8348,20.952],[73.82,20.9535],[73.8187,20.9485],[73.8149,20.9495],[73.8121,20.9546],[73.796,20.9577],[73.7927,20.9781],[73.7879,20.9865],[73.7743,20.9879],[73.7507,21.0037],[73.7464,21.0039],[73.7375,21.0005],[73.7313,21.0037],[73.7256,21.0036],[73.7146,21.0071],[73.6919,21.0012],[73.6875,21.0046],[73.6738,21.0007],[73.6678,21.0051],[73.6599,21.0057],[73.6531,21.0006],[73.6492,20.9912],[73.6463,20.9902],[73.6438,20.9758],[73.6415,20.9731],[73.632,20.9773],[73.6226,20.991],[73.6164,20.9941],[73.6109,20.9936],[73.6127,20.981],[73.6109,20.978],[73.6002,20.9724],[73.5964,20.9592],[73.5861,20.9687],[73.5925,20.9885],[73.5936,20.9972],[73.5699,21.0113],[73.5643,21.0085],[73.5565,21.0111],[73.5528,21.0073],[73.5485,21.0083],[73.5465,21.0053],[73.5437,20.9729],[73.5362,20.9631],[73.5369,20.9514],[73.5315,20.9457],[73.5311,20.936],[73.5115,20.9342],[73.5127,20.9288],[73.4955,20.9171],[73.4932,20.9124],[73.4919,20.9004],[73.4928,20.8885],[73.4995,20.8772],[73.4938,20.8663],[73.4932,20.8609],[73.4984,20.8604],[73.5026,20.8572],[73.5034,20.8538],[73.502,20.8416],[73.4988,20.839],[73.5012,20.8296],[73.4992,20.8182],[73.4883,20.8143],[73.4841,20.8164],[73.4753,20.8172],[73.463,20.8158],[73.4547,20.8128],[73.433,20.8153],[73.3952,20.8282],[73.3905,20.825],[73.3848,20.8245],[73.3766,20.8302],[73.3713,20.8318],[73.37,20.8373],[73.3679,20.8394],[73.3549,20.8458],[73.3446,20.8619],[73.3351,20.8575],[73.3325,20.867],[73.3252,20.8697],[73.32,20.8789],[73.3215,20.884],[73.3202,20.8989],[73.3181,20.9044],[73.3137,20.9048],[73.3105,20.9077],[73.3091,20.9128],[73.2956,20.9177],[73.2905,20.9294],[73.28,20.927],[73.2647,20.9207],[73.2602,20.9214],[73.2579,20.925],[73.2571,20.9445],[73.2518,20.9476],[73.2414,20.9485],[73.2371,20.9507],[73.2279,20.9503],[73.2127,20.9548],[73.2117,20.9587],[73.2131,20.9622],[73.2211,20.9681],[73.2264,20.9765],[73.2328,20.979],[73.2411,20.9857],[73.2407,20.9896],[73.2367,20.993],[73.2274,21.0088],[73.2072,21.0125],[73.2046,21.0262],[73.2085,21.0337],[73.21,21.0511],[73.2056,21.052],[73.1996,21.0564],[73.2011,21.0663],[73.1981,21.0736],[73.2189,21.0794],[73.2244,21.0787],[73.2275,21.0914],[73.2417,21.0869],[73.2502,21.0877],[73.2495,21.0904],[73.2543,21.0924],[73.2473,21.1127],[73.2389,21.1225],[73.2365,21.1281],[73.249,21.1275],[73.2564,21.1217],[73.2629,21.1315],[73.2743,21.1341],[73.2723,21.1415],[73.2749,21.1471],[73.286,21.1538],[73.286,21.1611],[73.2888,21.1669],[73.2894,21.1731],[73.2843,21.1927],[73.2948,21.1931],[73.3074,21.1991],[73.3163,21.206],[73.3252,21.2084],[73.3338,21.2136],[73.3348,21.217],[73.3391,21.2192],[73.3429,21.2193],[73.3475,21.2148],[73.3509,21.2147],[73.3628,21.2168],[73.3728,21.2249],[73.3764,21.2338],[73.377,21.241],[73.37,21.2535],[73.3673,21.2643],[73.387,21.2674],[73.4026,21.2728],[73.4148,21.2716],[73.4186,21.2775],[73.4427,21.2678],[73.4478,21.2778],[73.4487,21.2942],[73.4443,21.3051],[73.4363,21.3179],[73.4418,21.3255],[73.4376,21.3307],[73.4369,21.3403],[73.4558,21.3803],[73.4811,21.3794],[73.4963,21.3753],[73.51,21.3758],[73.5133,21.354],[73.5275,21.3467],[73.5291,21.3506],[73.5274,21.3533],[73.5282,21.3579],[73.5374,21.3656],[73.5466,21.3604],[73.5588,21.3629],[73.5662,21.3601],[73.5836,21.3643],[73.5901,21.3629],[73.5967,21.3659],[73.6023,21.3642],[73.6076,21.3653],[73.6105,21.368],[73.6111,21.3728],[73.618,21.3751],[73.6328,21.3778],[73.6611,21.3784],[73.6731,21.3816],[73.684,21.3869],[73.6859,21.3896],[73.6935,21.3917],[73.6968,21.3947],[73.7044,21.3958],[73.7151,21.4043],[73.7459,21.4097],[73.777,21.4086],[73.7824,21.4115],[73.7949,21.4105],[73.8092,21.4066],[73.8182,21.3998],[73.8348,21.4107],[73.8376,21.4196],[73.8411,21.4235],[73.8508,21.4275],[73.8849,21.4503],[73.8956,21.4525],[73.9185,21.4471],[73.9322,21.4513],[73.9458,21.459],[73.9714,21.4604],[73.9861,21.4765],[73.9833,21.4821],[73.9769,21.4819],[73.973,21.4868],[73.9772,21.4888],[73.9776,21.4944],[73.9812,21.4964],[73.9783,21.5087],[73.9823,21.5098],[73.98,21.5134],[73.9844,21.5156],[73.9853,21.5211],[73.9822,21.5211],[73.9772,21.5344],[73.9765,21.5385],[73.9782,21.5407],[74.0001,21.5394],[74.0139,21.5492],[74.0204,21.5513],[74.0421,21.5483],[74.0642,21.5581],[74.0772,21.5574],[74.0857,21.5551]]]}},{"type":"Feature","properties":{"district":"The Dangs","state":"Gujarat","censuscode":489},"geometry":{"type":"MultiPolygon","coordinates":[[[[73.5565,21.0111],[73.5643,21.0085],[73.5699,21.0113],[73.5936,20.9972],[73.5925,20.9885],[73.5861,20.9687],[73.5964,20.9592],[73.6002,20.9724],[73.6109,20.978],[73.6127,20.981],[73.6109,20.9936],[73.6164,20.9941],[73.6226,20.991],[73.632,20.9773],[73.6415,20.9731],[73.6438,20.9758],[73.6463,20.9902],[73.6492,20.9912],[73.6531,21.0006],[73.6599,21.0057],[73.6678,21.0051],[73.6738,21.0007],[73.6875,21.0046],[73.6919,21.0012],[73.7146,21.0071],[73.7256,21.0036],[73.7313,21.0037],[73.7375,21.0005],[73.7464,21.0039],[73.7507,21.0037],[73.7743,20.9879],[73.7879,20.9865],[73.7927,20.9781],[73.796,20.9577],[73.8121,20.9546],[73.8149,20.9495],[73.8187,20.9485],[73.82,20.9535],[73.8348,20.952],[73.8657,20.9445],[73.8707,20.9421],[73.8761,20.9272],[73.8901,20.932],[73.9106,20.9141],[73.9165,20.9068],[73.9211,20.8981],[73.9248,20.8849],[73.9235,20.8679],[73.9255,20.8638],[73.9239,20.8592],[73.9248,20.8474],[73.9297,20.8425],[73.9389,20.8392],[73.9414,20.8284],[73.9401,20.8177],[73.934,20.8079],[73.9349,20.8028],[73.9318,20.7887],[73.9343,20.7679],[73.932,20.7599],[73.9409,20.7599],[73.9412,20.7516],[73.9389,20.7484],[73.9422,20.7458],[73.9432,20.7414],[73.9296,20.7306],[73.9287,20.7337],[73.9212,20.7295],[73.9145,20.7226],[73.9023,20.7244],[73.8973,20.7298],[73.8824,20.7302],[73.8791,20.7288],[73.8707,20.7205],[73.867,20.7069],[73.857,20.6935],[73.8361,20.7013],[73.8325,20.7011],[73.8159,20.6931],[73.8186,20.6729],[73.8348,20.6744],[73.8386,20.6663],[73.8404,20.6556],[73.8367,20.6496],[73.8363,20.6436],[73.8396,20.6228],[73.8315,20.615],[73.8271,20.6134],[73.8185,20.6133],[73.799,20.6008],[73.7954,20.6051],[73.78,20.6016],[73.7729,20.5912],[73.7568,20.5827],[73.741,20.5667],[73.7304,20.5734],[73.7126,20.5757],[73.7023,20.5739],[73.6937,20.5778],[73.6781,20.5711],[73.6687,20.5636],[73.6632,20.5618],[73.6583,20.5623],[73.6495,20.5716],[73.6434,20.5759],[73.6319,20.5774],[73.6269,20.5818],[73.6275,20.5911],[73.6219,20.6118],[73.6183,20.6206],[73.6146,20.6248],[73.5997,20.6358],[73.5764,20.6474],[73.5665,20.6506],[73.5551,20.6469],[73.5458,20.6549],[73.5369,20.6687],[73.5305,20.6734],[73.5225,20.6727],[73.5172,20.6667],[73.512,20.6659],[73.5099,20.6697],[73.4999,20.6582],[73.4928,20.6523],[73.4904,20.653],[73.4874,20.6623],[73.4845,20.668],[73.4797,20.6717],[73.4793,20.6752],[73.484,20.6799],[73.4892,20.6806],[73.4893,20.6856],[73.4857,20.6891],[73.4807,20.7062],[73.4761,20.7087],[73.4746,20.7168],[73.4671,20.7213],[73.4668,20.7405],[73.4686,20.7445],[73.4832,20.7497],[73.4896,20.7546],[73.493,20.7598],[73.4865,20.7974],[73.4923,20.8026],[73.4992,20.8182],[73.5012,20.8296],[73.4988,20.839],[73.502,20.8416],[73.5034,20.8538],[73.5026,20.8572],[73.4984,20.8604],[73.4932,20.8609],[73.4938,20.8663],[73.4995,20.8772],[73.4928,20.8885],[73.4919,20.9004],[73.4932,20.9124],[73.4955,20.9171],[73.5127,20.9288],[73.5115,20.9342],[73.5311,20.936],[73.5315,20.9457],[73.5369,20.9514],[73.5362,20.9631],[73.5437,20.9729],[73.5465,21.0053],[73.5485,21.0083],[73.5528,21.0073],[73.5565,21.0111]]],[[[73.7375,21.0808],[73.7638,21.0674],[73.7754,21.0709],[73.7871,21.0661],[73.7917,21.0673],[73.8113,21.0838],[73.8125,21.0598],[73.8085,21.0529],[73.7962,21.045],[73.8139,21.0251],[73.8438,21.0005],[73.8405,20.9931],[73.8344,20.9922],[73.8211,20.9952],[73.814,20.9941],[73.8099,20.9951],[73.8012,21.0217],[73.7781,21.0187],[73.7682,21.0096],[73.7628,21.0137],[73.7673,21.0208],[73.769,21.0267],[73.7595,21.0392],[73.7563,21.0378],[73.7409,21.0391],[73.7355,21.0547],[73.737,21.0633],[73.7341,21.072],[73.7375,21.0808]]]]}},{"type":"Feature","properties":{"district":"Vadodara","state":"Gujarat","censuscode":486},"geometry":{"type":"MultiPolygon","coordinates":[[[[73.4074,22.809],[73.409,22.8059],[73.406,22.7899],[73.414,22.7827],[73.422,22.7825],[73.4247,22.7791],[73.4271,22.7739],[73.4273,22.7583],[73.4125,22.7553],[73.3864,22.7383],[73.3884,22.7258],[73.3849,22.7153],[73.3875,22.6979],[73.3899,22.6977],[73.3911,22.6952],[73.3927,22.6838],[73.3997,22.6857],[73.4046,22.6844],[73.4094,22.6726],[73.4139,22.6722],[73.4156,22.6701],[73.416,22.6591],[73.4148,22.6565],[73.4079,22.6525],[73.4057,22.6516],[73.4024,22.6532],[73.3992,22.6506],[73.3967,22.642],[73.3893,22.6405],[73.3825,22.6472],[73.3697,22.6442],[73.3707,22.6389],[73.367,22.6373],[73.3655,22.6245],[73.3863,22.6224],[73.3894,22.6136],[73.3896,22.609],[73.384,22.608],[73.3795,22.5811],[73.3834,22.5786],[73.3828,22.5749],[73.3734,22.5531],[73.385,22.5526],[73.3885,22.5499],[73.4131,22.5499],[73.4205,22.5475],[73.4197,22.533],[73.4118,22.5198],[73.4141,22.516],[73.4069,22.5037],[73.4079,22.5011],[73.4141,22.5014],[73.4172,22.4986],[73.4183,22.4935],[73.4239,22.4916],[73.4282,22.4818],[73.4299,22.4732],[73.4311,22.4564],[73.4273,22.4529],[73.4263,22.4466],[73.4212,22.4455],[73.4226,22.4265],[73.4312,22.4234],[73.4343,22.4199],[73.4447,22.4217],[73.4467,22.4104],[73.4401,22.3975],[73.4454,22.3946],[73.4462,22.3912],[73.4507,22.3922],[73.4608,22.378],[73.4726,22.3775],[73.4736,22.3749],[73.4726,22.3721],[73.4689,22.369],[73.466,22.3575],[73.4782,22.3524],[73.4855,22.3458],[73.5051,22.3475],[73.5124,22.3465],[73.521,22.3389],[73.5296,22.3426],[73.5503,22.3415],[73.5539,22.3391],[73.5557,22.3327],[73.5653,22.3326],[73.5659,22.3267],[73.576,22.3246],[73.5954,22.3224],[73.6306,22.3227],[73.6296,22.329],[73.632,22.3315],[73.6257,22.3351],[73.6141,22.3356],[73.6135,22.3437],[73.6198,22.3487],[73.6187,22.3592],[73.629,22.3714],[73.6348,22.3754],[73.6313,22.3863],[73.6383,22.3837],[73.6439,22.3844],[73.6753,22.3726],[73.6833,22.3715],[73.7044,22.3573],[73.7044,22.348],[73.6918,22.3415],[73.6915,22.3401],[73.6953,22.3365],[73.6588,22.3347],[73.6539,22.331],[73.6484,22.3121],[73.6324,22.3109],[73.6345,22.3003],[73.6475,22.2988],[73.6552,22.2892],[73.6561,22.2859],[73.6623,22.2849],[73.6921,22.284],[73.6993,22.2853],[73.7005,22.2965],[73.7122,22.3017],[73.7155,22.3008],[73.7168,22.2919],[73.7232,22.2876],[73.7266,22.2898],[73.7309,22.29],[73.7294,22.2958],[73.7318,22.3038],[73.7263,22.3083],[73.7248,22.3126],[73.7281,22.3234],[73.7294,22.3348],[73.7445,22.3439],[73.7486,22.3456],[73.7517,22.344],[73.7541,22.3453],[73.7583,22.3563],[73.759,22.365],[73.7668,22.3736],[73.771,22.382],[73.7711,22.3862],[73.7625,22.3866],[73.7533,22.3847],[73.7382,22.3895],[73.7397,22.3987],[73.7329,22.4131],[73.7331,22.4205],[73.7387,22.4247],[73.7425,22.4324],[73.7422,22.4381],[73.7369,22.4512],[73.7343,22.4541],[73.7293,22.4544],[73.7266,22.4611],[73.7272,22.4704],[73.7321,22.4868],[73.7331,22.4968],[73.7323,22.515],[73.7421,22.5349],[73.7481,22.537],[73.7583,22.5461],[73.7845,22.5453],[73.7912,22.5471],[73.7947,22.5459],[73.8047,22.5487],[73.8151,22.546],[73.8318,22.535],[73.8399,22.5323],[73.8423,22.5241],[73.848,22.5145],[73.8525,22.5109],[73.8665,22.5043],[73.8849,22.5029],[73.9082,22.5077],[73.9266,22.5276],[73.928,22.5347],[73.9375,22.5422],[73.9635,22.5383],[73.97,22.5404],[73.9843,22.5496],[74.0,22.5567],[74.0086,22.5567],[74.016,22.5589],[74.0203,22.5708],[74.037,22.5701],[74.0424,22.568],[74.0573,22.5589],[74.0629,22.5491],[74.0461,22.5439],[74.0407,22.5404],[74.0368,22.5284],[74.0392,22.5221],[74.0396,22.5151],[74.035,22.5123],[74.0307,22.5067],[74.0331,22.4898],[74.0389,22.4891],[74.0417,22.4912],[74.0424,22.4954],[74.0506,22.4997],[74.0549,22.5088],[74.0701,22.5088],[74.0814,22.5068],[74.0826,22.5032],[74.0818,22.4969],[74.0858,22.4871],[74.0866,22.4808],[74.085,22.478],[74.0764,22.4843],[74.0742,22.4639],[74.0866,22.4674],[74.0964,22.4674],[74.0995,22.4661],[74.1023,22.4604],[74.1019,22.4541],[74.0984,22.4492],[74.0969,22.4436],[74.1012,22.4316],[74.1192,22.419],[74.1231,22.4183],[74.1266,22.4197],[74.1273,22.4345],[74.137,22.4521],[74.1405,22.4549],[74.1526,22.4549],[74.1523,22.438],[74.1574,22.4303],[74.1671,22.4317],[74.169,22.4402],[74.1831,22.4423],[74.1838,22.4458],[74.1787,22.4584],[74.1791,22.4627],[74.1873,22.476],[74.199,22.4704],[74.2009,22.4648],[74.201,22.4353],[74.208,22.4325],[74.2127,22.4325],[74.215,22.4409],[74.2201,22.4381],[74.2338,22.4374],[74.2506,22.4311],[74.2607,22.4227],[74.2631,22.4164],[74.2666,22.4129],[74.2678,22.403],[74.2748,22.4009],[74.2908,22.3925],[74.2877,22.3897],[74.2779,22.3918],[74.2705,22.3911],[74.26,22.3946],[74.2545,22.3981],[74.2526,22.3841],[74.2495,22.3819],[74.2425,22.3812],[74.2421,22.3756],[74.2366,22.3749],[74.2273,22.3777],[74.2218,22.3763],[74.2238,22.3707],[74.2234,22.3566],[74.2129,22.3559],[74.2098,22.3573],[74.2063,22.3644],[74.2031,22.3658],[74.2016,22.3461],[74.1985,22.3412],[74.1946,22.3412],[74.1938,22.3489],[74.1911,22.3475],[74.1927,22.332],[74.192,22.3236],[74.1873,22.3201],[74.1304,22.3306],[74.1276,22.3362],[74.1252,22.3509],[74.1205,22.3565],[74.1131,22.3558],[74.1112,22.3656],[74.108,22.3699],[74.0959,22.3712],[74.0913,22.3607],[74.073,22.3607],[74.0679,22.3585],[74.0676,22.3473],[74.0703,22.3445],[74.0719,22.3396],[74.07,22.3347],[74.0641,22.329],[74.0623,22.3038],[74.0584,22.3052],[74.0549,22.3037],[74.0537,22.2981],[74.0557,22.289],[74.055,22.2841],[74.0604,22.2743],[74.0683,22.2673],[74.0741,22.2666],[74.0757,22.2567],[74.0745,22.2511],[74.0765,22.2483],[74.0851,22.2455],[74.0874,22.242],[74.0851,22.2385],[74.0742,22.2357],[74.0703,22.2329],[74.0692,22.2279],[74.0715,22.2202],[74.0774,22.2188],[74.1035,22.2189],[74.1097,22.2175],[74.1187,22.2112],[74.1172,22.2034],[74.1195,22.1908],[74.118,22.1859],[74.1208,22.1704],[74.1223,22.1648],[74.1309,22.1599],[74.1294,22.1564],[74.1294,22.1445],[74.1255,22.141],[74.1224,22.1304],[74.1236,22.1255],[74.1271,22.1227],[74.1249,22.1066],[74.1261,22.096],[74.1284,22.0946],[74.1505,22.1038],[74.1544,22.1003],[74.1614,22.101],[74.1661,22.0996],[74.17,22.0947],[74.1681,22.0919],[74.1747,22.0884],[74.1766,22.0849],[74.1724,22.0828],[74.1666,22.0827],[74.1634,22.0806],[74.1607,22.0722],[74.1576,22.0694],[74.1588,22.0589],[74.1336,22.0518],[74.1352,22.049],[74.1398,22.0462],[74.141,22.042],[74.1367,22.0392],[74.1208,22.0342],[74.1123,22.023],[74.0968,22.0167],[74.0933,22.0138],[74.096,22.0089],[74.0959,22.0],[74.1006,21.9973],[74.1125,21.997],[74.1234,21.9921],[74.1377,21.9896],[74.1496,21.9848],[74.1476,21.9792],[74.1489,21.9739],[74.1413,21.9723],[74.1393,21.9706],[74.141,21.963],[74.1446,21.9591],[74.1403,21.9549],[74.1417,21.9524],[74.1338,21.9517],[74.1092,21.9431],[74.0942,21.936],[74.042,21.9213],[74.0183,21.9045],[74.0069,21.8991],[74.0,21.8979],[73.9748,21.8861],[73.9441,21.869],[73.9334,21.8887],[73.9244,21.8893],[73.9179,21.8915],[73.9088,21.8988],[73.9111,21.9074],[73.8931,21.9242],[73.8734,21.9211],[73.8707,21.9233],[73.8647,21.9296],[73.8592,21.9499],[73.8345,21.9409],[73.8085,21.9271],[73.804,21.928],[73.8043,21.9355],[73.8097,21.9386],[73.8032,21.9488],[73.7989,21.9436],[73.7973,21.9347],[73.794,21.9301],[73.7833,21.9376],[73.7804,21.9414],[73.7796,21.9454],[73.785,21.9593],[73.7717,21.9639],[73.7626,21.9614],[73.7518,21.961],[73.7349,21.9787],[73.7234,21.9799],[73.704,21.9746],[73.7032,21.992],[73.7108,21.9986],[73.7108,22.0008],[73.7043,22.0047],[73.698,22.0047],[73.6959,22.0024],[73.6972,22.0008],[73.6955,21.9923],[73.6907,21.9931],[73.6874,22.0008],[73.6904,22.0084],[73.6895,22.0113],[73.6792,22.0044],[73.6672,22.0143],[73.6726,22.0166],[73.6749,22.0395],[73.6776,22.043],[73.6824,22.0426],[73.6847,22.0452],[73.681,22.051],[73.6782,22.0522],[73.6614,22.041],[73.6602,22.0437],[73.6611,22.0473],[73.6572,22.0535],[73.6593,22.0563],[73.6579,22.0598],[73.6532,22.0606],[73.6506,22.0691],[73.6473,22.072],[73.6417,22.0707],[73.6333,22.066],[73.6321,22.0688],[73.6284,22.0702],[73.622,22.069],[73.6174,22.0717],[73.6163,22.0773],[73.6103,22.0818],[73.6096,22.0749],[73.576,22.0583],[73.5747,22.053],[73.5709,22.0562],[73.5643,22.0566],[73.5611,22.053],[73.5474,22.0477],[73.5316,22.0464],[73.5318,22.0496],[73.5219,22.05],[73.5128,22.0366],[73.5037,22.0369],[73.5021,22.0166],[73.4979,22.0133],[73.5,22.0071],[73.5142,22.0011],[73.5141,21.9906],[73.5122,21.9883],[73.5111,21.9793],[73.5089,21.9767],[73.5076,21.9627],[73.497,21.9654],[73.4712,21.9772],[73.4604,21.9783],[73.4516,21.976],[73.447,21.9706],[73.4432,21.9596],[73.4457,21.9515],[73.446,21.9353],[73.4422,21.9258],[73.4334,21.914],[73.4247,21.9093],[73.4092,21.9092],[73.4026,21.9107],[73.3863,21.9187],[73.376,21.9261],[73.3668,21.9277],[73.3543,21.9218],[73.3527,21.9156],[73.3535,21.8823],[73.3482,21.8745],[73.3372,21.8723],[73.3265,21.8743],[73.3001,21.8895],[73.2839,21.9012],[73.2738,21.9234],[73.2676,21.9298],[73.2605,21.9321],[73.2508,21.9327],[73.2435,21.9299],[73.2268,21.9161],[73.2247,21.91],[73.2304,21.8923],[73.2521,21.8624],[73.2488,21.8415],[73.2285,21.8233],[73.2104,21.8198],[73.1852,21.8293],[73.1747,21.8388],[73.1689,21.8469],[73.1512,21.8603],[73.1369,21.8633],[73.1361,21.8669],[73.1295,21.8694],[73.1299,21.8745],[73.1283,21.8757],[73.1098,21.8751],[73.0938,21.8707],[73.0873,21.8793],[73.0729,21.8763],[73.0632,21.8808],[73.0616,21.8851],[73.062,21.8936],[73.0648,21.901],[73.0661,21.9122],[73.0929,21.9184],[73.0946,21.9207],[73.0912,21.9285],[73.0877,21.9296],[73.0791,21.928],[73.0692,21.9226],[73.0569,21.9213],[73.05,21.9337],[73.0457,21.9326],[73.0444,21.9278],[73.0385,21.9263],[73.0371,21.9195],[73.0199,21.9192],[73.0,21.9125],[72.9981,21.9146],[72.9952,21.9235],[72.997,21.9286],[73.018,21.9407],[73.0366,21.9371],[73.0515,21.9385],[73.0555,21.9456],[73.0517,21.9759],[73.0704,21.9835],[73.0643,22.001],[73.0757,22.001],[73.0682,22.0085],[73.0574,22.0106],[73.0526,22.0082],[73.0512,22.0038],[73.0394,22.0007],[73.0319,21.9959],[73.0254,21.9969],[73.0234,22.0005],[73.0167,22.0049],[73.0144,22.0095],[73.0103,22.011],[73.0087,22.0153],[72.9986,22.0181],[72.991,22.0268],[72.9869,22.0416],[72.9808,22.0473],[72.974,22.0472],[72.9708,22.0457],[72.95,22.048],[72.9357,22.0391],[72.9315,22.0393],[72.929,22.0437],[72.9252,22.045],[72.9125,22.0447],[72.9238,22.0536],[72.9224,22.0581],[72.9073,22.0665],[72.9064,22.0772],[72.9027,22.082],[72.901,22.0902],[72.8923,22.0903],[72.8875,22.0919],[72.884,22.0959],[72.8768,22.1081],[72.8774,22.1129],[72.8816,22.1162],[72.8829,22.1196],[72.8816,22.124],[72.876,22.1371],[72.8701,22.1375],[72.867,22.1411],[72.8661,22.1504],[72.8683,22.1557],[72.8853,22.1662],[72.8906,22.1658],[72.8919,22.1627],[72.8978,22.1605],[72.9177,22.162],[72.9305,22.1696],[72.9286,22.1816],[72.9238,22.189],[72.9185,22.1907],[72.9004,22.183],[72.8967,22.1773],[72.8921,22.1747],[72.8869,22.173],[72.8823,22.1757],[72.8801,22.182],[72.8797,22.1996],[72.8648,22.2257],[72.8696,22.2235],[72.8779,22.2238],[72.8863,22.2307],[72.901,22.2329],[72.906,22.2399],[72.9104,22.2432],[72.9196,22.2607],[72.9196,22.2696],[72.9153,22.2782],[72.9129,22.2895],[72.9164,22.2986],[72.9255,22.3046],[72.9383,22.3013],[72.9476,22.2945],[72.952,22.2882],[72.9498,22.2691],[72.951,22.2627],[72.9585,22.2604],[72.9717,22.2599],[72.9746,22.2486],[72.9784,22.2477],[73.0003,22.2582],[73.0097,22.2648],[73.0271,22.2812],[73.037,22.293],[73.0531,22.3023],[73.0605,22.3089],[73.0629,22.3134],[73.0627,22.3234],[73.0501,22.3532],[73.0496,22.3647],[73.0519,22.3684],[73.0645,22.3791],[73.0729,22.3907],[73.0737,22.3953],[73.0682,22.4143],[73.0676,22.426],[73.0783,22.4387],[73.0906,22.449],[73.0938,22.4544],[73.0903,22.4783],[73.0893,22.4986],[73.0924,22.5068],[73.0963,22.5097],[73.124,22.5179],[73.1393,22.5271],[73.1477,22.5413],[73.1555,22.5665],[73.1576,22.5833],[73.1595,22.587],[73.1684,22.5931],[73.1932,22.605],[73.205,22.6159],[73.2183,22.6196],[73.2277,22.6315],[73.2417,22.644],[73.2658,22.6601],[73.2691,22.6689],[73.2689,22.6747],[73.2639,22.69],[73.2567,22.7027],[73.2536,22.7154],[73.2536,22.7263],[73.2567,22.7371],[73.2608,22.7671],[73.2697,22.775],[73.2813,22.7789],[73.3205,22.7804],[73.3512,22.7893],[73.3592,22.7833],[73.3627,22.7729],[73.3622,22.7678],[73.3803,22.7567],[73.381,22.7846],[73.3791,22.7953],[73.3839,22.7953],[73.3864,22.8068],[73.3984,22.8062],[73.4074,22.809]],[[74.1777,22.3934],[74.175,22.4011],[74.1742,22.4152],[74.1726,22.4187],[74.1691,22.4187],[74.1664,22.4159],[74.159,22.413],[74.166,22.406],[74.1672,22.3962],[74.1778,22.3885],[74.1793,22.3906],[74.1777,22.3934]]],[[[72.8551,22.2718],[72.8661,22.2717],[72.8912,22.2598],[72.899,22.2585],[72.9099,22.2601],[72.9026,22.2507],[72.8946,22.2457],[72.8835,22.2424],[72.8668,22.2426],[72.8643,22.2443],[72.8621,22.2501],[72.8596,22.2524],[72.8557,22.2643],[72.8551,22.2718]]]]}},{"type":"Feature","properties":{"district":"Valsad","state":"Gujarat","censuscode":491},"geometry":{"type":"Polygon","coordinates":[[[73.4076,20.6259],[73.4193,20.6242],[73.4224,20.6202],[73.4308,20.601],[73.4292,20.5972],[73.432,20.5948],[73.4465,20.5943],[73.4726,20.5833],[73.4756,20.5781],[73.4777,20.5637],[73.4736,20.543],[73.4926,20.5399],[73.4765,20.5254],[73.4686,20.5217],[73.464,20.5137],[73.4677,20.4947],[73.4615,20.492],[73.4527,20.4778],[73.4475,20.4751],[73.4406,20.4664],[73.4294,20.4455],[73.4273,20.4358],[73.4223,20.4286],[73.4212,20.4142],[73.4143,20.4141],[73.4077,20.4105],[73.4072,20.406],[73.406,20.4055],[73.4044,20.4076],[73.4001,20.404],[73.4008,20.4012],[73.3989,20.3961],[73.389,20.3991],[73.3868,20.3978],[73.3826,20.39],[73.3815,20.38],[73.3828,20.3727],[73.3893,20.3746],[73.3944,20.3816],[73.399,20.3837],[73.4061,20.3814],[73.4148,20.3519],[73.4174,20.3158],[73.4199,20.3117],[73.4221,20.2979],[73.4282,20.2819],[73.4275,20.2788],[73.4159,20.2767],[73.4144,20.2735],[73.4157,20.269],[73.4116,20.2569],[73.4135,20.248],[73.4115,20.2421],[73.414,20.2366],[73.4136,20.2316],[73.4191,20.2153],[73.4215,20.2122],[73.4211,20.2061],[73.418,20.2014],[73.4003,20.2004],[73.3939,20.1949],[73.3892,20.1959],[73.3873,20.2015],[73.3884,20.2059],[73.3864,20.2091],[73.3747,20.2023],[73.3673,20.2052],[73.3669,20.1949],[73.3653,20.1926],[73.3579,20.1963],[73.3557,20.2009],[73.3602,20.2116],[73.3586,20.2133],[73.3527,20.2119],[73.3481,20.2025],[73.3437,20.1984],[73.3389,20.199],[73.3273,20.2041],[73.3187,20.2025],[73.3049,20.2077],[73.3019,20.2072],[73.2889,20.1962],[73.2855,20.1963],[73.2847,20.1939],[73.2844,20.186],[73.2813,20.1745],[73.2842,20.1539],[73.274,20.1458],[73.2589,20.1394],[73.2533,20.128],[73.2499,20.1247],[73.244,20.1286],[73.2285,20.1282],[73.227,20.1299],[73.2258,20.1411],[73.223,20.1407],[73.2208,20.1378],[73.2206,20.1283],[73.217,20.1227],[73.2118,20.1209],[73.2012,20.1238],[73.1909,20.1299],[73.1862,20.1401],[73.1863,20.1563],[73.1895,20.1618],[73.208,20.1683],[73.2124,20.1715],[73.2171,20.1765],[73.2195,20.1844],[73.2181,20.1872],[73.2097,20.1906],[73.2002,20.1975],[73.1861,20.1977],[73.1713,20.2026],[73.1704,20.2088],[73.1631,20.2015],[73.1591,20.1999],[73.1437,20.2024],[73.1358,20.2072],[73.1322,20.2046],[73.1316,20.2021],[73.1361,20.1876],[73.1422,20.18],[73.1424,20.1763],[73.137,20.1713],[73.1294,20.1734],[73.1258,20.1726],[73.1226,20.168],[73.116,20.1639],[73.1155,20.1614],[73.1179,20.1574],[73.095,20.1603],[73.0916,20.1644],[73.0893,20.1729],[73.086,20.1745],[73.0833,20.1742],[73.0797,20.1707],[73.0762,20.1573],[73.0722,20.1569],[73.0652,20.1604],[73.0621,20.1638],[73.0641,20.1928],[73.0628,20.1965],[73.0563,20.1982],[73.054,20.2035],[73.0601,20.2218],[73.0666,20.2301],[73.0717,20.2331],[73.0774,20.2343],[73.0918,20.2292],[73.1004,20.2324],[73.0984,20.2388],[73.1146,20.257],[73.1269,20.2607],[73.1327,20.2688],[73.1328,20.2755],[73.1364,20.2807],[73.14,20.2803],[73.1437,20.2772],[73.1454,20.2856],[73.1484,20.2906],[73.1515,20.292],[73.157,20.2836],[73.1593,20.2825],[73.166,20.2843],[73.1691,20.2866],[73.1698,20.29],[73.1673,20.301],[73.1674,20.3125],[73.161,20.3107],[73.1558,20.3161],[73.1516,20.3173],[73.132,20.3176],[73.1294,20.3098],[73.1244,20.3055],[73.1029,20.3052],[73.1044,20.3109],[73.1066,20.3129],[73.1089,20.3264],[73.112,20.3331],[73.1116,20.3366],[73.1043,20.353],[73.0974,20.3609],[73.0934,20.3606],[73.0914,20.3563],[73.0874,20.3353],[73.0808,20.3271],[73.0762,20.3264],[73.0726,20.3294],[73.0651,20.3299],[73.0614,20.3274],[73.0449,20.3255],[73.0403,20.3233],[73.0374,20.3169],[73.0373,20.3048],[73.0356,20.2928],[73.0339,20.2914],[73.0269,20.2909],[73.0162,20.2945],[73.0166,20.3042],[73.0144,20.3131],[73.0095,20.3178],[73.0072,20.3158],[73.0118,20.2974],[73.0101,20.2913],[72.9931,20.2935],[72.9799,20.2925],[72.9789,20.2779],[72.9735,20.2721],[72.9639,20.2722],[72.9592,20.2752],[72.9468,20.2882],[72.9353,20.2939],[72.9307,20.2926],[72.9274,20.2885],[72.9196,20.2845],[72.9138,20.2792],[72.9115,20.2749],[72.9129,20.2687],[72.9301,20.2473],[72.9471,20.2416],[72.959,20.2344],[72.9638,20.2263],[72.9648,20.2196],[72.9637,20.2154],[72.9586,20.2114],[72.931,20.2183],[72.9176,20.2239],[72.8944,20.2268],[72.8889,20.2222],[72.8733,20.2272],[72.8635,20.2264],[72.8608,20.2232],[72.8609,20.2088],[72.8439,20.2097],[72.8391,20.2086],[72.8349,20.2042],[72.8329,20.1984],[72.8384,20.1899],[72.8322,20.1907],[72.8242,20.1883],[72.8223,20.1842],[72.8175,20.1573],[72.8228,20.1504],[72.824,20.1453],[72.8209,20.1447],[72.8146,20.147],[72.8044,20.154],[72.7906,20.1492],[72.7892,20.146],[72.7897,20.1385],[72.7937,20.1277],[72.7903,20.1257],[72.776,20.1308],[72.7501,20.1323],[72.7293,20.1368],[72.7354,20.1574],[72.7375,20.1902],[72.7434,20.1967],[72.7456,20.2021],[72.7485,20.2037],[72.7507,20.203],[72.7546,20.2091],[72.7573,20.2101],[72.7563,20.2104],[72.7691,20.2108],[72.7694,20.2125],[72.7698,20.2147],[72.7679,20.217],[72.7608,20.217],[72.7536,20.2159],[72.7484,20.2101],[72.7449,20.2112],[72.7425,20.2292],[72.7384,20.235],[72.7378,20.2462],[72.7446,20.2625],[72.7475,20.2659],[72.7519,20.2939],[72.7603,20.3127],[72.7589,20.3311],[72.7598,20.3347],[72.7765,20.3577],[72.802,20.3742],[72.8233,20.3686],[72.8296,20.3697],[72.8415,20.3754],[72.8541,20.373],[72.8643,20.3734],[72.8809,20.3696],[72.8935,20.3721],[72.8964,20.3767],[72.8956,20.3804],[72.8887,20.3842],[72.8869,20.3872],[72.8863,20.3934],[72.8895,20.3983],[72.9004,20.4053],[72.9033,20.4103],[72.9026,20.4152],[72.8958,20.4214],[72.8689,20.4158],[72.8651,20.4162],[72.8603,20.4196],[72.8593,20.4244],[72.8681,20.4344],[72.8734,20.4442],[72.877,20.4446],[72.8888,20.4392],[72.8928,20.4417],[72.8933,20.4454],[72.8825,20.4628],[72.8743,20.463],[72.8578,20.4666],[72.8446,20.4746],[72.8519,20.4838],[72.8681,20.4993],[72.873,20.5064],[72.8707,20.5356],[72.8733,20.5476],[72.8773,20.555],[72.8842,20.5622],[72.8858,20.5715],[72.8827,20.6102],[72.8632,20.6774],[72.8499,20.7098],[72.845,20.7311],[72.8524,20.7345],[72.858,20.7238],[72.8687,20.7209],[72.8763,20.7282],[72.8787,20.7294],[72.8831,20.728],[72.8983,20.7356],[72.9309,20.7343],[72.945,20.7225],[72.9551,20.7193],[72.9623,20.7206],[72.9655,20.741],[72.9731,20.7427],[73.0001,20.7276],[73.0033,20.7232],[73.0135,20.7226],[73.0186,20.7156],[73.0289,20.7099],[73.0309,20.7061],[73.0364,20.7028],[73.0466,20.7023],[73.0433,20.6832],[73.0403,20.6807],[73.0371,20.6828],[73.0287,20.6752],[73.0355,20.6669],[73.0439,20.6614],[73.0484,20.6603],[73.0569,20.6619],[73.0633,20.6576],[73.0679,20.657],[73.075,20.6516],[73.0722,20.6428],[73.0674,20.6353],[73.0665,20.6305],[73.0694,20.6221],[73.073,20.6196],[73.0688,20.6055],[73.0724,20.6035],[73.0744,20.6],[73.102,20.5977],[73.1051,20.6041],[73.1105,20.6046],[73.1252,20.6002],[73.1366,20.5997],[73.1418,20.6007],[73.1507,20.6068],[73.1557,20.6059],[73.1831,20.5923],[73.2007,20.5908],[73.2055,20.5925],[73.2156,20.6036],[73.2259,20.6023],[73.2261,20.5964],[73.246,20.5935],[73.2486,20.5909],[73.2484,20.5873],[73.254,20.5881],[73.2603,20.5812],[73.2705,20.5819],[73.2789,20.5843],[73.2971,20.5947],[73.3003,20.5909],[73.3095,20.5917],[73.3134,20.5944],[73.311,20.5967],[73.312,20.599],[73.3149,20.5987],[73.3174,20.6023],[73.3226,20.6018],[73.3257,20.5994],[73.3284,20.6019],[73.333,20.6009],[73.3381,20.605],[73.3531,20.6065],[73.3589,20.6134],[73.368,20.6172],[73.3714,20.6144],[73.3804,20.617],[73.3846,20.6135],[73.3939,20.6172],[73.4076,20.6259]]]}}]}